pc1,pc2,cluster,tier,readmit_30,patient_nbr
-2.0180347930703983,-0.5065382013443009,1,Moderate,0,50428908
0.016140662885160695,-0.4203172234741731,1,Moderate,0,2568159
-0.8345950128934377,-0.6676027044005868,1,Moderate,0,42109704
0.4847390777303367,-0.11645135837841569,0,High,1,71875467
1.2218469348947103,2.136281433447474,2,Critical,0,39030291
0.5975907553603375,0.6146880724011826,0,High,0,97776801
-0.1677100225130321,1.082377372009662,3,Low,0,84696894
-0.534505040663934,-1.44734372024784,1,Moderate,0,65249856
-1.9721899553198188,-1.0457261848583705,3,Low,0,19511226
-0.4220700231113204,-0.27130767155435986,1,Moderate,0,58119732
-0.6663432037073587,-1.0075231130183733,1,Moderate,0,2856807
-0.9577748551179448,-0.7326654198956555,1,Moderate,0,23507280
0.8611325741001807,-0.019095709975163976,0,High,0,35876394
-0.5349910245044895,-1.1619821180751648,1,Moderate,0,86346549
-1.854241995975893,0.5797171356617619,3,Low,0,42903504
-1.6321134853304498,2.2428578735854474,3,Low,0,84314358
-0.7272423492372951,-1.309993610033332,1,Moderate,0,38777580
-1.0568329138142338,-1.2857816025467268,1,Moderate,0,23861448
1.1149919571143292,-1.7219188824055325,1,Moderate,0,31303611
-1.821036748246814,-1.6617944682821888,1,Moderate,0,98268633
-0.22419673933125198,0.7141840842076506,1,Moderate,0,102588120
1.1854895677069712,-0.7431329456824101,0,High,0,61122384
-0.307364499111351,-1.1042116661164267,1,Moderate,0,96755373
-0.6210377688035309,-0.5048655105903685,1,Moderate,0,109224387
0.4166487848916587,-0.0642227340581873,1,Moderate,0,114807060
-1.6695505472388763,0.3581675181586443,3,Low,0,3805614
0.3830714682575595,-0.660234394364816,1,Moderate,1,18796203
1.352939420352039,0.2936782239583224,0,High,0,41049405
1.3569761879294353,0.2766441830780645,0,High,0,94012839
0.13396943421911062,-0.10815630619844831,1,Moderate,0,58086774
-1.5387008086348872,0.9650452909307056,3,Low,0,23537439
-0.6624140175060682,-0.34431311354601973,1,Moderate,0,44108136
-1.3131248857513438,3.8359864029460615,3,Low,0,33105717
-0.2703883586526806,2.262727459267977,2,Critical,0,102799071
1.7353634983661295,0.06307789683268111,0,High,1,44485596
1.7613097341961155,1.0903806087383627,0,High,0,108482409
-0.9409644430347032,-0.4826127424264503,1,Moderate,0,41120514
-0.8391094966965001,2.3159628921800564,3,Low,0,84611205
-3.121962627002194,-0.04655920327901454,3,Low,0,3255786
-2.7673773981971044,0.560299697933695,3,Low,0,97245045
-0.3091418517016401,-1.2315798320031859,1,Moderate,0,77792202
-0.6758726105372339,0.12550996427664246,3,Low,0,84804156
0.2099104187101205,3.6933815902582405,2,Critical,0,72769500
-0.2046862302786134,1.0905986632093774,3,Low,0,25117038
1.9666089084523153,1.8739393338209882,2,Critical,0,23745006
1.8529318557204144,0.30696219593664514,0,High,1,104976333
2.328900064207847,2.4763425516316624,2,Critical,0,81028080
0.8050604687150252,-0.3872358774539778,0,High,0,105195609
0.7356543930585598,-1.641747894005089,1,Moderate,0,63811422
-1.2608712158863211,-1.6195050927241024,1,Moderate,0,85136535
-1.5675232358516002,-0.14646126356268493,1,Moderate,0,41906367
-1.7235262637602848,0.6213963146011903,3,Low,0,102726612
2.253320687456656,1.4497408948823551,0,High,0,75826404
1.439895959839263,-0.2846927862421124,0,High,0,103603644
-0.20639946721365088,0.13176954715444608,1,Moderate,0,114645501
0.9936967441162676,0.0394992214893167,0,High,0,112364487
0.5159192393793146,2.602806350270771,2,Critical,0,19921905
3.4915806903664683,-1.61592793131165,0,High,0,46662885
-0.5025780344663051,-0.4499508594156199,1,Moderate,0,23555718
-1.19943971568727,0.21153318829230158,1,Moderate,0,23521833
3.2413749034631736,0.8684298119674699,0,High,0,23590854
4.209085947472509,0.5468680559396993,0,High,0,42648156
0.8875004516403032,-1.595049797553705,1,Moderate,0,93184650
5.374646373168578,1.4049339081525951,0,High,0,24468183
-0.8108150199873522,-0.6186362319915439,1,Moderate,0,538632
0.5216724474436707,0.42565590468252484,0,High,0,111216789
0.24664220539601042,-1.1061276525580213,1,Moderate,0,91867221
1.4296495506681468,-0.9611203867497005,0,High,0,66025035
-0.5559940553013523,-0.9229626714165189,1,Moderate,0,9796311
-1.1654494867711638,-0.5658161258247381,1,Moderate,0,3152322
0.015260605986400971,-0.5115756081964207,1,Moderate,0,69116283
0.8809932857029412,1.2682035481882166,2,Critical,0,45439470
0.6060548286879404,0.7907592852360351,0,High,0,51531336
1.337463382063921,1.0558622264775073,0,High,0,51220467
1.4550426438939972,0.08977646457282251,0,High,0,24367122
0.27007809624005,0.6549987472191928,1,Moderate,1,35387685
1.7185309993048212,1.0659421099472313,0,High,0,23474277
-1.2099797736183326,2.222249728840098,3,Low,0,9402138
-0.06134852906872365,-1.4587396317193198,1,Moderate,0,4303989
-1.7802517251861785,-1.63317591852367,1,Moderate,0,85842990
-1.8593752426598402,0.3517801045473046,3,Low,0,58740948
6.374862900927925,-0.7771488940638103,0,High,0,25027281
-0.11725743692259988,-0.40559950370022385,1,Moderate,0,110452059
1.1170723092331847,0.6822813608610432,0,High,1,91633059
4.0866368736959195,-0.16840620224990455,0,High,0,4404051
-1.8699653318212477,-2.102895368627896,1,Moderate,0,39727134
4.352598062377681,-0.70454675496638,0,High,0,73332063
-1.9742698153082237,-0.28786270431805794,3,Low,0,4295016
-0.7462514766151045,1.9934586842879956,2,Critical,0,106757478
-0.7124945895876512,0.9840768435454859,3,Low,0,60372090
0.699923502121863,-0.6589848606781107,1,Moderate,0,23423382
-0.4654301654963519,0.7158100047204665,1,Moderate,0,86230944
-0.4612732573962533,-0.40877302317018965,1,Moderate,0,633906
0.4359650907927745,1.6129891004583803,0,High,0,82922868
0.2263391360086587,0.14514516964089597,2,Critical,0,27762435
1.1727381018637322,1.241187437397821,0,High,0,3395241
0.40417713917417836,0.8361311652623442,2,Critical,0,29839869
-1.6557059015533122,1.762629001670942,3,Low,0,493074
0.7476694468648654,-0.2153529296964289,1,Moderate,0,66522753
-0.33111232955272146,-0.42797082098546657,3,Low,0,95656221
-2.567291385090903,-0.4989499378700489,3,Low,0,164776937
0.7150689957565229,0.3649347165820535,0,High,0,784008
0.6238018583419357,0.1681085765457976,0,High,1,54698949
-1.1616253403663592,-1.9755959212945937,1,Moderate,0,23954787
-0.6797616832957804,0.2535055737147648,3,Low,0,5395032
-0.8033939556921391,-0.4755978293071594,1,Moderate,0,29971827
2.367653399983807,2.5207033926956344,2,Critical,0,85232619
-0.5622714104239056,-0.041302769463732826,1,Moderate,0,76256631
-0.4865881109423045,-1.6048335982054267,1,Moderate,0,114052266
-0.47821041304087897,0.3048783755144269,3,Low,0,724392
-0.9652113376060955,-0.48874325202954855,3,Low,0,105559119
-0.395470196695428,1.492413349311209,3,Low,1,40422150
0.6508867368361704,-0.7725897054897787,1,Moderate,1,23644422
0.06501083644288816,-1.2355168049777763,1,Moderate,0,84382317
2.9795549785378435,0.35919293125354684,0,High,0,71712819
2.3420948437179514,0.44250165836743544,0,High,0,107003943
-1.612272527832031,-0.7619409844717842,1,Moderate,1,29866311
1.6962983586728255,0.1064418413517138,0,High,1,85281246
3.896876538843463,0.4555268900937206,0,High,0,25031520
-0.37793933649938727,-0.05208594370753718,1,Moderate,0,25566318
0.35606526474726286,-0.8299336335268666,1,Moderate,0,31807692
0.8394377441875027,-1.1617931942721098,1,Moderate,0,2197053
2.8379696734111595,0.715333239557768,0,High,0,58993956
0.18582239197512407,-0.5986494113489749,1,Moderate,0,57004335
0.9332441696133003,-1.5761531510568487,1,Moderate,0,31237452
-2.603791876238321,2.0029392527918155,3,Low,0,84773808
4.070286586567558,-1.6280895367210357,0,High,0,25162731
-0.7868403226930797,0.35941409828342286,1,Moderate,0,23517009
0.6682904168795286,0.8468754648273414,0,High,0,99955872
-0.9013065116014503,3.0915594700864597,3,Low,0,56980809
-2.043186784748103,1.911526894105526,3,Low,0,23895135
-1.6895552382309034,-0.4218377245547559,1,Moderate,0,98077113
0.3246406522147475,0.4999919285230759,1,Moderate,0,24984423
5.551825472687628,-0.06150533430334245,0,High,0,108279495
-1.7091751576195484,0.8637705553587101,3,Low,0,76018410
-0.38118983704804543,0.493633321937333,1,Moderate,0,898470
1.1989397906464045,-0.32249928053975213,0,High,0,3546603
-0.3334127080763906,1.303555612245083,2,Critical,1,76430448
0.5542428875338848,-0.7808278244490218,1,Moderate,0,24843537
0.8535457371923437,-1.5360521795227624,0,High,1,20925720
-0.5085863061865339,-0.8792027426645822,1,Moderate,0,86148459
0.4695729857044479,-0.2682203205378921,1,Moderate,0,3738375
0.21792543563769004,-0.9033656229867649,1,Moderate,0,87162957
-0.9694243957274271,-1.2500272478214947,1,Moderate,0,58625325
-0.7784313492891158,-0.8763398851926896,1,Moderate,0,34937658
-0.24279405500945533,0.14112829471718316,1,Moderate,1,41569434
0.2570610887030398,0.9916204687080699,0,High,0,21372282
0.23995408672453383,-0.3537736151725129,1,Moderate,0,86938281
-0.2154727515236198,0.40412851766892766,1,Moderate,0,38916837
1.6486932221791601,-0.7573906173041632,0,High,0,52560540
0.6864428635399958,1.884163912924863,0,High,0,28379349
-2.458956461841675,1.140107691321257,3,Low,0,23226003
1.209298864325309,0.038598753860988,0,High,0,1294677
2.0748346090456553,-1.3466838843412348,0,High,0,111559338
0.7566828141007194,-0.8466227240845182,1,Moderate,1,58670181
0.34572495894705657,0.8346859851465734,1,Moderate,0,50829453
1.7049904117376953,0.008100332326601723,0,High,0,14780889
0.7181407872493171,0.19330194124195668,0,High,0,107120115
-2.5959184809719975,0.13931414728850908,3,Low,0,11575179
0.9317705290479669,0.11482768601485317,0,High,0,10916118
0.4807473161395242,-1.1311846422757532,1,Moderate,0,344844
-1.9323464091745988,-0.1417473311123074,3,Low,0,24857712
-1.9508036353529719,-1.4101351707751077,1,Moderate,0,62620263
0.06455928471302134,-1.3220150131479416,1,Moderate,0,95150115
1.3610294795512659,-1.7077644244768775,1,Moderate,0,43161183
0.0847215548826169,0.5797562103712002,2,Critical,0,53953623
-0.6774110241461189,0.4975495285997615,1,Moderate,0,11262717
1.0225419989104656,-0.5012899104932984,0,High,0,107410068
-0.4444898631672335,-0.6547244287892187,1,Moderate,0,18817632
-0.28919212902261954,1.5465072001503566,3,Low,0,3771855
2.328774290064639,0.09237482509312321,0,High,0,44024760
-1.1775857959878357,-0.912541615212372,1,Moderate,0,43724907
1.9955454471457117,-1.4353205518714263,0,High,0,35752293
-1.0094948745686343,-1.4348840480389693,1,Moderate,0,87113925
-0.397137924628168,-1.257146503524736,1,Moderate,0,24101100
-2.248181000565457,-1.3640375457264564,1,Moderate,0,84345759
0.42373285760586726,0.8816304844113826,0,High,0,66526380
-1.5588163988463588,0.7397773807113034,3,Low,0,33375582
-3.0535537529764323,0.444332219179657,3,Low,0,40802130
1.8206242866563542,0.030505623377852443,0,High,0,62079390
-0.4840040175738153,2.045401835294731,3,Low,0,98545338
0.15062049702343352,-2.0358006616162734,1,Moderate,0,84552939
-2.1977353314092754,0.2951004650121053,3,Low,0,41899392
-0.042939791170173575,0.7101412519925929,3,Low,0,75749301
-1.096130554937807,-0.1994901514918446,1,Moderate,0,59656212
-0.2981837839468562,-1.3677923331409019,1,Moderate,0,23362623
0.08102950288522198,-1.3496834337609787,1,Moderate,0,103972581
0.2727620551221826,0.3264739085943115,2,Critical,1,24540075
1.5077586415180042,-1.3209509297905093,0,High,0,23295204
-1.1293253384927182,-0.04433450360875528,1,Moderate,1,19655577
-0.8303453344158617,0.4551416917878907,3,Low,0,41873553
0.4184783579572934,-0.40019783188642166,0,High,0,32595705
-1.6991557528678416,-0.1840111683500693,3,Low,0,23586957
-1.8950853799495184,-0.1877086740317408,3,Low,0,20871441
-1.2940589074683193,-0.3370522196704409,1,Moderate,0,53229249
-0.7881522799775519,-0.1603604673922733,1,Moderate,0,81697374
3.127341610671276,0.7690228467710354,0,High,0,65021265
4.186156269526082,-1.180522497533004,0,High,0,97641216
-1.5175222219474453,1.4340148821890746,3,Low,0,23745006
-0.4128503074280715,1.4526767142305967,3,Low,0,734211
1.9137784493160177,-0.6907802454088219,0,High,0,23520366
0.20856654794433752,-0.0315525118988357,0,High,0,87051600
-0.3776772517386521,0.3309808179541541,1,Moderate,0,92402253
-0.9240662968074053,-0.2530118915133377,3,Low,0,103201308
-0.41823958580467024,1.1817519126742018,3,Low,1,24475770
2.92500024528713,0.8017853122603553,0,High,0,106979787
2.6156043143143943,1.6290871213546347,0,High,0,41351472
0.25006188872736757,2.018379033758391,2,Critical,0,33384042
-1.5665330333079308,0.07624656141724695,3,Low,0,23606541
0.37694135440091614,-0.10697507307630655,1,Moderate,0,41295951
-1.6934506796439304,-0.09993096560240766,3,Low,1,10393776
0.43614653412755594,-0.25680156971645535,1,Moderate,0,51120891
-0.056559570008460486,0.7978997473436114,1,Moderate,0,63159822
-2.750660669101536,-1.5249598713829169,1,Moderate,0,59265036
0.39781074425331236,-1.555520213679937,1,Moderate,0,86327793
-0.562784510112827,-0.6354705141730023,1,Moderate,0,23462379
0.14939156045640503,-0.07264459081332619,1,Moderate,0,97245045
2.2524313179578184,-0.4339788905381359,0,High,0,65622492
3.4471325284443366,-0.6459209316112065,0,High,0,65227599
-0.9032709524285094,-2.0175329031346725,1,Moderate,0,42519897
-2.242257392026837,-0.8907257192780141,3,Low,0,72348129
-0.40472845924400597,-1.2380158385437419,1,Moderate,1,91118817
0.9542914420384522,-0.5322497193788641,0,High,0,4017933
0.4673319941704535,-2.2718236388366293,1,Moderate,0,138118379
1.7741646868313097,0.40404890603002336,0,High,0,43426260
-0.32901817863279964,1.4490775228191872,3,Low,0,73990854
-0.4388139941431158,-0.8751777106501386,1,Moderate,0,31826583
-1.7699066568992783,0.29159506944307423,3,Low,0,23939595
3.5846093491543436,2.3310060055808903,2,Critical,0,66962466
-1.6772036505480812,0.5715490383766815,3,Low,0,3446118
0.5677376574833171,-0.6525815282215646,1,Moderate,0,21850101
-1.8131112686304167,0.308764433103885,3,Low,0,85162293
1.1353680029122983,-0.2899934306256733,2,Critical,0,25179300
-0.36032015049027916,-1.0129846207721727,1,Moderate,0,43375707
-1.1191373792168393,1.3660002764424282,3,Low,0,81689994
-0.797081930933081,1.175003182854068,3,Low,1,24177069
1.1876254334656413,0.24659462342304841,0,High,0,65693106
0.35997226733564924,-0.2140542852470125,1,Moderate,0,95542245
0.8712674286239115,-1.3266857285913847,0,High,0,105139305
0.2512034874776402,-1.8862861562717452,1,Moderate,0,40436973
-2.2178497929299152,0.67303974578284,3,Low,0,104914809
-0.3099517522554204,0.2644674230571234,3,Low,0,22674024
-2.075428010895317,-0.5544425808259472,3,Low,0,23409945
-2.2652083674002794,1.3828958288279731,3,Low,0,20890107
1.025628007413762,-0.6626798352570815,0,High,0,18819459
1.6803499534623973,0.7461949794057396,0,High,0,89973036
2.57189764216876,1.221204613797842,0,High,0,100541574
-2.5338826916072406,4.506224633645879,2,Critical,0,2594745
0.43327454582471975,0.05496565786911445,1,Moderate,1,38939895
0.0681679947735198,-0.8472621485829318,1,Moderate,0,3788217
0.7477401921631774,5.992310100444384,2,Critical,1,23643405
0.018432577474674045,1.8476024231685912,3,Low,0,71202033
-1.8191506261213013,-0.3813436365081952,1,Moderate,0,160190609
1.8102190292365656,1.0080502195336576,2,Critical,0,99938277
-0.451253804734872,-0.2625223046998255,1,Moderate,0,94156767
-0.31587779988992887,0.05244074473490885,1,Moderate,0,92732283
-1.2410444812603498,-0.5139323576030478,1,Moderate,0,86323644
-1.888456525926731,0.9482475882131471,3,Low,0,46387872
0.3704774582664686,-1.583533091889816,1,Moderate,0,1337787
-1.086611906126246,0.3576925287726515,3,Low,0,43242723
0.40869041006252915,1.0554418466583566,3,Low,0,76494231
-1.0361652815011344,-0.2713995444956319,1,Moderate,0,97670268
-1.2437048699405722,2.644098131418705,3,Low,0,43041681
-0.869405374728394,-0.44904255838195545,1,Moderate,0,42448851
-0.18024570647422342,0.8881890766491277,1,Moderate,0,39626514
-0.7035340510549449,-0.542326063382529,1,Moderate,0,110942613
0.2514414950340645,-1.8349876408276764,1,Moderate,0,38813823
-0.16693865623231494,-1.2476022346514628,1,Moderate,0,114997608
0.09973121261248472,1.5066887034254204,2,Critical,0,100461672
1.1821715485991802,0.7740511635857784,0,High,0,25415604
-0.6732769411696743,-1.0743585634226085,1,Moderate,0,62162577
-1.1145933004005038,-1.9066872576353375,1,Moderate,0,69971472
-2.628294447475918,1.012240571447544,3,Low,0,62933760
1.74941357710079,-1.0096008978048165,0,High,0,64805085
-0.05183572648629599,0.7793468405241681,1,Moderate,0,122809118
-2.471243958044414,1.7279940261640225,3,Low,0,89783919
0.5581184860274617,0.6221795790232936,2,Critical,1,5287950
0.48426541912039955,1.3573031595948049,2,Critical,0,21850101
1.0015744514547524,-0.14717828269918956,0,High,0,42091425
-1.4606036884590319,0.652125256957555,3,Low,0,56148282
-0.31491199976906337,0.19589808159631358,1,Moderate,0,58585113
0.6800954374975692,-0.9175423879434554,1,Moderate,0,92496393
0.634046179103813,0.17041895859843095,0,High,0,175742465
-2.172868484729137,1.0829318626714775,3,Low,0,59259312
-0.13095567730731822,1.180644929090418,2,Critical,0,86241276
0.11394601497901943,-0.6285412459387973,1,Moderate,0,32362947
1.455892268158673,-0.12692504626140153,0,High,0,41309748
-0.7509712878625954,-1.5386808355704786,1,Moderate,0,182136515
1.4304401032047454,-0.09144388569690207,0,High,0,16762293
1.7640252772271736,2.0786366255138256,2,Critical,0,102876831
-1.9900991857765273,-1.3001983589397756,1,Moderate,0,24106986
2.255412426486972,0.09815305988993972,0,High,0,89305596
1.5157632014640467,0.7873065330709147,0,High,1,88308261
-0.49252172193463883,0.21120879535947243,1,Moderate,1,114841287
-1.3019198547183628,0.37506835228996616,1,Moderate,0,23295204
-0.47691616499388867,-1.3044017568418853,1,Moderate,1,3476394
-0.1771945379133544,-1.506938011465552,1,Moderate,0,111576771
0.12532314545322176,-1.0073991141562004,1,Moderate,0,41365926
-0.05226455502245338,-1.966394001723522,1,Moderate,0,43509087
-1.2918720893470166,-1.5459276819045045,1,Moderate,0,23607054
-2.741499524796832,0.5987618771350544,3,Low,0,86342967
-0.4093496332755578,-0.4796570058592519,1,Moderate,0,3647862
0.6967225207728152,-1.0512331204629908,1,Moderate,0,940617
-1.126976315661011,-0.7645530423067571,1,Moderate,0,23896188
-0.8083847311649984,1.3312779060673925,3,Low,0,5073642
-0.583828066266298,-1.4703356685201905,1,Moderate,0,65554596
-2.2603849483359806,-0.8119800272371819,3,Low,0,17967384
-2.106737337449379,1.5683728177805998,3,Low,0,23891382
-0.5287536554589954,-0.515102124686949,3,Low,0,10770651
1.5993237912606468,1.6571380250562115,0,High,0,46143333
-0.464992267057863,2.9371660859790527,2,Critical,1,88785891
0.8892672616745906,-0.04625564678271002,2,Critical,0,23483601
2.213895774988171,1.0798829189014088,0,High,0,105044661
1.625339505099541,-1.280934472208387,0,High,1,21319938
-0.5658857237390205,0.08706032588815181,1,Moderate,0,94244175
-0.77960933145275,-1.067258152115458,1,Moderate,0,58479039
0.6458020179843955,0.1343903749770174,2,Critical,0,78631938
-0.27666991200088403,0.8859002189305487,2,Critical,0,32321799
-2.5172748141535033,-0.12469400765784422,3,Low,0,71285949
-0.9397379332927931,-0.0470836535041574,3,Low,0,109701513
-0.3968942800116119,0.6807568885759792,3,Low,0,19227726
0.8989536645488143,6.794123865707499,2,Critical,0,88785891
-1.3126653034233524,0.6581474572799854,3,Low,1,23195628
-3.6164087623469263,1.2146970913306654,3,Low,0,24566994
-3.1946108418717722,-0.3891207124919635,3,Low,0,74276694
1.8028240089940173,0.29889321100177085,0,High,0,42506523
-1.3766879030643853,-1.9892544082785963,1,Moderate,0,93377601
-2.8433697554955963,1.3827934594983333,3,Low,0,111779820
-0.568050838240723,1.1369877900091232,3,Low,0,41645592
1.5877055706772394,-1.1783665273230652,0,High,0,43617591
4.319391196736648,1.7435489516035987,0,High,1,5822073
-0.276556042851237,-1.606532195267644,1,Moderate,0,54684450
0.8759899595434372,0.49591329377035615,0,High,0,34248078
-0.3001971844300227,-0.29053940164843134,1,Moderate,0,95434488
1.7078021948475441,0.770275865635369,0,High,0,78554124
-0.4309497311429638,-0.6192853654079836,1,Moderate,0,3183093
1.8300641194337237,0.7913735835137113,2,Critical,0,101088513
-0.2944593162731735,-0.5992195339936025,3,Low,0,59088537
-0.1711974755952558,-0.2744341118427699,1,Moderate,0,46320417
0.7531002237574654,-0.1927043070252866,1,Moderate,0,109340271
0.0854351140567707,0.9583328412437757,3,Low,0,75605913
1.2436480579512674,0.2823905530738721,0,High,0,97624791
0.797117704352518,0.3157941385545084,0,High,0,20441772
-0.5427460908845984,0.4402423851403241,1,Moderate,0,82249416
1.2990018168316828,-0.5782217530056253,0,High,0,44204553
0.6210407771718794,0.8322854726095382,2,Critical,0,14777334
-0.1388587969518242,-0.4321311823400592,1,Moderate,0,17367471
0.3925629834065331,-0.34807601862593157,0,High,1,44274708
-0.1357662553604009,-0.8828500246303896,1,Moderate,1,8041437
-0.05483533679201656,-1.7249404312276002,1,Moderate,0,108170478
4.987029587538258,1.6382937169324168,0,High,0,84468114
1.4242167887372446,0.8839602681563387,0,High,1,60460110
-0.14449256933133842,0.38615539240191027,1,Moderate,0,67958775
1.573948062802828,-2.7380354793080084,1,Moderate,0,94072221
-2.6364738410142055,1.196500200266699,3,Low,0,90302814
-1.0311686914932336,-1.558753474107307,1,Moderate,0,85168773
1.6389775451771988,-1.2550250682483612,0,High,1,4042314
-0.4604906285112273,-0.482137233437163,1,Moderate,0,25265502
-0.3120456065931503,-0.8033153736065202,1,Moderate,0,40479021
-1.4210886883796192,-1.4343873733490948,1,Moderate,0,40529979
0.826318188720674,-1.264442186294245,1,Moderate,0,10669761
-0.9731622403132536,-0.5786925790286258,1,Moderate,0,24433128
-0.7681566809997834,0.6549977016957725,3,Low,0,89391123
2.8973490061946205,1.1226855139509142,0,High,0,60120027
-1.1930644289648353,-0.40392234593145615,3,Low,0,103773060
1.473262251320727,1.2007388629168396,0,High,0,58133943
0.2506162907419926,-0.44735591207550846,1,Moderate,0,83065410
0.4743378761799984,-0.709350514947896,1,Moderate,0,92979315
0.8055687105534157,0.050679624555860225,1,Moderate,0,57989574
-1.9797818980802913,1.9449587171927072,3,Low,0,52771536
-1.2562235078855735,1.9966200591460905,3,Low,0,160381508
-2.000637003680771,-0.6534165020120856,1,Moderate,0,96491295
-0.8908480977177363,2.257424390576444,2,Critical,1,23541498
-0.9686335863114335,0.5437757994053136,3,Low,0,44485596
-1.8176975399383901,0.9926132562087331,3,Low,0,30710025
1.4390063651090086,-0.9716801564710362,0,High,0,38591730
1.849774161836558,0.5532315564210137,0,High,0,83476800
-0.24665044744480333,0.0018132116132406515,1,Moderate,0,6142500
-0.7046541519428289,0.27244240956846216,1,Moderate,0,41939613
-0.5422352964802045,-0.07726947705297649,1,Moderate,0,108453951
0.13489096120072405,0.5256322500961567,0,High,0,24131727
0.7502677325785362,0.8783198887133234,2,Critical,0,95298138
0.7196479983365468,-2.032383873465971,1,Moderate,0,85761783
0.1730467247492461,3.306759509641492,2,Critical,1,69881517
-1.1242974046198813,-1.4150912206856594,1,Moderate,0,3879999
-0.8795874320734746,-0.19111937770310564,1,Moderate,0,112642353
1.1617475957823973,2.2346596905388196,2,Critical,0,41744394
3.222099344645062,-0.9209387346306689,0,High,0,1906389
-1.8103146562301933,0.2150714215922274,3,Low,0,106493994
-0.2141448315274009,-0.6421399339319532,1,Moderate,0,97483941
3.22101275926974,-0.34480804341117616,0,High,1,69407217
-0.4474090381601716,-0.04104235214787112,1,Moderate,0,163948469
-2.1424991032632232,-0.794743465480937,3,Low,0,4557627
0.7731304637626047,-0.7705144090572161,1,Moderate,0,25350579
-2.914133172592253,0.717956830888571,3,Low,0,93951756
0.2642871121659754,0.6017521778985304,3,Low,0,22959090
-1.0077831237389812,2.6741790701784267,3,Low,0,42939585
0.6260856351944817,-0.31119208983390156,0,High,0,41947839
3.6023571114400106,8.145012103581914,2,Critical,0,23398488
1.9156328829220757,1.104651591401957,0,High,0,59957577
-0.09930934796426003,-1.8269466874137905,1,Moderate,1,11332782
4.322144685194619,0.0595532354478605,0,High,1,4477221
-0.8154730254839933,2.8965379139471303,2,Critical,0,102252555
-0.5920548554772291,-0.04041336203978839,3,Low,0,103885596
3.8649035761831,0.5624956347197897,0,High,0,3405141
0.41403335260638224,0.9780634422608427,1,Moderate,0,20343699
-1.2389690835785736,0.5632702599647713,3,Low,1,92769678
-0.4508718747101319,1.3086336048776166,3,Low,0,45027189
0.8138986879813185,-1.0502151567671796,1,Moderate,0,2166651
-0.14295005120262136,0.19226580333331975,1,Moderate,0,88813206
1.0345381383339454,0.31797397382770887,0,High,0,7689870
-1.890213029581507,-0.3425767696808458,3,Low,1,23450994
0.17735007274653275,-1.825542779846176,1,Moderate,0,124958075
-0.5670695231085461,-1.3096093916266374,1,Moderate,0,123855836
-1.7142558007994482,-0.9312083172408419,1,Moderate,0,106553556
-2.807135861928043,0.49752404154792307,3,Low,0,2820519
-0.7196348991939985,2.780568546632515,3,Low,0,33250653
-0.04313537879734468,-0.8756916153788324,1,Moderate,0,66147309
1.3502648470412073,-0.0731154244212966,0,High,0,39299580
-0.20649917226722822,-0.6826508922450669,1,Moderate,0,111008268
-2.0499179723174583,2.6500345828897727,3,Low,0,87353010
1.1252370214352834,2.7233830169356206,2,Critical,0,102675933
-0.6399512557806183,3.1721155528283393,3,Low,0,102675933
-1.0535931978578597,-1.0760395394958517,1,Moderate,0,4959351
-0.007322921824122676,-0.5912161868149519,1,Moderate,0,23369400
3.5822002945385814,2.048378184207945,0,High,1,1074402
-0.39999638963669637,-1.5155313712932814,1,Moderate,0,43800210
-0.4921940857120308,0.31147447732719613,1,Moderate,0,38226879
-0.9145724184729676,-0.48671332228472625,1,Moderate,0,23420511
-0.6570237254556327,-0.2967143845264248,3,Low,1,68822928
0.11274146159718658,0.8287108969722332,3,Low,0,4668021
-0.699530053824694,0.14483299366961824,3,Low,0,55222839
3.149209072299975,-0.25214274552596005,0,High,0,112326219
0.3655862186560245,-0.9311630434833684,0,High,0,97125714
1.4219525504694657,1.4149468984662714,0,High,0,23372748
0.23676170324760815,2.000147799491921,2,Critical,0,14777334
0.3509197008706637,-1.4136479440658405,1,Moderate,0,34119756
-1.6459523801832217,-1.1189468594535998,3,Low,0,12841425
-0.7516060172336415,-0.23825816238453817,3,Low,0,400500
0.7316936662645355,-0.06842664711649868,1,Moderate,0,86095827
0.6398956281524109,0.18484961825692367,1,Moderate,0,2564127
-1.6041831763475898,-0.9503143986859819,1,Moderate,1,4042314
0.4081077147755973,-0.03495707014124891,1,Moderate,0,103059
-1.155841937387189,-0.388332536455476,1,Moderate,0,7948755
0.21295410699744294,-0.86868061994514,1,Moderate,0,91069209
3.1801781375832294,-0.5957927631818719,0,High,1,631764
-0.7004019266250866,-0.9884624524420643,1,Moderate,0,2063763
1.8288047349473,1.4258760235176076,0,High,0,107463726
-1.0741378233209944,0.03937082923351384,3,Low,0,2975652
-2.1548682965101515,0.5158630494665548,3,Low,0,98090046
-2.1025418055386687,-1.059585840540668,1,Moderate,1,85740516
-0.9008204610549031,0.7685554792504742,1,Moderate,0,3583458
-0.08595997555715727,-0.7389423108479135,1,Moderate,1,43203132
-1.2013308778701868,-0.6758060338386996,1,Moderate,0,30029769
-0.18802844173638006,-0.18183391213732844,1,Moderate,1,22681521
0.35634745863777245,0.7000066132206888,0,High,0,68640264
0.7940532835481212,6.792341494519047,2,Critical,0,23398488
-1.3319320655998867,-0.3432633613301613,3,Low,0,87254172
-0.13861509011648904,0.1255913222002288,1,Moderate,0,44404956
-1.813072916445601,9.890557525483805,2,Critical,1,24136200
-0.8908568363795097,-1.3002454961364216,1,Moderate,0,42543432
-0.6144826571068911,0.8708996510366409,1,Moderate,0,86451174
2.529336922708028,1.0730617233398807,0,High,1,41312052
2.933795338755086,-0.4260161171280187,0,High,0,94988349
0.24589958279092639,-0.7240699309882782,1,Moderate,0,32371380
-2.399228649492747,2.0794739314772523,3,Low,0,93971043
-0.6223826042492954,-1.6864050097446557,1,Moderate,0,73011510
-0.13275598693978427,-0.3168683675706353,1,Moderate,0,101889783
2.3859978323824897,5.761327415650969,2,Critical,1,88785891
0.7477316323085585,0.6037995799016735,0,High,0,70048323
-1.7557239758527006,1.0487655354562786,3,Low,0,43913259
-0.6132105614349324,1.3329327376812103,3,Low,0,60260148
1.5316013652523959,0.5221320625360452,0,High,0,23604714
4.978479419773535,-1.130527865667045,0,High,0,23712633
-0.865421349921603,0.15018247838969626,3,Low,0,73416114
-2.286477989693386,0.4907690662894697,3,Low,0,41831181
2.2427849541687026,0.1400620587997271,0,High,0,20702808
-1.9677332404212977,1.8691412581041627,3,Low,0,13023792
0.4614439044296176,-1.1515575428683664,1,Moderate,0,982755
0.8923619835704643,-0.2319415931300899,0,High,0,784521
-0.8632187348753977,-0.5187500660339881,1,Moderate,0,77980464
-0.726391873754596,0.421286165395721,3,Low,0,87025725
1.2760897194270886,-0.11594062404940819,0,High,0,85833486
5.56492327903735,0.2797776329984473,0,High,1,55368576
0.5194891268740657,-0.9855573265600664,1,Moderate,0,97600383
0.7439564482841475,-0.37473981766739445,1,Moderate,0,24760440
-2.8684814817208237,0.2389453713892243,3,Low,0,24145002
-1.2235995496120236,-0.3951666818993934,3,Low,0,95026266
0.4659010659600756,1.0663781716882117,0,High,0,2923299
1.7681588849246623,-0.3810411149205908,0,High,1,97483941
-1.2519145157580904,1.8046731080883613,3,Low,0,23214213
-0.80598613628008,0.7169217598908671,3,Low,0,92592792
-0.9277733319979127,-1.744250697443028,1,Moderate,0,51975144
-1.12202734573405,0.13841799806204186,3,Low,0,29831409
-0.6754637089511524,-0.9670260975102041,1,Moderate,1,40658985
0.3314934683807294,-0.24992519863059,0,High,0,38322666
-0.14386166086854008,-1.5945860716964033,1,Moderate,0,25010568
0.8766065631903993,-0.1226649631182112,1,Moderate,0,28313721
-1.157249542515121,-0.4715090417746993,1,Moderate,0,1344069
0.2556236397945717,-0.788770710973628,1,Moderate,0,330777
-0.7137339019888722,-0.6305384083705461,1,Moderate,0,99081972
-0.02605508463488671,-0.21480629837355922,1,Moderate,0,59886909
-1.6672346545434955,-0.23721781236122777,1,Moderate,0,110260512
-0.89198507932378,-0.3382366536794212,1,Moderate,0,84815514
-0.3771145759093938,0.08836402946151962,1,Moderate,0,24437097
0.6917120016203893,-1.526812939681746,1,Moderate,0,41037426
-0.35190646082779437,2.055447566450237,2,Critical,0,70269183
1.996801302453061,0.969354513232118,0,High,0,32806224
-0.41213196547269476,-0.41174818429913623,3,Low,0,18848133
-1.5683496040996667,0.439562464757636,3,Low,0,115175430
-1.3346494297505749,-0.34747988239784006,3,Low,0,6783759
-1.8912327007225092,-1.3378364220691563,1,Moderate,0,43599600
1.3672923540937614,-0.7384309198749331,0,High,0,634923
-1.4509025271713165,-0.28992991124055384,3,Low,0,5016708
2.0925363415494136,1.1005965368524548,0,High,0,93291012
0.5878377051386932,-0.7229173980170281,1,Moderate,0,93109446
1.9828647886432718,-0.9275128020794912,0,High,0,39190347
-0.6013327454751108,0.16350004209105162,1,Moderate,0,40900023
-1.6431558228436136,0.11702108096831017,3,Low,0,86740740
1.7109742190710686,0.9542722557433385,0,High,0,45297891
-0.6548571179914062,0.3213387863484043,3,Low,0,82401210
-2.0396480258658722,0.28547882047257006,3,Low,0,1543860
-0.020649233156172012,0.6074927763553547,3,Low,0,978624
0.9292121215117014,-1.436010355526542,1,Moderate,0,61302105
-0.3276432810517125,-0.5686526157806505,1,Moderate,0,100918386
-1.645011419459017,0.582733237637916,3,Low,0,37544733
0.7994432482977804,5.566390429968763,2,Critical,0,85551867
-0.16515100875807848,-0.9947695350385158,1,Moderate,0,1160226
-0.4862427468796604,0.29939523464108203,3,Low,0,14611716
2.289740064956102,0.7837856119540817,0,High,0,45500490
-0.15107452180288788,0.08660757995289858,1,Moderate,0,5535711
2.873049635401356,1.4432060975534824,0,High,0,41712777
-1.1635590614901303,0.4959365852320506,3,Low,0,105841233
-0.011998731589639947,-2.22558098334866,1,Moderate,0,33315435
-0.14742607847503542,-1.3772659819187836,1,Moderate,1,33655212
0.8301242815365637,-0.4361617079133997,0,High,0,63463761
1.5901647292650076,-0.3972071432087348,0,High,0,10171602
-1.0421968027666755,1.9007676335954764,3,Low,0,84444615
-4.1325376366810485,2.42733705018566,3,Low,0,2091753
1.0840248247530802,-1.4524940676503075,1,Moderate,0,91209096
-1.13976468866408,-1.3293739380567435,1,Moderate,0,60926103
1.5129962771463552,0.7422082915423638,0,High,0,59667417
0.8569344725450213,-0.9736697758834074,0,High,0,10307925
0.9027014413727267,-0.8580495261097842,0,High,0,493038
-0.4417019307790264,1.1083874934596658,3,Low,0,39932010
2.2960183491478596,2.9089428264474875,0,High,0,89377398
1.1420197748394612,0.09387571596166594,0,High,0,43290036
0.06614709375844158,-1.267487546535106,1,Moderate,0,85332834
0.08943649786424239,-0.8752388801618816,1,Moderate,0,106164
1.0182424642912373,0.02644059714708546,0,High,0,81292158
-0.397715508730902,-2.5024088245367695,1,Moderate,0,95752350
2.810641202950968,1.1105837494872752,0,High,0,95233887
-2.60897870469294,-0.06918854358688961,3,Low,0,5896899
0.8293274156797986,1.0216888287702033,0,High,0,44200854
0.2400819608049704,-0.0702547242234379,1,Moderate,0,3388275
-1.4923791935301995,1.2842839552421534,3,Low,0,59447232
4.060863646448444,-0.08691046498827687,0,High,0,63863559
0.7697901614870615,-2.4267892555974355,1,Moderate,0,40974786
0.9820789606721688,-0.7429339427321667,1,Moderate,0,19704186
0.7105899913683815,0.8656627307782917,1,Moderate,0,64104867
0.5763668945848787,1.1971754622271773,2,Critical,0,53835030
1.7274260150940781,-1.9604151047957008,1,Moderate,1,20081232
1.866948933653216,0.4825660275715164,0,High,0,45804987
0.8897568998079947,0.9050263144157262,2,Critical,0,66437532
-1.5613241238210056,1.6531601178402746,3,Low,0,7641243
-0.5913335423213427,-0.10830932612680833,1,Moderate,0,43079319
-0.26125047488756,-1.8031480337950205,1,Moderate,0,23571117
-0.8663617552585212,0.24931957362992865,3,Low,0,86466348
-0.5617439292902505,-0.266324673247598,3,Low,0,2432745
-0.5906980078869366,1.3115929346659005,3,Low,1,43854525
-1.0476594899240423,-0.6116029581811503,1,Moderate,0,7052499
-1.5091820449462,-0.6073996046918158,1,Moderate,0,125700773
1.868559570765363,2.222852997424305,0,High,0,1214199
-0.2881585770631788,-0.19747838584537267,1,Moderate,0,49987737
-2.416264421699134,-0.9855041952130825,1,Moderate,0,115064559
0.49045806409676324,0.01829946650448708,1,Moderate,0,2890395
0.47809229877315024,-2.6218312466784344,1,Moderate,0,104048604
1.3037767581288335,-0.07106570393508907,0,High,1,103971366
3.283179826480002,-0.5414725555876145,0,High,0,1810332
-2.1195194039903726,-0.6411276212093541,3,Low,1,77052564
0.9415450216757408,-1.2728042244535862,1,Moderate,0,45050922
1.5374873123022885,0.4143674128823006,0,High,0,23939595
-1.3052681353968143,-0.2782406691231155,3,Low,0,1334592
-2.1286445469202135,5.553909407861368,2,Critical,1,107768889
2.5867292355107785,1.2820045012032706,0,High,0,5343948
3.185690181216055,1.2062207079514438,0,High,0,6184413
-0.868253258335645,-1.033692474720766,1,Moderate,0,69300225
-1.5701174746318594,-0.778844921723683,1,Moderate,1,28744758
1.0917010383982984,-0.5423030026428317,0,High,0,179131514
-0.6523396706643277,-0.6003973292142355,1,Moderate,0,233442
-2.534656331656026,-0.16757971892325932,3,Low,0,1781190
1.0789028631235191,-0.3825243097285745,0,High,0,78900354
-0.5895831338898441,0.47538216288166313,1,Moderate,0,41651631
0.9956734860662252,-0.9747475013355221,1,Moderate,0,89973036
1.2870878495916598,-0.5946422730219496,0,High,0,63935991
0.6187871236175106,-0.7520617717833324,1,Moderate,0,64079820
-0.9505593868364975,-0.8733470347805535,1,Moderate,0,23483439
-2.3272610142304124,1.5834468451888928,3,Low,0,96209586
-0.1969654437988929,0.8866732205412013,3,Low,1,57920301
-0.15593035600974126,1.1445707892899541,2,Critical,0,39531933
-0.9355406845416647,-1.654461867725633,1,Moderate,0,16941861
-2.5712730413267773,0.3716763121209091,3,Low,0,44949690
-0.08753187140046403,0.2000505795352012,1,Moderate,0,103691484
1.8556670304903808,-0.4201747968965461,0,High,0,91138311
2.0128512259786677,-0.8081296663298054,0,High,0,1421838
1.8188620512652012,-1.6608038685209157,0,High,0,28078542
-0.17116117695497662,-0.3898416866505121,1,Moderate,0,91304820
-0.7369818179714609,0.4789003130120005,3,Low,0,44607573
-0.08755984931263902,-1.2253323546945734,1,Moderate,0,25279776
-1.9357459826196006,-0.5688382293126312,3,Low,0,23452839
-0.8393333734044287,-0.523173303336572,1,Moderate,1,9989757
2.261463399884851,-0.6473677694865028,0,High,0,101839860
0.41163009889649693,1.5107077587362092,0,High,0,22202451
-0.2179976606341108,-1.1632521527953121,1,Moderate,0,97157097
-1.0218558367499522,1.5539345771243707,3,Low,0,81828
2.3152434556388353,-0.3246744875890712,0,High,0,90594459
-0.10270456109371784,-0.2614297289045519,1,Moderate,0,75706830
-0.8750736643816605,0.10863617139188195,3,Low,0,47506068
0.5457682320941049,-0.4048669792136518,0,High,0,43783236
-2.032852295407141,-0.5546876443972076,3,Low,0,1249623
-0.9628815773960838,-1.3367615328438414,1,Moderate,0,20742066
-1.819503947789372,1.9145667301152427,3,Low,0,40782456
0.06577157993328533,-0.7826503310921731,1,Moderate,0,60046470
-0.8703689970575004,0.15703349533919164,3,Low,0,1564218
0.03628409382644839,-0.9888512348893819,1,Moderate,1,93710232
0.12590177095958155,-0.3473038530649006,1,Moderate,1,70398234
-1.1691653523200058,-0.7693287734341452,1,Moderate,0,28181376
-4.1631436243591695,1.3770005863474195,3,Low,0,738342
-1.4986724128267028,-0.7595872113181183,1,Moderate,0,92797902
-0.8880127812419605,-0.6294422419506563,1,Moderate,0,832023
0.38865042621875884,-0.49439428544590264,1,Moderate,0,23572080
-2.3030398043152394,2.953779019535801,3,Low,0,89814762
0.3373152110300279,-0.8085051525859571,1,Moderate,0,108255924
-1.3598818201673397,-1.0183763247326139,1,Moderate,0,5610339
0.02498594226811494,6.87664331380405,2,Critical,1,88785891
-1.5241627856267828,-0.7830521794178971,1,Moderate,0,41888367
0.5425180733545568,-1.378275862949881,1,Moderate,1,82641240
-1.8037975927508973,-1.35965867217888,1,Moderate,0,37152774
2.467211801967572,0.6981076736569617,0,High,0,41843502
0.33966824215869545,-0.7075514376891664,0,High,0,1094508
0.11013684410173756,-1.1259007003097246,3,Low,0,19344834
0.2980077830638638,1.3535548449337693,0,High,0,79729218
0.7475680206318527,-0.7477750187583931,0,High,0,81325611
-1.604531351573686,0.03394534009858606,3,Low,0,77274513
-0.13211715884529493,-0.5402464590679664,1,Moderate,0,45597528
-1.1811996210254847,1.3336574692373804,3,Low,0,84804156
0.3226643738214312,0.8874026530793336,2,Critical,0,2073456
1.8386933469043254,-0.5538914088521965,0,High,0,9416367
0.4379521272579166,-0.9868208743904583,1,Moderate,0,18040023
0.03444475590103873,2.2264742930397836,2,Critical,1,81712926
-1.0079828455612685,-0.5602934291072054,1,Moderate,0,6694785
-0.7385647338778872,-1.034960452345782,1,Moderate,0,133993922
-2.3742365513930803,-1.5044793261730116,1,Moderate,1,46066680
-0.9471515735226393,0.3164260746345248,1,Moderate,0,23745006
0.6225186198559771,0.2951282949410716,0,High,1,88446735
-0.6217753044034274,-0.40044178725678925,1,Moderate,0,82964502
2.144596442595764,0.6642938554151766,2,Critical,0,12748248
0.23900598563738612,0.4217878107822391,1,Moderate,0,122426906
-0.010288132095681947,-0.022418452583431402,1,Moderate,0,51056694
-2.337831820152221,-0.3830823326696598,3,Low,0,141345968
3.1182467674825576,0.24733610696039685,0,High,0,91945008
-2.311247952337782,-0.777119764032225,3,Low,0,98934912
0.7422981118329196,-1.257553968374427,0,High,0,8224839
-0.7240741751475357,-1.2781375588765373,1,Moderate,0,110231694
-0.32098758742167566,-1.5231852124658067,1,Moderate,0,15330690
-0.06454840916245046,1.0606082503293512,3,Low,1,73002456
-2.8117510258498277,-0.35344667246696576,3,Low,0,91372419
2.0772078324120975,1.902821780004387,2,Critical,0,84436461
-1.1510408322414065,-1.0682571953934596,1,Moderate,0,89777124
-0.5456748601830932,0.674000254652728,3,Low,0,53902944
0.8918207378631431,-0.9585269055957657,0,High,0,20956167
-1.4854702793509524,0.3277693655879435,3,Low,0,666261
0.1301614447819772,0.2596339169132285,1,Moderate,0,84329073
1.9784182494055083,-1.8217887491222968,0,High,0,95150115
-1.708276283313409,-1.5758486299010166,1,Moderate,0,57155679
-1.2822797007253468,-0.2994665197826752,1,Moderate,0,77531382
-2.1515818918140264,1.870284828891282,3,Low,0,23263785
-2.4238889383349647,-0.608041501680796,1,Moderate,0,29574846
-0.050391898735904814,-0.4355413386767184,1,Moderate,0,16023024
-0.8772104033770924,-1.349296869403268,1,Moderate,0,76413663
0.548226718728454,-0.3412893893421653,1,Moderate,0,102236301
-1.6245171536030483,-0.5339184801798477,1,Moderate,0,66719160
-1.2077739714686346,0.7074883691854087,3,Low,1,41861430
1.8851591457234806,2.4735379172431866,0,High,0,106535988
1.1620379118874085,-0.8501227222572989,0,High,0,79826094
0.35955465924259217,-2.029823867451772,1,Moderate,0,90000162
-0.32065151496250893,-1.279924746183522,1,Moderate,0,104303124
-0.13677053000231473,-0.2964754703654656,1,Moderate,0,126515066
0.6972042389253646,-1.2165796191600693,1,Moderate,1,30371184
-1.5622831379241273,0.1541765206907496,3,Low,0,62395938
-2.997923147102959,0.47196072061246364,3,Low,0,19853244
-0.7950932487467213,2.766740220085679,2,Critical,1,88785891
-0.9581024357228084,-0.33713312215166463,1,Moderate,0,638199
-0.08598742316262262,-0.7126433730251313,1,Moderate,0,5455737
0.21824660029310938,-1.4241819752987006,1,Moderate,0,20486322
1.270316746787449,-0.07410060916509918,2,Critical,1,31351725
-0.23088209770296905,-1.7965665142921194,1,Moderate,0,69384114
2.573944652077754,-0.6525647504703159,0,High,0,86424174
-1.4559062735500323,-0.02660644800616969,3,Low,0,58872816
-0.8987936672570955,-0.9068581703531118,1,Moderate,0,57902616
2.687442528688111,-1.1827643389702547,0,High,0,23492133
-1.2337019321007079,-0.5763713556929834,1,Moderate,0,2552292
-0.952987636603545,-1.0681608536878928,1,Moderate,0,85268439
1.0541561261300398,1.8966829546385224,0,High,0,107582229
-1.7912067949150912,-1.4559219797723226,3,Low,0,50198256
1.2766572339964606,0.6454710850031401,2,Critical,0,4042314
0.6813935234753679,0.5345384441319743,0,High,0,90884583
-0.3204108557507963,1.327049037163568,3,Low,0,138700607
-1.406229050606432,0.12203026973389397,3,Low,0,95885550
1.2376854177492695,0.027833513594417287,0,High,1,112797459
-1.7927767760098483,-0.7781538024621604,1,Moderate,0,84486249
-0.53514234984035,-1.4698670234801205,1,Moderate,0,85335066
3.1259718892005894,-0.7389096995169074,0,High,0,104092857
-1.4155539377527477,0.43539902579209283,1,Moderate,0,23195880
-1.5335022787835437,-2.2772977014418547,1,Moderate,0,94249332
-0.9774837894580626,-0.10642315744968583,1,Moderate,0,84562623
1.1394222205969247,-0.13876689129870268,0,High,0,23194566
-0.8675127383192283,-1.3326818334981478,1,Moderate,0,102978657
1.7341619133013129,2.955073384825032,2,Critical,1,103832127
0.0916498252732192,1.2313921061297146,3,Low,0,85777767
0.8388614956071708,-1.2221924770429793,1,Moderate,0,103235283
-0.1091248967339887,-0.09128697709958827,3,Low,0,17163063
-0.4382491685045275,0.7047043567342596,3,Low,0,70458516
-2.5881776280216178,0.14342168522266907,3,Low,0,61289091
-0.1580998423801287,-1.3889910295418242,1,Moderate,0,30968649
-0.18486874160885397,-1.4177898954340702,1,Moderate,0,20658582
-1.4584138299448197,0.10989346524440859,3,Low,0,60922782
2.354540058481614,0.5211765622985775,0,High,1,97286517
-0.9555845248733272,-0.7476163967434845,1,Moderate,0,20274300
1.565257605129936,-0.9044023513249391,0,High,0,60091488
-1.7704380408825535,0.709285744792942,3,Low,0,85822263
-1.595395599919554,0.8001064742040643,3,Low,0,72186588
0.6767512682727029,1.7552529895310727,0,High,1,173383313
-1.0831360113350845,0.03638542707566333,3,Low,0,510975
-1.9737377398334914,3.625653914468906,3,Low,0,55327095
-3.2805991388345124,1.580593534996307,3,Low,0,442323
-0.6864692409677686,-0.2135665862586126,1,Moderate,0,70794801
-0.7931603407843661,-0.015431371593953426,3,Low,0,130871849
-0.23974930476010325,-1.0294889113557848,1,Moderate,0,133484783
-0.2890445585945251,-1.7359722435903417,1,Moderate,0,98939097
1.0997928633928364,-0.8196236558158841,0,High,0,82211058
-0.9163144426067437,-0.9293142766638002,1,Moderate,0,18129177
-0.22880069152498864,1.508224301613299,3,Low,1,182873651
-0.29730743411781446,1.7214585022150397,2,Critical,0,45828945
1.0890757127123922,-0.18885228429486037,0,High,0,174684362
0.44439214348129635,-0.18108593686720237,1,Moderate,1,42489738
0.6300614667760172,0.8922514061829747,0,High,0,85793940
1.397334008877539,-1.059542207138575,0,High,0,76953123
-3.1424278748377397,1.3517358853689507,3,Low,0,6284421
2.3997051937026237,-1.6952390635038082,0,High,0,19916307
1.6386285762634882,0.15925068452801897,0,High,0,173561495
2.7435435984337766,-0.1590168991656598,0,High,0,51531336
-0.059235215119663065,-1.7068690004550853,1,Moderate,0,95725116
-3.164809127787938,1.305557676151112,3,Low,0,71927532
2.548963663315684,1.0120245181541325,0,High,0,98766603
-2.763233559875758,-0.31197097769919957,3,Low,0,3362283
-0.5378635395827377,-1.3075595512640992,1,Moderate,0,59682663
0.9132038662252143,-0.7729006854658099,1,Moderate,1,24648102
3.499539218077957,0.6670595679276468,0,High,0,95494239
2.552450267977894,1.0061342441444554,2,Critical,0,23354847
-0.09457260016843219,0.1801136658487087,1,Moderate,0,97407603
1.483579513810439,-0.7431917842697664,0,High,0,96871986
-0.3729727310617851,-0.7888761897144327,1,Moderate,0,178236
4.158226495252171,-1.3271672762935194,0,High,0,21277755
0.8472568151269548,-1.100196190245072,0,High,1,18243054
-1.5209194882171941,2.051782002032147,3,Low,0,36653193
-2.0570335044692545,-1.809847946274763,1,Moderate,1,8118126
-1.0741953403812152,-0.9494521435411781,1,Moderate,0,40146858
0.20626262109665147,1.5204923518774973,3,Low,1,71709237
0.8746361254597163,-0.506101208573938,0,High,0,18142569
0.025691112460604446,1.0360751400959038,3,Low,0,2359683
0.5300752594485677,1.2131768275141555,0,High,0,86627151
0.4322330117468468,0.25221882060146417,1,Moderate,0,92400894
-0.4650566965832464,-1.0339008127792415,1,Moderate,0,44330616
-0.3133940101296713,-0.532951983334217,1,Moderate,0,93521700
0.24482230780248948,-2.1862423077615136,1,Moderate,0,39799908
-0.15853777325737645,0.46824837583984247,3,Low,0,181514966
1.0242564831543743,-0.31355033120107184,0,High,0,2082006
1.5629400704432066,1.936343749283652,2,Critical,0,40786713
1.3762956696412911,-0.9696922102362173,0,High,0,107687439
2.9806072810972526,-1.1078514403421056,0,High,0,23857569
0.7008096387106659,1.6892866681377403,2,Critical,0,77737122
-0.7151293998095194,0.6209241197584731,3,Low,0,87223023
1.136145835713895,-0.44567989322513574,0,High,0,96020847
-0.1042463396850852,-0.2284526074077269,1,Moderate,0,78957666
-0.4028780698487675,-0.15345426963228403,1,Moderate,0,32043699
0.7241934950634178,-2.5188233073627635,1,Moderate,0,100549989
1.7814356535950016,-1.050935056087667,0,High,0,757440
-0.24363830865804734,-0.5652607063184902,1,Moderate,1,23481747
-1.9652415201220588,-0.815341506568143,3,Low,0,1285902
-3.268022007038113,2.3008941728168377,3,Low,0,57327480
1.981168466656071,-1.3950358386867052,0,High,1,75175956
0.5520255898789522,-0.6178159802954858,1,Moderate,0,90910044
0.9518313279317836,0.15480335427420164,0,High,0,41544864
0.7949361067809798,-0.41900043437784285,0,High,0,43004115
-1.737759487261668,0.7391102952327635,3,Low,0,978714
3.535982389784186,0.39832999102417643,0,High,0,151901717
1.1592631636211173,2.5278744094568606,0,High,0,42688953
-0.31996204493155916,1.9759825441780727,3,Low,0,114319980
0.1275413790041581,-0.8779288607438627,1,Moderate,0,9989757
-1.7245641976885377,-0.37040325975341076,3,Low,0,41320881
0.3401539611840079,-0.45360180178354953,1,Moderate,0,95586498
1.5743697794168485,-1.2915871332250406,0,High,0,3008313
-0.15977460802844964,-1.3485832535368998,1,Moderate,0,92992446
0.26636366606640177,0.08938383922308744,1,Moderate,1,78111063
-0.48811264828650247,-0.6801363796872676,1,Moderate,0,57868290
1.9318468358580263,0.18427388960130028,0,High,0,167793809
-1.1846832826277491,0.17245045517537458,3,Low,0,5629374
-1.4654759082154327,-1.1468689183244207,1,Moderate,0,24195681
-1.7803593780635112,0.24870678655062387,3,Low,0,39253527
-2.522278548604175,1.1418301308396848,3,Low,0,108731844
-0.27367818282763245,-2.2701349449819674,1,Moderate,0,90948717
-2.0859654502927034,-0.13260450690474182,3,Low,0,43326603
4.27437402682346,-0.18760370668293141,0,High,0,40928076
-1.718117093525931,0.6401100642299183,3,Low,0,101279502
1.8421496674390392,0.47972003972275107,0,High,0,6882660
0.330705688670588,-0.15752772665939416,0,High,0,64778841
-1.0388629702545138,1.764152533857316,3,Low,0,41202864
0.1755438574874038,-0.029891739134289757,1,Moderate,1,35815545
0.31828303444729805,-0.3077151973716111,1,Moderate,0,85834890
-1.0007145469383933,-0.525473665189266,3,Low,0,24187185
0.10793962802436691,0.8999869667075432,2,Critical,1,41387814
0.5344001636713501,-0.29632858817640007,1,Moderate,0,7416585
-0.956534428493429,0.24111256846477258,1,Moderate,0,85839903
3.706910064809353,3.176199982381789,2,Critical,0,78957666
-2.0950872365611994,-1.5236153336452531,1,Moderate,0,23778297
-1.8841857606771375,-0.1285998849363249,3,Low,0,929223
0.8808410087763225,1.0473986740064531,0,High,0,121601867
-1.9861391808316724,-0.844310998803792,1,Moderate,0,32197257
0.0527757050839455,-1.0091179622262436,1,Moderate,0,1728558
-0.031145556395688074,-0.4797234817486302,1,Moderate,0,33592788
0.6738293159641842,-0.7184908174684472,1,Moderate,0,76752072
-1.5633408171759628,-0.00939518056041584,3,Low,1,69816816
2.2823130278275947,-1.2968675451256246,0,High,0,102904848
0.41919806291618145,0.9229728205079057,2,Critical,1,92387772
0.2330854653139662,-0.39302620202070815,1,Moderate,0,95809905
0.6394355237750936,0.06526941209252819,1,Moderate,0,18041409
-0.588317454579215,0.02205148818035901,3,Low,0,79816077
0.8949420181370641,-0.3655679592109415,0,High,0,24289218
0.2660924336085576,-0.9761406108561163,1,Moderate,0,7212492
-1.495675629373347,-0.32423556963331074,1,Moderate,0,23384124
0.4044988604017541,2.089226854413962,2,Critical,1,88785891
-0.4476682655913169,-1.412742960444012,1,Moderate,1,51202224
-1.4638782314862413,-0.6213735282625227,3,Low,0,85424985
0.45156570245905986,-1.5381964957065164,1,Moderate,1,43599897
1.1602108579395793,1.2584504539115062,0,High,0,13918554
1.2809191822004664,0.15719163384231882,0,High,0,23948163
1.7939751916136846,0.3970545380093909,0,High,0,99186975
-0.828044202326568,0.5199863348812812,3,Low,0,43839360
-0.08499359469363604,-1.6363222491060918,1,Moderate,0,81926703
-0.8156463034773165,-0.3690130863398124,1,Moderate,0,102139479
1.268445816621315,1.0498622521196017,0,High,0,103703157
1.8104687342546573,0.6216480621599371,0,High,0,24574896
-1.0836232338245613,-0.7285373553494381,1,Moderate,0,42410034
0.5601742560705563,-0.1966345372018269,1,Moderate,0,68414958
0.5925488682527856,-0.8963200228778572,1,Moderate,0,66522096
-1.7297882365653263,-0.9068477857122407,1,Moderate,0,62409753
0.7185013259718684,0.26417501247634234,0,High,0,41753898
-0.9015299172694687,0.34838917117701446,3,Low,0,97427934
-0.2562846763733457,-0.999992970297268,1,Moderate,0,23754762
0.8445783111682248,-0.43074311542426064,1,Moderate,0,86334057
-0.0881643774937313,-1.733955421259173,1,Moderate,0,107090271
-2.051547840252376,0.3394357491889515,3,Low,0,87601464
-0.538565292413846,-0.707032521961531,1,Moderate,0,52922376
-0.8112129891129459,-0.7819385665301987,1,Moderate,0,50169537
-0.8923867468153922,-1.8632056468606448,1,Moderate,0,120349031
0.14012116105883787,-1.3131076297703062,1,Moderate,0,147643043
-2.172072269665842,-1.2747647419307544,1,Moderate,0,43679898
5.150096639775891,2.6782211424320574,2,Critical,0,58265802
-0.005031025084413361,0.13789971366258819,1,Moderate,0,62697411
-0.7717379005283332,0.44220959811810295,3,Low,0,1591002
0.170720235665352,-0.8727141071871101,1,Moderate,0,30230082
0.37980105350388293,6.464767597531547,2,Critical,1,23398488
1.2585073737603807,0.022047697083920587,0,High,0,20762586
1.0606886954085821,-1.0618023292462822,1,Moderate,1,96752304
-0.050204854681480685,-0.43502619210655163,1,Moderate,0,66818835
0.6292093208420704,-1.9399337663929197,1,Moderate,0,113822082
-2.258357243649379,0.44251767120930985,3,Low,0,16015275
-0.18328060227807055,-0.11066024035420022,1,Moderate,1,44142354
-1.6579238880816134,-1.7529245746105433,1,Moderate,0,25043688
0.5504063918959909,-0.9115976787136024,1,Moderate,0,23779836
-1.0373719928562875,-0.9515785834317632,1,Moderate,0,33017562
-0.7359878326003341,-2.328473664959596,1,Moderate,0,41568021
0.2560189855587016,-1.9430789677758589,1,Moderate,0,66635307
-2.420732221851606,1.249470051816538,3,Low,0,23230755
2.2958865810411555,-0.16899844260134297,0,High,0,28648782
-0.21873618242549164,0.3691986749566924,1,Moderate,0,85072617
-0.4030039712921293,-0.1815471749968549,1,Moderate,0,96365970
5.107793508001193,0.44907593419495156,0,High,0,23774328
-0.26507147610306037,-0.34522446191171313,1,Moderate,0,66199617
-1.6016475602663423,-1.0870043978494826,1,Moderate,0,102542310
-0.8452632845965584,-0.5709750173684246,1,Moderate,0,3192903
0.8774181567879107,2.5302817451766493,2,Critical,0,78277599
-1.1814110455885227,-0.6774184240764696,1,Moderate,0,92990250
-0.15791295800522817,2.5729014136345523,2,Critical,0,62618679
-0.26932679691145295,-0.07015960992888873,1,Moderate,0,93648456
-1.5954815971017404,0.5210002022292115,3,Low,0,1885059
4.059794906222023,0.3893604332071946,0,High,1,31460112
-1.5057551477006195,-1.0148667101512,1,Moderate,1,28879128
-2.326079120713931,-0.00870526167115816,3,Low,0,19232811
1.0933085863683272,2.0699927978292147,0,High,0,56650266
1.003736478521224,-0.31089019092318765,1,Moderate,0,23390082
0.6789557006263648,-2.029888211834642,1,Moderate,0,23407542
3.481363800824765,-0.7458319008788806,0,High,0,96035814
0.8945134385795959,0.586377764370647,0,High,0,93370698
-0.7981801398386316,1.6039005817103,3,Low,0,110847609
2.6087583470453053,2.0316896243465927,0,High,0,32373981
2.3770202711567308,-0.6874403938192278,0,High,0,109163727
-2.4404251035749,0.9494181491196201,3,Low,0,102316815
-0.990285373617235,-1.2937239262402827,1,Moderate,1,1154583
1.773150530768981,-0.045520361372105425,0,High,0,242784
1.84000904875384,1.6617565381876003,0,High,0,5041602
1.5186383323800021,2.020000154958041,2,Critical,1,43912719
2.746832755054889,0.8157621070642558,0,High,0,33915861
-0.17510209449633277,-0.6356003668306429,1,Moderate,0,38724984
-0.9687119857338352,0.43294250055715167,3,Low,0,748008
2.6039490503045584,-1.4168952810315811,0,High,1,92671875
1.2335692437360737,-0.8171260343200211,0,High,0,56060631
-0.5282686151949051,-0.486564214823517,1,Moderate,0,24556734
-2.084461825413128,-2.170213496026632,1,Moderate,0,103329486
-0.18810783931371253,1.1924851938154664,3,Low,0,98626338
-1.006019755672757,0.6665569874038051,3,Low,0,59287995
-0.7154439177063792,-0.30822135032894377,1,Moderate,0,123376640
-1.1382049916826187,-1.233094248440609,1,Moderate,0,23817978
1.1708172991391186,0.831686213888098,0,High,0,83070585
-0.9706725307775099,-1.2061373997955136,1,Moderate,0,87527745
0.63740723366691,-0.7840833231920146,1,Moderate,0,109045449
0.5636221494811132,-0.6093752191870685,1,Moderate,0,31213323
2.371542671889348,0.8337569998196526,2,Critical,1,60878466
-1.3244025398557644,-1.619083199651273,1,Moderate,0,85276035
-0.8389979750197047,-1.1064520154342878,1,Moderate,0,647181
2.57294084196019,-0.16927277501392904,0,High,0,62499897
-2.9204748317641713,0.8567974895098179,3,Low,0,24238341
0.14358768591415152,0.04285140473510621,1,Moderate,0,92264859
-0.13025574171903198,-0.7847735767412656,1,Moderate,1,187920311
-2.18334929106916,1.19942606448487,3,Low,0,89939142
-0.7475930784034196,-0.10130706604799376,3,Low,1,85360959
2.4897852676075742,-0.25627169587866955,0,High,0,33121827
-0.10259558554788283,-0.32328257513564457,1,Moderate,0,22349385
-0.6144854219443774,1.3016153296450852,3,Low,0,100843029
-1.9088556761275317,0.42137292908132346,3,Low,0,18303687
0.6919649295197401,0.8679636017082175,0,High,0,24193026
-0.49437226917566424,1.148998535201006,3,Low,0,66164202
0.5904280413142308,-2.1182755569588116,1,Moderate,0,147762
-1.5129666718242778,1.0971351058684327,3,Low,0,123566999
-0.010454102408917025,-1.2757240102293903,1,Moderate,0,41301270
1.7377417552908454,-0.5212665745685033,0,High,1,42984441
1.026701010077876,1.5924733254231556,0,High,0,83970162
0.6401878132624778,0.5360710760504042,1,Moderate,0,108250083
1.7076203594385109,0.2379364703315556,0,High,0,2265543
0.049660187398105286,2.723012880866455,2,Critical,1,84611205
-0.6454735963140866,-0.945399137199915,1,Moderate,0,91156311
1.703072586819137,-1.1976689386767279,0,High,0,356184
-1.2281974465480465,-1.2239204708587845,1,Moderate,0,150631070
1.254265695341645,0.009722345287200746,0,High,0,67542219
-1.8311505977310796,0.36343888119437906,3,Low,0,4216347
-2.2995905269792227,0.31530254223182286,3,Low,0,51509628
-0.476897301386644,-0.5100397781913499,1,Moderate,0,42555438
3.4612306473811136,-1.4055974144741807,0,High,0,21422862
-1.1038846408569603,-0.25098380851242436,1,Moderate,0,112002975
1.4107923249336096,0.09901681664229675,2,Critical,0,85354434
0.9236827120804106,0.9205504837110616,0,High,0,91175004
0.10830601882621052,-0.25536244972560984,1,Moderate,0,143998691
-1.3007839767992802,2.0286875957515296,3,Low,0,93036600
2.23193770236106,1.2917207030550097,0,High,1,102251475
-2.2026808178883512,3.880644879458268,3,Low,0,22980474
-1.0910063837587352,0.7050560892276079,3,Low,0,23705064
0.278895008069222,-0.150573944364402,1,Moderate,0,6823026
-0.1590795899876632,0.10307989596993118,1,Moderate,0,14156001
0.48283507806581066,-1.14003140785106,1,Moderate,0,29385576
-1.904723244873306,1.1008329049555705,3,Low,0,1383354
-0.581279988756834,1.3918875129017367,3,Low,0,9295857
-1.191413210688695,0.9353686045887926,3,Low,0,102066561
1.0814171992790522,-0.1012558056504839,0,High,0,42846210
-1.4176490085589335,0.4198942348738343,3,Low,0,90256707
1.2157510940056104,2.6400406116017194,2,Critical,0,67194522
-0.8959557363364619,-0.932253013417979,1,Moderate,0,19199565
3.4296449211442672,-0.3958229407218965,0,High,0,58090707
-0.33335525072010874,-0.13725995501662064,1,Moderate,0,23275359
-0.062498377485409026,-1.2698460969657392,1,Moderate,0,41533227
-0.984581718842108,0.8216829975268951,3,Low,0,57902751
0.8588877574273056,-1.477761348990197,1,Moderate,0,41456385
0.3981405213203236,0.2801334778478844,0,High,0,23742693
1.082987295155861,0.562153918846983,0,High,0,86557239
-0.5210502265255775,0.6269446238498221,1,Moderate,0,40988736
-1.0173181019332576,-1.0306725772955707,1,Moderate,1,41498874
-1.4235534994235628,-0.551704649330052,2,Critical,0,23507280
-0.24256905843643686,-0.1528712151142951,1,Moderate,0,40751271
-0.8906665901497548,0.35545545044211424,1,Moderate,1,28879128
-1.1843503764257715,-1.204301818123829,1,Moderate,1,52647579
-0.31917939542844664,0.8195248638066933,3,Low,0,80229177
-2.937299675853541,0.08025403617464505,3,Low,0,2359485
-2.164967481151454,-0.6130282160243596,1,Moderate,1,65234214
1.460453293345444,-1.4238274053135556,0,High,0,78938091
-0.03654298279612585,-1.0533309927708498,1,Moderate,0,6646302
-0.3160209947259826,0.5593789348505973,1,Moderate,0,65659635
-0.4991741603402223,-0.47420282510090156,1,Moderate,0,23316651
-2.998537906660421,0.47112837694235454,3,Low,0,985428
1.5720215449557304,2.1058555710146325,2,Critical,1,67194522
-0.511287037814699,-2.062348758793639,1,Moderate,0,35017839
3.055776791840668,0.178651949767254,0,High,0,53098128
-1.8915916948568567,-0.569056427166479,3,Low,0,3009978
-0.6176460542168808,-0.3470345629700352,1,Moderate,0,85701843
-2.037658999047604,1.1514807578052215,3,Low,0,3142035
0.38479005594451754,-0.2262228149214001,1,Moderate,0,7106616
-0.2900537579989098,-1.8403355230616327,1,Moderate,1,47537244
2.076364160489282,3.4276667632267985,2,Critical,1,83642643
-0.5328910412999383,-0.6122075640153024,1,Moderate,0,51056694
0.36320917613044235,1.3710354968397949,2,Critical,0,2431458
0.11056640318682223,-0.6212804291669354,1,Moderate,0,43117524
-1.481429969932659,-0.22482315361107783,3,Low,0,85975461
-1.1717214733368,-1.836811109353091,1,Moderate,0,84810222
-1.9392218327148096,-0.5669644983875336,1,Moderate,0,53374581
2.5034014156850075,-1.5881136851003301,0,High,0,6852330
-1.1713931213212494,-0.7205517257567096,1,Moderate,0,62425287
-0.8724748479529374,-0.7272700447831206,1,Moderate,0,97328250
0.22241463223334781,-1.2761746457519996,1,Moderate,0,8215344
-1.8491540953662948,0.15352028121701586,3,Low,0,10575216
-0.4208958820998338,-2.1359914788652286,1,Moderate,0,6058044
-0.3302063098862782,-0.8744579099205767,3,Low,0,88891101
-0.23326712492000837,-0.002025267763227516,1,Moderate,0,112750830
-1.3761680082325407,-0.45545422616803505,1,Moderate,0,4580721
-0.8867244227642599,-1.1151045341360701,1,Moderate,0,95014971
-2.2258965336553347,0.47325708192750787,3,Low,0,1575558
-2.1068981935914346,1.2094341630392464,3,Low,1,107102214
-1.3281484856292107,-0.40687334737274355,1,Moderate,0,129789734
1.2300860864285685,-0.37004023267816805,0,High,0,105963966
-2.4089239031098293,0.4083443703277672,3,Low,0,3447036
1.5757668766950164,1.1094700436287135,0,High,0,5663502
2.2424036336408446,1.0625121544051135,0,High,0,23029533
0.8270230206263588,-1.7316979235252803,1,Moderate,0,3342636
-0.5629400276984388,-1.274152034200342,1,Moderate,0,113575707
-0.07023858988869554,-0.5768319073862042,1,Moderate,0,106029333
-1.845524196111477,-1.2193012777258692,3,Low,1,44593713
-1.4639806928993926,9.21911722648482,2,Critical,0,24136200
0.6734615223675151,-0.9080024200122497,0,High,0,80775783
0.17560190542160947,-0.497192738852622,1,Moderate,0,194031
1.5464453550663506,0.10911335335452176,0,High,0,84375225
1.1428994585675907,0.3280420704212825,0,High,0,31035474
-1.6266686047361625,0.01118765319385569,3,Low,0,3811311
-1.5302988858895927,-0.2320248199571582,1,Moderate,1,41077755
2.9073207864211796,-0.5656214040480215,0,High,0,462537
2.0796724829747832,0.6867331470725425,0,High,1,101965302
0.17420510631252628,-0.10535728300603558,1,Moderate,0,2873043
1.4763542632566324,1.3048584577678082,0,High,0,99602856
-0.13378382108677625,-0.5932504980579181,1,Moderate,0,20187342
-0.15232110069139437,-0.5592574426959979,1,Moderate,0,40668219
0.40838622996391366,0.26263913402929345,0,High,0,97984179
0.9644255823520486,-0.7661061829299676,1,Moderate,0,68708277
2.3413920667548567,-0.787281162767915,0,High,1,114098976
0.5222787339022242,0.4831722789619653,1,Moderate,1,86241276
-0.039460597468135586,-0.8008554656963534,1,Moderate,0,142203029
1.3464481723793769,-0.7212704499844453,0,High,0,43616592
1.2550527099126279,0.28772517420400445,0,High,0,24120639
-0.7927509545532877,-0.5138204490714067,1,Moderate,0,25391826
-2.050847360290548,1.0092176060597238,3,Low,0,76577247
-2.538568398539847,2.387971033083564,3,Low,0,5330862
0.8821218024702631,-0.01156362933112101,0,High,0,52020900
0.9215767434006851,0.49702886724427475,2,Critical,0,28530324
0.9638549861903422,-0.16098676131669912,0,High,0,12992382
-0.5053499073733129,1.1977683846613745,3,Low,1,3546603
0.31871170004908517,-0.8939997948862207,1,Moderate,0,96632532
-0.3595470160271508,0.0545834081501141,3,Low,0,85506363
-2.493924499380039,0.5185968868405626,3,Low,0,58857102
-2.300671039619241,-1.0438272305770022,1,Moderate,0,27785520
-0.3061451057893944,-1.6030364714998158,1,Moderate,0,23472189
-0.19005940821195166,-1.7290995430934148,1,Moderate,0,46189251
-0.338900001832734,0.40574696872222865,1,Moderate,0,72127962
-1.5457946359110013,-0.5522421526266773,3,Low,0,24059772
2.0132291052871722,2.107866166372247,0,High,0,77212233
-1.1262698968234826,0.4807789618262297,3,Low,0,15772725
-3.295497370893756,1.4060290599373868,3,Low,0,584352
-1.6818525907236677,0.16737384865508742,3,Low,0,41596461
-1.719021078689079,0.656641670065999,3,Low,0,6040422
0.5304715438018381,-0.9625391817790643,0,High,0,19332540
2.6363039690202967,-1.6098681385859124,0,High,0,2813571
1.3246630424258061,-0.805878635483353,0,High,0,41285331
2.19065014323193,-0.6033650457045384,0,High,1,12629988
-2.133592510634361,-0.29181028609159837,3,Low,0,18430407
-0.3358052852094655,0.10689120676903145,1,Moderate,0,49948011
0.8820185703358001,-0.055809477663832305,0,High,0,20383578
-0.6015732669566564,1.1527734496578366,3,Low,0,76860639
-2.0685691609945875,0.16122431859693756,3,Low,0,4622157
-1.1934581065290055,-0.012104374614796186,3,Low,0,69764958
2.095223508414326,-2.0016489361056617,0,High,0,554247
-2.927065931583309,1.605166093205524,3,Low,0,5263155
-1.3881965820831224,-0.32881025116624796,1,Moderate,0,56593233
-1.3795728786104917,0.19319305443428994,3,Low,0,69823755
-2.0522924790583175,-0.07249936322617334,3,Low,0,4424355
-0.6660802325051464,-1.958591659064343,1,Moderate,0,25598187
-1.0589657146085265,-0.5227648635056829,1,Moderate,0,59008941
1.8429281403916882,-1.3071416880180458,0,High,0,141466478
-0.589023832675603,-1.0245350811086105,1,Moderate,1,17668026
-0.2906631575120981,-0.24680748744393025,1,Moderate,0,1088154
0.7855868106925725,-0.8544154802962192,0,High,0,60496677
-0.22786429935711178,-0.5857238338199626,1,Moderate,0,68199597
0.25594978358943443,-0.7465466093467874,1,Moderate,0,63796482
-0.3207991865435464,0.4721175302181645,1,Moderate,0,20810088
2.128850772918682,-0.29017756515738036,0,High,0,43290036
-1.7210753288370635,-1.4414388843393329,1,Moderate,0,23914431
1.8011761062048315,-0.07236112303605463,0,High,0,145987772
0.06799533317675727,-2.201000273479156,1,Moderate,0,32322960
-0.8159668809948208,-0.8087040350884971,1,Moderate,1,106757478
3.081072979610869,1.4822574533754354,2,Critical,0,52423326
0.04463486055532557,0.5545285429803907,1,Moderate,0,3184848
-0.06687101489287274,0.5035845159059623,3,Low,0,59847858
-0.5088700371929118,0.03913457173895575,1,Moderate,0,109340271
2.779462186768268,-0.11480678068627426,0,High,0,28797309
-0.5425293473543469,1.6919545206666957,3,Low,0,50601906
-1.0070250181914702,-0.10402325317049937,1,Moderate,0,23456187
2.255234745019988,-0.1393559299842382,0,High,1,91801791
0.7506762296202089,0.36914151815692664,0,High,0,96113025
-1.8253100440924528,-0.5164947008725554,1,Moderate,0,105537447
1.345199380580439,-1.548871939251168,0,High,0,41775318
1.3903565278733856,0.6130354449941309,0,High,0,86640156
1.2481670464528438,-0.5870726418747512,0,High,0,57771063
-0.46027152502569674,-0.027475299285237936,1,Moderate,0,32426127
1.5200892958971137,1.0492422418891396,0,High,0,29138211
-1.390676333301617,-1.5043032098446512,1,Moderate,0,2924307
-1.5385051397327323,0.9945219308088028,3,Low,1,71754210
-1.6939880681791883,0.11484110176548488,3,Low,0,40874463
0.4168780315816541,0.1037384548119804,1,Moderate,0,46012356
-0.5329559533574737,2.1198896621446455,3,Low,1,88932222
2.493750955923297,0.28885930126615206,0,High,0,94183758
0.2662293999976162,-0.8334831363341838,1,Moderate,0,97663329
2.2672670524694105,0.2513124628684117,0,High,0,27823284
0.2744977083053546,-0.0073951754272694285,0,High,0,23538375
0.47143401065230317,-1.255537659166421,1,Moderate,0,45050922
4.672863421511777,-0.03146728602500319,0,High,0,43805637
-0.9990955906657014,1.07157552805584,2,Critical,0,51436791
1.1599169064996255,-0.32776043764716845,0,High,0,2107602
2.7030810505515026,0.7745388705219552,0,High,1,22053888
0.47386278929813963,-0.5377462921037119,1,Moderate,0,124526255
-1.2824223847747784,-0.8951160230028354,1,Moderate,0,42406479
-1.082952896821591,1.4731609436221158,3,Low,0,23353524
0.06799812365585853,-1.345912976286892,1,Moderate,0,77232672
-0.8563558133345976,-2.1124968961155073,1,Moderate,1,92671875
-3.035807996559763,0.5791663409924395,3,Low,0,84801267
4.122656650873221,0.1347417222948617,0,High,0,20934522
-0.21743339141234788,0.11760872982471826,1,Moderate,0,34954425
-1.723066930019217,-1.046376336715517,1,Moderate,0,91549044
-2.128230194740465,0.4520197834926134,3,Low,1,71270244
-1.3900892890209997,-0.21737364720128863,3,Low,0,21486078
-1.1047057810068068,-1.270228428542853,1,Moderate,0,105821100
-0.7390156380863662,0.9704953208751447,3,Low,0,2531934
-1.3352986314621955,-1.0534422464805386,1,Moderate,0,27919953
0.08666268752008133,-1.527117415092768,1,Moderate,0,53524827
-1.6918200016919696,0.3169876531839478,3,Low,0,25051500
2.8481576763383267,-0.6479969261169997,0,High,0,23206095
-1.9494883106021401,-0.7868820814178468,3,Low,0,682614
-1.9478866559010422,1.8180090454550613,3,Low,0,88533495
1.632276534511231,0.47082522650597675,0,High,0,103208076
1.7775123494914338,1.3303022437015328,0,High,0,72755055
1.0692743249583991,1.5632843153917253,0,High,1,33450138
-0.5455243558677606,-1.3632103005468923,1,Moderate,0,98230086
1.242845998282484,-0.14811052562075738,0,High,1,105538221
-0.994453609836469,0.041417183698208404,3,Low,0,6550191
2.219624815928438,0.6832112850219216,2,Critical,0,53543862
-0.20095134530760286,0.2638635319848208,3,Low,0,22947390
-0.28689593880615166,0.047442143514341575,3,Low,1,23141421
0.3519900181983775,0.005870642916393161,1,Moderate,0,23411331
-0.7665372921523386,-0.6137270534587764,1,Moderate,0,40970934
0.7266712585304534,1.120272354123709,2,Critical,0,105428934
0.0901457920776412,-1.5745124706723235,1,Moderate,0,7278246
-2.3835285017218264,1.967694626593729,3,Low,0,68486238
-1.1325403246118801,0.05613004479646687,3,Low,0,78616395
-1.9545801160297693,2.324859226130753,3,Low,0,46435437
-2.556947526946266,1.2219137181161572,3,Low,0,1239381
-1.156312277361128,-0.07963388854925114,3,Low,0,106612353
2.201787192456825,-0.8678900305790078,0,High,0,173304
-0.3451779221851251,-1.695094618533983,1,Moderate,0,1475073
-0.4823855206799792,1.5047409242530567,3,Low,0,57281427
-0.11306870928521218,-0.3954080790030499,1,Moderate,0,58133943
1.4732168454646424,-0.3157278882037799,0,High,0,38539593
-2.9343309344573796,1.9769950152520592,3,Low,0,59522913
3.0939368818604134,-1.8920493744645925,0,High,0,24129036
-0.4946760462077011,-0.7987967104484842,1,Moderate,0,81926361
1.5273914533705877,-0.052648539783449154,0,High,0,42939585
1.780815288751366,-0.9794416877142783,0,High,0,42579486
-1.0688783437484235,1.5403536482728593,3,Low,1,76547682
-1.2794153172200877,-0.33287418906932137,3,Low,0,108674406
-0.8161573792919021,-0.7392522715827109,1,Moderate,0,635634
-0.8395444428036484,0.006573960343003161,3,Low,1,21707325
-2.6274273373403187,0.9057362928251523,3,Low,0,94613391
-0.9645787224034236,-0.5693572333413185,3,Low,0,43926273
1.3342895230515346,-1.722270822970535,1,Moderate,0,21772071
-0.18631676370008543,-0.6151728031900597,1,Moderate,0,81624987
-2.0898983319187954,0.17364397995629982,3,Low,0,43783290
-1.947444373176131,0.49184542544917537,3,Low,0,38351727
-0.5675761744913442,1.9509485011585375,2,Critical,0,51583590
1.66940284540748,-1.6290429757903253,0,High,0,68408397
2.876691852961833,-0.0343409755953956,0,High,0,91330893
0.1748748638248726,0.11766315932299835,2,Critical,0,98426025
-0.07363195054871002,-0.4265134330066238,1,Moderate,0,23219091
0.6767915344093304,0.8886888033234897,0,High,0,18796203
-1.7601162181377672,-0.4757113335268011,3,Low,0,14346522
1.199769314139605,0.1585904022457365,0,High,0,34289037
0.4157753053208591,-1.8156984833048135,1,Moderate,0,31275360
2.415626133628404,0.6093153789178938,0,High,1,12748248
-2.3427739326584525,-0.6763376810172347,3,Low,0,5469723
1.6220838590511113,1.2518429784999892,2,Critical,1,23772546
-0.9754484148733098,-0.08439426087686662,1,Moderate,0,28669275
-1.75451717363183,-1.7471462438770797,1,Moderate,0,56271726
-1.721881965543733,1.0160250149103505,3,Low,0,61125147
-2.0119051335660325,-0.45078916950492803,3,Low,0,24262749
1.0685098181848027,0.36997992825912207,0,High,0,276606
-1.1121570015481521,1.1818385375640441,3,Low,0,42555699
-0.48685197115970635,0.1776243853770698,3,Low,0,77497218
2.4843988628087432,2.6339566556262324,0,High,0,38742624
-0.2163072021114028,-0.4218817723556372,1,Moderate,0,12026268
0.4542345083487987,-0.6466519063156657,1,Moderate,0,97010046
-0.28545444466721853,0.022635300217663055,1,Moderate,0,44240913
0.2518968750969223,0.7643047285852327,0,High,0,460989
-0.899489718979154,0.549413110167466,3,Low,0,90500193
3.4686701583670456,1.580595612941068,0,High,0,95298138
-0.9273966079935413,0.025301243346608746,3,Low,0,99052047
-1.8546362214539711,3.3702064397678138,3,Low,0,58986954
-0.5420195855790924,-0.371428230051506,1,Moderate,0,57955212
-0.5996096826093257,-1.3096769351997548,1,Moderate,0,112743072
-1.7993288939474832,-1.0909756799544603,1,Moderate,0,97443
1.7296990066774067,-1.543332690217721,0,High,0,94789602
-0.8600870367092965,-1.6999457321153542,1,Moderate,0,124328957
-0.9362856195991273,-0.029740878988435176,1,Moderate,0,100513359
1.037646235159083,0.5134875795063012,0,High,0,50484015
-0.4284959567175238,5.195605068335597,2,Critical,0,88785891
-1.4139701516354861,-0.9514193834436635,1,Moderate,0,103834458
1.3707413207558412,0.48725692918861346,2,Critical,0,84449790
-0.4008769811102529,-0.06213583658258156,1,Moderate,0,3682791
-3.0572037130061354,2.367335729322061,3,Low,0,85955634
-0.8961062336067106,-1.6983107164360371,1,Moderate,0,18850995
2.549226359104771,-0.35942180742710456,0,High,0,24574896
1.5813327249101699,2.3697264634162094,0,High,0,43182801
2.2769074772975313,0.7710150038221097,0,High,0,608355
-1.5634709895204582,-1.4770338914621544,1,Moderate,0,4547610
-1.0502565969905482,-0.4327158690599066,1,Moderate,1,819801
1.987495563896749,-1.2971322636728255,0,High,1,86344893
-0.05568689849168311,-1.3780172133086006,1,Moderate,0,98916795
-0.9314250669832833,-0.42196414515219444,1,Moderate,0,4612689
-1.077846345724154,-1.8975557549500308,1,Moderate,0,30029409
-1.1351639807635032,-1.2191290785001634,1,Moderate,0,62847504
-1.8887111120200257,0.016857974748951832,3,Low,0,927
0.19376594027626903,-1.1384941051311441,1,Moderate,0,71729352
1.9802132511296415,5.4227254794807465,2,Critical,1,88789707
-1.4291693417333988,-0.6509906334195176,1,Moderate,0,23460075
0.14746557788023726,0.14397352290061943,1,Moderate,0,90034443
1.8721023197567357,-0.5342265870801345,0,High,1,79550163
-1.725831672873914,-0.20579408231750773,3,Low,0,46845711
-0.850212729354231,0.2599527784330251,3,Low,0,2981187
-0.2281757475392086,0.3373223704611505,3,Low,0,18771660
2.24960762298264,1.0169908589697254,0,High,1,109073709
0.8549849759545447,2.152881706969983,2,Critical,0,106053984
-0.7811907952074132,1.9477248670310625,3,Low,0,25574562
1.4750544040147568,0.1764632921179977,2,Critical,0,41655591
0.18650153028317226,0.44919930559331317,1,Moderate,0,91139841
0.025128657330222213,-0.37936300334363254,1,Moderate,0,68195007
2.638982262360211,1.225807016386936,0,High,0,89973036
0.08476862525651521,-1.4806347790184553,1,Moderate,0,42645744
0.833203122717517,-2.3612901591767943,1,Moderate,0,61850727
1.5500986196430717,-0.906522866317203,0,High,0,83652336
-1.2439617014467066,0.5568349754553642,3,Low,0,3053970
-2.1755144872112995,-0.8654858025401331,1,Moderate,0,12501738
-0.5681159666143204,-0.7088358830078809,1,Moderate,0,796122
-2.402220674716564,0.43515353686711583,3,Low,0,80846541
0.12141559237733929,0.8554980160134278,1,Moderate,0,41882805
-1.8196795996755881,-0.4609536298267726,3,Low,0,23605038
1.077938451138801,1.930617084331502,0,High,0,1403838
-0.6937794448100166,-0.0748582791514732,1,Moderate,0,42593769
-1.8692412044378872,-1.0779456169348602,1,Moderate,0,3132000
0.964154544071279,1.1393073608435402,0,High,0,99666009
-0.5815267420166046,-1.5656134130099357,1,Moderate,0,12493296
-0.9368692018838638,-0.16349022472824043,3,Low,0,692064
-1.673020938900158,-1.1754139837183137,1,Moderate,0,23492025
2.053065744461122,-0.9578918726474251,0,High,0,79614
-0.48754448292753044,0.4519683235798301,3,Low,0,111055230
-1.251727830813774,-2.0399599882575274,1,Moderate,0,44679375
1.7199475975071232,0.43549386860381,0,High,0,74376900
0.42657608460601665,1.1504308249422868,2,Critical,0,87522156
1.4690749580846723,-0.027342511249941973,0,High,0,95437782
-0.43231228479403916,-2.0275698822124837,1,Moderate,0,96312708
-1.4260813036730833,0.0013960201333721462,3,Low,0,5380101
-2.179495764869294,-0.21683597111968486,3,Low,0,6179949
-0.44315695457822873,-0.14830615610745215,1,Moderate,0,43405389
-1.167715710777631,0.7388358393510769,3,Low,0,279009
-0.30906353239351764,0.5564847603123562,3,Low,0,8717166
-0.9164980635553172,-0.8111912670611406,1,Moderate,0,24027246
1.1385633862129645,0.3544509618594774,0,High,0,1257759
-2.4837563254598995,0.03239935029194786,3,Low,0,97986240
-0.8078593251300724,0.15906818207668513,3,Low,0,85915674
0.6167677938653714,-0.24867816805294404,0,High,0,19636236
1.8846617901509486,1.5205749781910496,0,High,0,95494239
0.4536702366500633,0.9704757302488833,0,High,0,45433215
0.07010328019439006,-0.7571265257367761,1,Moderate,0,21288591
-0.3177354623560448,1.037974611479591,3,Low,0,2771316
0.7069760324768127,0.1377234449895301,0,High,0,34301979
-1.6780411445555619,-0.5274789602794054,1,Moderate,0,53229249
-1.2790771604362272,1.2075296835754865,3,Low,0,95586498
0.06272535324185886,-0.9854799196034574,1,Moderate,0,3346839
0.6469519772768723,-1.2483838931854818,1,Moderate,1,97648416
0.43732227009951113,-0.6021931196052371,1,Moderate,0,51984495
0.3382847443511498,0.2940243414937121,1,Moderate,0,71672355
-0.5403537590453615,0.2245130231930593,2,Critical,1,2544561
0.00048533873628856,-1.7143416190315222,1,Moderate,0,94165848
1.9081014710125377,1.3878943503447214,2,Critical,0,106920747
2.0578100233654246,-1.0144947481524376,0,High,0,23433021
1.8499700290258672,-0.431587923868313,0,High,0,42677748
2.0542968651037326,0.015321675219860305,0,High,0,3344184
1.2272775415772343,0.5420391474093422,0,High,0,3697848
-1.7329856801096462,1.0710206319611872,3,Low,1,56206935
-1.8607296448266732,-0.3314882426192106,3,Low,0,13624659
0.924313945192763,-1.093020703745373,1,Moderate,0,71470377
3.9145326378029455,0.9401865495682671,0,High,0,85967370
0.9449120024832143,-1.0849036026427172,0,High,0,1264536
0.282694455669863,-0.18981257250526348,1,Moderate,0,88125012
0.5691992251144921,1.1839564470393318,0,High,0,95739750
-0.563679420575923,-2.333360545872083,1,Moderate,0,88530390
-0.4467212632587728,3.6583803935024855,2,Critical,1,88533495
0.550898195134209,-0.12085209917543473,0,High,0,97152813
-1.9265839473345618,0.7460292145088329,3,Low,0,35350695
1.6077635364412903,0.3856271431438196,0,High,0,92317950
-1.570826571781173,-1.0417453053213617,1,Moderate,0,38165310
-1.0051020288802186,-0.0017631866133572917,3,Low,0,3836538
5.263815467806349,0.9294320150173179,0,High,0,25027083
0.13613229693013973,-0.28701754868345214,1,Moderate,0,87192855
1.721628402786547,0.33671130975557734,0,High,0,87364467
2.4133200675798827,-1.0213607324286218,0,High,0,22269537
-1.1968898343396814,-1.9362004926199774,1,Moderate,0,64634472
-0.6621401311118483,-0.4460208079120978,1,Moderate,0,67078368
1.2060731677898386,1.277148320090932,0,High,0,100706733
-0.9626066702720812,-1.3055947896677482,1,Moderate,0,15722586
-0.674968973647853,1.066625396198704,3,Low,0,93365379
0.35720185005661925,-1.695858512158141,1,Moderate,1,9409851
-0.4648122493415603,-0.3968927756652351,1,Moderate,0,1773765
-0.9301793691738154,-0.22103882077049372,1,Moderate,1,20471211
0.7363551014134035,-0.13357598723271027,1,Moderate,0,80871291
3.8336457997283944,1.1245650362638318,0,High,1,14777334
-0.08262734347149907,-0.7887304858285222,1,Moderate,0,65504043
2.9861546444641407,0.7040699401652876,0,High,0,45505809
-0.27051606156832814,-0.6899606726161144,1,Moderate,0,38736666
1.3423151197606769,0.5442317674727585,0,High,0,43417926
4.706535514013584,-1.136852832775846,0,High,0,65926800
1.7711495045447798,-2.1743061875127196,1,Moderate,0,73497915
1.6404722544848367,0.583206815967038,0,High,0,59385906
0.963389555754426,1.5302593083890021,2,Critical,0,45506790
-0.3359657064639741,-1.21245266995331,1,Moderate,1,82289700
1.8702635809016637,-0.4914959893530302,0,High,0,63379584
-0.14474637019861814,0.537816265571524,1,Moderate,0,110800251
-1.4076986095082258,-1.3515317100308544,1,Moderate,0,23974389
0.21705504301493253,0.010953909397889277,1,Moderate,0,2561463
-1.2103313332984071,-0.7023221767394664,1,Moderate,0,23872788
-0.21031641281534397,1.8255082738494697,2,Critical,0,23338323
-1.0417166157523021,0.1853681257897637,3,Low,0,2110014
-0.8296921710920026,0.9610984131234301,3,Low,1,113983713
0.2846970169936571,-0.19097393903187335,1,Moderate,1,41825340
1.634761827831278,0.2877767887219364,0,High,1,40382109
-0.12205594314119686,-1.1877437075199309,1,Moderate,0,22226850
-1.857192436147051,1.0519997712854545,3,Low,0,67708512
2.3645607923433896,-1.1998136367291994,0,High,0,11537145
-0.32677997861638647,0.436859566725967,3,Low,0,29108259
1.1568329931609407,2.236870898967581,2,Critical,0,88932222
-2.0377178262713813,-1.4333751657787503,1,Moderate,0,93377601
-0.7919461879638294,0.09531685005564086,3,Low,0,90794592
-0.09331490096582849,0.03565564350166946,1,Moderate,0,88304310
-0.4262659331593868,1.1770037180081465,1,Moderate,1,40473189
1.0586907427633505,-0.17879125414896077,1,Moderate,0,107336322
-0.12696419093716207,0.173922206075792,1,Moderate,0,11505870
0.44339106787108923,0.8212655420003037,1,Moderate,0,62691192
-1.8526446614689072,2.119569087082198,3,Low,0,59637969
0.5227936478990847,0.462550035993219,0,High,0,44833149
-0.07513914174844918,-0.5114932163485656,1,Moderate,0,186234989
1.7619718666034818,-0.4084818110864837,0,High,0,915291
0.026511871375747093,0.5326867471509019,1,Moderate,0,24110847
-0.864421555754277,-0.282195167793902,1,Moderate,0,109303614
0.500203794354163,-0.1491564566707414,0,High,0,110768202
-1.2437978127617597,-0.3103227391777485,1,Moderate,0,85020552
-0.6657186394900386,0.5782980523276916,3,Low,0,33182010
-1.7682821727599276,0.49117162133193465,3,Low,0,18303687
1.1529283722036903,1.0008051523605916,0,High,0,57217887
-0.06718430540058586,-1.721941124211006,1,Moderate,1,20024433
-0.813925877540875,-0.4680334155914429,1,Moderate,0,99951984
-2.588709198123309,1.6423320377833066,3,Low,0,169029
-1.2963388920055898,0.46053808034668386,3,Low,0,101310759
-0.4227826458777714,-0.07054376909073096,1,Moderate,0,107768889
0.32786038757102076,0.4412853969645891,0,High,0,89621208
0.4834978378714128,1.5320428415779035,0,High,0,99807939
-1.0562776173367057,0.8157180925643966,3,Low,0,13023792
-2.74437001353964,-0.14301452120662536,3,Low,0,35170128
-0.34492615779653335,-1.6294855516546896,1,Moderate,0,62366130
-2.6642498855660963,0.9839814688565347,3,Low,0,1068030
-0.6926087688282992,0.36063879047664227,3,Low,0,327672
3.4135297317081013,0.8238042295888772,0,High,0,90081855
-0.005715071890089783,-0.8942821252890291,1,Moderate,1,5043762
1.0720038590551777,-0.04926642476993015,1,Moderate,0,43393878
0.07389087161792829,-0.9451525208542395,1,Moderate,0,902799
-0.32968129423069886,1.1199923833884513,3,Low,0,68380470
0.7913449746564466,0.8782609307023472,0,High,0,66689325
-1.4638542998770352,-1.1904019628431983,1,Moderate,0,114390756
-3.1842196428115694,3.5049951741004017,3,Low,0,111713175
-3.5714957734451045,0.913596673283588,3,Low,0,84809250
-1.5420089239315815,0.2560071199199078,3,Low,0,24871806
-0.6813027219453189,-1.38816512139459,1,Moderate,0,11116206
4.504492008400454,1.548698836458309,0,High,0,111569076
1.1478352358533728,-2.241153161829202,0,High,0,43147395
-1.0412150783985128,-0.8770780098502698,1,Moderate,0,56289330
-0.4376194728045095,-0.29991165758990157,1,Moderate,0,112919760
2.361235855422072,1.7513822018348746,0,High,0,106568028
4.162588822165143,2.2873612563254415,0,High,1,91515492
1.280426364196967,0.2943779185342635,0,High,0,53670114
2.884355492657948,0.0498595275622882,0,High,0,23790528
0.18151882651023468,0.9016053672170519,1,Moderate,0,85061286
-0.35373064730244075,-1.0281869576799707,1,Moderate,0,141975131
0.5368409474977925,0.20535318257012763,1,Moderate,0,31143366
2.0129066272743166,0.3182349873624298,0,High,0,25454187
-1.421501745740493,1.2183231434486108,3,Low,0,95886630
0.7058763179135534,0.6164222048050259,2,Critical,0,50829453
-2.842315790080454,1.6139675294724793,3,Low,0,37349451
0.3680452433952477,-1.0083690977230573,1,Moderate,0,23320953
-3.995518636881059,1.74601124408042,3,Low,0,6676524
-0.35886963209141853,0.9198031074612006,3,Low,0,85570650
-2.7253352502122943,2.0136714688465025,3,Low,0,84785292
-0.0414857697845661,-1.8506922290136785,1,Moderate,0,61850727
1.4222247733342182,-0.12418448928030468,0,High,0,58121703
0.49873792870149647,0.07536969620053438,0,High,0,5159286
-2.7290298334912686,2.7812725134524405,3,Low,0,100041714
0.3420020380105395,-0.9278132033335774,1,Moderate,1,3739176
-0.8147398181476043,-0.7305281290680188,1,Moderate,1,25330446
1.4359279554134643,-1.4009701226718811,0,High,0,99918360
-2.185215664418709,-0.2955046303333344,3,Low,0,4962987
-2.1781746328768254,2.4737245021605934,3,Low,0,46845711
-0.4810067183236686,-0.11702050224744635,1,Moderate,0,44047314
0.5613024746522677,1.3521617112872852,0,High,0,31854177
0.29695951512669433,-0.12503758560276138,1,Moderate,0,103595292
0.6253966113022728,-0.6062365312053817,0,High,0,85107672
3.0417811859479875,0.039925043445136324,0,High,1,19095309
1.2229161877531078,-1.1855177318240906,0,High,0,20451519
-1.6145822110930574,-0.7336019376349543,3,Low,0,678942
1.06268354716796,0.3651524744425718,0,High,0,106419474
0.30129002862288623,-2.0083978779370417,1,Moderate,1,59359923
-0.2071161660047632,-2.03229521962702,1,Moderate,0,54918270
-0.5319685492086633,0.886250700010988,3,Low,0,16516467
2.1099363933409068,1.3174478856187337,0,High,0,85038417
0.15033798687825553,-0.32610831515576133,1,Moderate,0,20503998
-1.2222111791689871,0.21893394883468406,3,Low,0,398313
-1.2650115821942927,-1.171722683116627,1,Moderate,0,28116576
-0.4456698360604172,1.1965406189858006,3,Low,0,377712
-0.06720670013429783,-0.21728452927293165,1,Moderate,0,40132314
0.29767429167916,1.4751857074612342,2,Critical,0,23232276
-0.8387977274936383,-0.6925684019113166,3,Low,0,41358429
-3.293817991522079,1.0107071220359618,3,Low,0,8677017
-0.2964079649045703,-0.3668396889587629,1,Moderate,0,41911632
-1.2639597842040649,-0.6748898689493154,1,Moderate,0,34200351
-0.9055765860858761,2.6699448722521657,3,Low,0,43598718
2.9139946486282438,-0.7830709461149831,0,High,1,1303902
-0.1872781946930072,-0.6503013815002195,1,Moderate,0,7919802
1.9596871837308367,0.4239751618628759,0,High,1,67982049
-1.680540701885945,-0.20603618455270087,3,Low,0,97335954
-1.718291380900934,0.11439612711337965,3,Low,0,10638585
1.9503220646656414,-0.8950038542134002,0,High,0,11557125
-1.3949089797140668,-0.935546057964699,3,Low,0,103424697
-1.565638746668727,-2.5552169498265824,1,Moderate,0,89489322
-0.13108695162125822,-0.7037306081609551,1,Moderate,0,990306
-2.8572833127956754,1.71268730141805,3,Low,0,584235
2.921335738295475,-0.7782442300507175,0,High,0,23307093
1.1044512628084793,-0.5927789625050854,1,Moderate,0,40502115
-2.57862186193605,-0.6436712855639273,3,Low,0,25057602
1.6632000568259584,0.3609146591037593,0,High,0,115019739
-2.4373661516477085,-1.325207427298698,1,Moderate,0,105191856
-2.3610084881753814,0.586176515931394,3,Low,0,865008
-0.24741448995126375,1.2765456387065206,2,Critical,1,106576668
-1.9707784160624908,-0.3412094809824311,3,Low,0,79348149
1.1086413777504585,0.02653351415176453,0,High,0,107804349
-0.7157587521145897,0.5192133429768129,3,Low,0,108469440
-0.5282943567407651,-1.5118769333395556,1,Moderate,1,38539593
-0.2646858129072562,-0.603635001093173,1,Moderate,0,1889028
0.8554379735089677,0.2369100429082979,0,High,0,55119555
0.8390305846247664,-0.6796926757599233,1,Moderate,0,25024779
-2.1115954499700145,2.036611596706334,3,Low,0,43767378
2.3467243187717908,0.5528653699959046,0,High,0,32201091
-1.1682548324253095,-0.005501280769774434,3,Low,0,115067349
-0.21505163306766478,-1.201290271624622,1,Moderate,1,33389658
-2.5291367943040703,-0.02918726668988034,3,Low,0,21135024
-2.290269783727649,2.431666094766023,3,Low,0,2311560
-1.203725191170193,2.1473622602328657,3,Low,1,85853961
2.6721910762342205,-0.8343579376651112,0,High,0,89487558
-0.675946658030945,-0.7031992543041166,1,Moderate,0,11254680
0.1769927556191031,-1.1308776185108353,1,Moderate,0,94040946
-1.2561744192912525,0.05604037139552123,3,Low,0,795681
-0.973212172089962,-0.02361970484697434,1,Moderate,0,8420319
-0.6605306673589981,-2.2034979188623893,1,Moderate,0,104195799
1.7954647445807654,-1.7045537561972943,0,High,0,41783481
0.3858712366687264,0.750216874511773,0,High,0,84280914
3.249031097281645,-0.4164637499941038,0,High,0,99974826
2.5349808884041622,-1.0167591772146314,0,High,0,111569076
-0.7085620818743501,-0.44546208520000524,1,Moderate,0,12285837
0.641771822017207,1.6654235328789948,2,Critical,0,92811591
0.22210073866202457,0.7071040367731586,3,Low,0,113800545
-1.7623554108071204,2.3248985316637647,3,Low,1,85020858
1.879408884768308,-1.72082434249791,0,High,0,85931100
0.14696444328731814,2.072456569339432,2,Critical,1,51509628
0.17663219118642104,-1.0293687186598444,1,Moderate,0,86241888
1.387724120129272,1.5901058504095624,0,High,1,92113686
-1.4814617684484919,-1.8240058431609245,1,Moderate,0,80322957
-2.0035882433816092,-0.5913217163438351,3,Low,0,54285363
-1.926956391522942,-0.8302678345748703,1,Moderate,0,1489491
-0.17855651480871942,-0.7892511559455427,1,Moderate,0,99191385
-2.0330833344788712,-0.9787638250028619,1,Moderate,0,25376670
-1.0608505444969734,-1.457012203241505,1,Moderate,0,46571994
-1.2054650913638794,0.9583736834794222,3,Low,0,3672774
-0.9098017611206947,0.4893841180560831,1,Moderate,1,57902751
-0.1746920335576242,0.47414923581894636,1,Moderate,0,85227039
0.19922356934404972,-0.5174605542101407,1,Moderate,0,9215118
0.43843065252909363,-0.7737692571873352,1,Moderate,0,40422150
-1.8724296779721556,0.2400124481971632,3,Low,1,2733471
-0.3605558644190092,-0.6591296926035491,1,Moderate,0,5534172
0.24708148674630503,-0.6646525516444175,1,Moderate,0,5182749
1.4312680107495386,-0.2607773689766644,0,High,0,68996916
1.1117749736070581,-0.5013306691025163,0,High,0,125369483
1.3447841928401651,1.678853449630488,2,Critical,0,33402969
1.8700184663190933,1.1069190374425977,0,High,0,45258435
2.0473305312469092,-0.137919841237351,2,Critical,0,40935762
-0.4929668575663192,0.12704953267743005,3,Low,0,25403787
1.473611757575413,1.494957130474117,0,High,0,40958892
0.020476789398987966,-0.5746642914992511,1,Moderate,0,180517235
-1.3916998532324658,2.243857947051168,3,Low,0,108329409
1.0823281236486384,0.03885636173945224,0,High,0,21859497
0.8568448108044371,-1.268206816673102,1,Moderate,0,41589828
0.02403504944854747,2.1873139104966453,2,Critical,0,41199993
0.6620745729282704,-1.4178879645854356,1,Moderate,0,34548651
-1.4480324155021975,-2.0966993798145617,1,Moderate,1,100623699
1.994147477782516,1.6993781822161038,2,Critical,0,70944795
-0.5203177937693764,-2.0293340746715196,1,Moderate,1,34507611
2.008251699764882,-0.5227691280794309,0,High,0,35736885
-2.01202522323152,-1.4396696788787533,1,Moderate,0,24640101
2.251580904713722,0.6756499089778134,0,High,0,92223306
-0.13371765812787398,0.3607334196002952,3,Low,0,32975496
-0.9371895371686387,-1.4364997920346845,1,Moderate,0,85932468
-1.7085349431922787,-1.2829322373957872,1,Moderate,0,89837226
0.9079201598842417,-1.2052714242639566,1,Moderate,0,38908287
-0.030826208847279424,0.09802559078038454,1,Moderate,1,40941846
-0.4690785282715595,-0.8266412771071816,1,Moderate,0,44136549
0.8613660675244004,1.3305260886138635,2,Critical,0,34221654
-1.5973391864994093,-1.7061209609401986,1,Moderate,0,98462151
0.38427294205320073,-0.47577138749821263,1,Moderate,0,2843730
-0.9035969407549195,-0.5004473780218655,1,Moderate,0,89967627
-1.3827543464377097,0.32634843686927684,3,Low,0,23195628
1.7047828111146157,-0.6727860227254985,0,High,0,113289759
0.5143025741177781,0.7535169380112474,1,Moderate,0,44204553
0.6919779987343588,2.60638318458422,0,High,0,20712681
-1.2125413632375999,-0.715603804047276,1,Moderate,0,135657
-0.12764467359596912,-0.8660907535253473,1,Moderate,1,80778276
1.5513229348829654,0.7376398944418976,0,High,0,24468183
-0.6336131433696444,-1.069430359159587,1,Moderate,0,152563541
3.735392183704923,0.7238980823916722,0,High,0,91688310
1.5248431771609652,0.6813236716734697,2,Critical,0,38905092
0.3567994016297804,-1.370338290584641,1,Moderate,0,91209096
0.1361846919251098,-0.18814074243106663,1,Moderate,0,59695299
-1.1106034903329278,1.6569179048418605,2,Critical,0,23399685
-2.605843367280967,0.7428200489736781,3,Low,0,686079
-0.05634404716493732,-0.9424756462829292,1,Moderate,0,827604
1.5833482293041745,-2.2963546830060353,1,Moderate,1,107018163
-1.918284813578121,-0.2563154554955022,3,Low,1,40869729
-1.3268236382958674,-0.40792325306610044,3,Low,0,45232380
0.8689802479882822,-0.641465936119649,1,Moderate,0,94144383
4.739213082616203,-0.5074739312209263,0,High,0,23985918
-0.698144060151563,1.460680061940755,3,Low,1,8710551
0.5622099563461711,-0.18054307050945428,0,High,0,180927806
1.1125763085122822,0.49611261994020583,0,High,0,41549157
0.919544173308928,-0.6658598706745531,1,Moderate,1,85740516
-2.102980275248102,-0.55205240371901,3,Low,0,59419593
0.9988728775732696,0.8302096651096649,0,High,0,106590807
0.26569534680355705,0.18981295802182382,0,High,1,95718573
-2.9168888711489465,0.27724950927001174,3,Low,0,3841146
-0.18133738707114758,0.31191174355295387,1,Moderate,0,61754247
-0.4289764253036691,-1.1562075051900498,1,Moderate,0,73308843
-1.5579921394022584,-0.39686198685919527,3,Low,0,53753607
1.850530928369935,-0.26043709422118,0,High,0,48378312
-1.0898443279813728,-0.9553278466987988,1,Moderate,1,9680508
0.336525993063787,-0.9237646089373801,1,Moderate,0,104823477
-2.7175014503777697,0.8200046744050221,3,Low,0,6199767
0.3356004252146153,-0.485111166433187,1,Moderate,0,34954425
-0.5819416359258172,3.5055369866272716,2,Critical,0,108000405
0.36358092251355373,0.3614551979880923,1,Moderate,0,182082029
-1.1439096117200567,-2.1925303491825248,1,Moderate,0,59353344
3.643066253038058,-1.0612867473550989,0,High,0,24586461
-0.8487763994844629,-0.8433831161447782,1,Moderate,0,95838858
-0.777599914334153,0.08598424069234274,1,Moderate,1,23433057
-1.3054376742608105,0.7533594924201925,3,Low,0,3429963
-1.4031878604879637,1.3325470654496878,3,Low,0,2073456
-0.6024924963804585,1.3409161658157922,3,Low,0,80145549
-0.28310695656147705,-0.09137882202284947,3,Low,0,43109838
-2.936761710101942,1.4872235766522897,3,Low,0,59961006
0.10571448021952952,-0.766201309112296,1,Moderate,0,122835497
1.6058938559151479,-0.9352578612835573,0,High,0,178236
-0.2176684216384615,-0.6436799317481454,1,Moderate,0,52161750
-0.23643595774615345,1.4112510080868435,3,Low,0,58186836
0.5691115922926956,-0.7153733328561288,1,Moderate,0,104991066
1.046189540852093,0.4105765290860262,2,Critical,0,14780889
-1.3042244657071564,-1.0242660449712353,1,Moderate,0,67184541
2.283165379179557,0.11482653488314234,0,High,0,94456350
1.2484764631905898,-0.03141570443943789,0,High,0,43281954
-0.28333572813188224,-1.3209231332874205,1,Moderate,0,94355532
1.189453656334163,0.6881850491758064,2,Critical,0,44717193
0.02364508133677121,-0.7370611678512105,1,Moderate,0,817659
2.977014881040928,0.9254490758439431,0,High,0,44683875
-0.8816433660370309,-0.12221635715824386,3,Low,0,99766413
0.2810181394587387,1.7271057217795625,0,High,0,95809905
-1.1746441988105198,-0.0773317436176787,1,Moderate,0,60085944
1.9506808763887726,-0.20129904746467103,0,High,0,22900473
-1.1210413654440026,0.7354119600925552,3,Low,0,94534542
-1.1331039588409688,0.8917403028047455,3,Low,1,90423333
-0.6675279411363103,-1.0470478460807298,1,Moderate,1,35363484
0.6057093601866935,-0.7859815087081193,0,High,0,10393776
-0.5444923886851126,-1.4099912195215571,1,Moderate,0,102292533
0.5987072684774037,-0.3773417267074085,1,Moderate,0,32961582
-1.8054224910753822,0.5296382533488785,3,Low,0,137529
-1.691522607671476,1.0125905907597723,3,Low,0,106171740
0.9994870511636987,0.21861944685270868,0,High,0,57920301
-3.6207034662602613,0.726302163383543,3,Low,0,115070778
-2.3743119260499137,3.0440470063092713,3,Low,0,65585061
1.4881083797751895,-0.26199188175885374,0,High,0,106299207
-2.1885219162944622,-1.8711794767672159,1,Moderate,0,37202922
0.668969256087818,-1.6141177717376147,1,Moderate,0,99341604
-2.1037268166100347,0.900237589725796,3,Low,0,17096949
-1.848547139720288,1.1439975556841842,3,Low,0,24046452
2.248778996224219,-0.5279990222495082,0,High,0,44073
0.5710101783013302,-0.16904609184387218,1,Moderate,0,98594235
-2.5514017677372482,1.020326451439086,3,Low,0,23083560
0.04474038514477982,0.9803914066386963,3,Low,0,85433463
4.212411831183877,0.19183642065364423,0,High,0,22908303
-1.6226720319117123,-0.3215465539774593,3,Low,0,1535796
0.6982027653239933,1.0575611737078736,2,Critical,0,85202748
1.5455674922750793,-0.3870729304192744,0,High,0,87910479
0.6496261393490721,-1.596700423694044,1,Moderate,1,24993873
2.6294865934048364,-0.7076847096621061,0,High,1,20729457
-1.1238995069754238,-0.9837072540996536,1,Moderate,0,23221647
0.6781583313104642,-1.3992812146333853,1,Moderate,0,78614028
2.1046597996452068,5.52591986101844,2,Critical,1,88785891
2.2774698791927035,-1.610765367891873,0,High,0,3321378
-0.30927749074326427,-0.3477788917238868,1,Moderate,0,9681453
-0.033716470283084055,-0.32759517803061033,3,Low,0,1403361
0.6338567306593192,-0.8480820575058388,0,High,0,3242448
-0.6283861289446206,-0.5033740832842037,1,Moderate,1,33375582
0.23565126674337344,-0.39799176574482314,1,Moderate,0,14156001
-0.12872906671769632,-1.2384632807772198,1,Moderate,0,60508638
-0.2700128190319558,-1.06699885874456,1,Moderate,0,99602856
0.6599399329655105,0.49596848948667754,0,High,0,41284737
-2.586507395681365,0.4886612142377981,3,Low,0,55117323
-1.1194054258421393,-0.9805961465078036,1,Moderate,0,19929051
-0.5440344442564344,0.7786613523785503,3,Low,0,34820838
-3.931489913201066,1.0910389797727356,3,Low,0,20655603
0.9870313056027221,-0.2641947853828485,0,High,0,142192652
-1.215445067006272,-1.1154827946882442,1,Moderate,0,83058525
2.3253647576590186,-0.44982666584202896,0,High,1,74824281
1.1429635760450445,0.030322327668433336,0,High,0,66182751
-1.380615115119491,-0.9924434045406239,1,Moderate,0,63642429
-0.17185585095866748,0.9907397836280143,1,Moderate,1,6142500
0.6506955847264521,2.7218429989160775,2,Critical,0,94297905
-0.2303148530379948,-0.44815954747660286,1,Moderate,1,398313
2.45467651054331,0.6732976534819733,0,High,1,80367957
0.22314219343702646,0.3973837128566741,1,Moderate,0,2876463
-0.6774003158044263,0.8816751551950006,3,Low,0,88792254
2.5583968246527573,3.4866815741427155,2,Critical,0,55242684
1.4800084446160864,-0.3825252743989166,0,High,0,176012348
1.0978794817543807,-0.3392087706837678,1,Moderate,0,100424034
0.023315136545933035,-2.0765990007180544,1,Moderate,0,54653211
-2.4673355802731423,1.1867736375191065,3,Low,0,3598173
-0.02632272418922572,-0.494243815540461,1,Moderate,0,43761636
-1.5567932058819591,0.9664858258077391,3,Low,0,89763678
-0.4560179986730686,1.023159894983416,2,Critical,0,38147922
-0.08990906932514467,-1.7531563858838244,1,Moderate,0,93962421
-0.8644394067683325,0.7718374157557717,3,Low,0,68716620
-1.3406923797701875,-0.45294154719528973,3,Low,0,1142559
-0.6363456258374804,-1.4052249772982495,1,Moderate,0,111784842
-1.6137579800522541,-1.2954799534352144,1,Moderate,0,135487859
-1.9408487699033827,-0.08789601111604912,3,Low,0,86692311
0.778962466919362,-0.6690810665585228,0,High,0,89822610
-0.5126437003173449,0.356203079396469,3,Low,0,70318233
-0.47621039258752496,0.8425351198910449,3,Low,0,85243185
-1.232222749452753,-0.8402770536218567,3,Low,0,25184025
-2.9600252359857158,1.428387698447346,3,Low,0,33380154
-2.4898504540842397,0.3560179607098873,3,Low,0,23999787
0.12760900772135628,-1.2210511950342724,1,Moderate,0,53303238
1.5326544461939808,1.0387318481240868,0,High,0,24260283
-2.533632273279234,-0.22730562617937924,3,Low,0,78149439
-1.4519664773397207,4.634949372832955,3,Low,0,59963562
0.7350614517763724,7.145077227128354,2,Critical,1,88789707
0.3265260903000632,1.7434846287459576,2,Critical,1,40717512
-1.242754271328292,-0.4569167309717228,1,Moderate,0,85330323
-2.3702044241430302,0.3911154890641877,3,Low,0,109816038
-2.5887469745142035,1.4661611533240324,3,Low,1,327609
2.7182777336422235,-0.09772319913768142,0,High,1,40713660
-1.459422672134443,-1.0371635743155672,1,Moderate,0,5041548
-2.180122318687432,1.403035908150544,3,Low,0,1949535
-0.2390205600593051,-1.239824936479892,1,Moderate,0,41178024
-0.07709998300144126,0.08475095487364523,1,Moderate,0,55113840
-0.061612165430458735,0.2944148713635991,1,Moderate,0,89835417
-0.7018745700730662,-1.9131815826835146,1,Moderate,0,44595306
1.6746384862173418,-0.23141480335418826,0,High,0,13790052
1.172807637248479,1.6315561679221893,0,High,0,91688310
1.487159778992122,0.3442821009074078,0,High,0,23103855
2.3087317285470346,0.13244023445022352,0,High,0,91880685
0.22657110041646977,-0.9094028062362238,1,Moderate,0,90864855
-0.6347428240452032,0.5094351542091419,3,Low,0,7200045
0.4166829751040085,1.1587571304485629,0,High,0,814509
1.6174036798218998,-1.4933503977318583,0,High,1,30863736
0.26385500549758484,1.1802007998614286,2,Critical,0,63870129
-1.2423853550791668,-0.6791817319452474,1,Moderate,0,86579127
-1.1617727105025843,-1.5848662722717206,1,Moderate,1,77567004
-1.6073656645284131,0.5913249274423542,3,Low,0,49896378
1.3006224075940063,-1.1495172631582968,0,High,0,37459422
-1.6406243526026651,-0.8288037460489851,3,Low,0,43900542
-1.0479042507425584,0.4121426941789483,1,Moderate,0,90694719
1.2072779925995758,-0.18049198301158922,1,Moderate,0,56200311
-0.31856809520530754,0.9903648231332971,3,Low,0,41501952
1.8177579590575368,0.17947267066256603,0,High,0,59609205
-0.3017560557544231,0.7089285135807859,3,Low,0,16753698
0.7100404168785768,-0.2930173076498614,1,Moderate,1,2635686
0.2765360407928032,-0.8128972618503512,1,Moderate,0,86765814
-1.1137143589921823,-0.46786725072588314,1,Moderate,0,41202513
0.7391530513698781,-0.3208279681189163,1,Moderate,1,24540075
3.890890909736625,-0.049279296903504445,0,High,0,52546743
-1.0337551901733724,-0.651103723146721,3,Low,0,769464
-2.1825687163200636,0.4096096849868084,3,Low,0,103564422
2.418254161926476,-0.2959228000737433,0,High,0,45863523
-1.781814444718845,0.7434291893945997,3,Low,0,96426270
0.16298709200302566,-1.398597701044199,1,Moderate,0,24901497
1.1860941328064198,0.38939221634093457,0,High,0,100560699
4.134980224280081,1.4015434937818352,0,High,0,19749510
-2.1645760099131524,-0.7375850330041248,3,Low,0,41882805
-1.917380386449352,-0.32056403769905933,3,Low,0,16425
1.3853484036329795,1.3783435316359518,0,High,0,311157
2.6329497154673276,-1.8891619430057187,0,High,0,19251252
-0.8765457795769019,1.2536440558349937,3,Low,0,74182482
-1.2422444962546568,1.750770559998402,3,Low,0,60272478
-0.3515524803442326,-0.16244901846449203,1,Moderate,0,76694211
0.6330723285954286,1.3889598443474622,2,Critical,0,14189319
-0.5284649112177363,-1.9291260578345006,1,Moderate,0,55602243
0.9033073714393591,-2.462657419797756,1,Moderate,0,111860190
3.5364345234735928,0.9742505339038139,0,High,0,21798774
2.8151570662830534,1.0092621320789175,0,High,0,17538615
-0.5028787210343948,-1.6547707202078512,1,Moderate,1,100461672
-0.031009272658786276,-0.5437169492959395,1,Moderate,0,15373359
-2.230157163039701,1.6265405433656348,3,Low,1,89763678
0.08588128461337287,-1.0063446006896852,1,Moderate,0,91242
3.274408866221176,0.07020273105187999,0,High,0,41918265
-0.20099114725816122,1.31724885904015,3,Low,0,20712681
-0.42525497985688654,1.144064071049847,3,Low,0,98803836
-0.9730620607740059,1.616840661403619,2,Critical,1,85466538
1.2952074790187313,-0.5799307956520268,0,High,1,24266376
3.2904149310262345,-0.5200104435070266,0,High,0,95739750
-3.313618796684764e-05,-0.5212082840638601,1,Moderate,0,55520892
0.03605028573831779,2.900256681463461,3,Low,0,93976092
0.28821676047213024,-0.4608052431562157,1,Moderate,0,17382582
-3.5626402885570663,0.38789871472774606,3,Low,0,898677
2.446640277076911,2.6792230746330916,2,Critical,0,633906
1.2037782860671988,1.9337480807045693,2,Critical,0,4446765
3.724731980802446,-0.88872051847915,0,High,0,70567461
-0.826289724821626,-1.7321438225314363,1,Moderate,0,10198332
0.4832999269246483,-0.328488286995887,1,Moderate,0,103897242
-0.6951762927127294,0.8120732953567867,3,Low,1,133335
0.9570070322341181,-0.6621421859720926,0,High,0,102440403
-1.070974436785945,0.31944743274497833,1,Moderate,0,33292656
0.4401627619107393,0.5332982202476281,2,Critical,1,4999221
-2.2523377319090168,0.5326084955992058,3,Low,0,31237452
-0.3186497617683746,-1.0079201469013892,1,Moderate,1,34225254
-1.0728277651679476,0.29149926400774206,3,Low,0,104539077
0.6792815973706041,0.5943128193652435,0,High,0,109497933
-0.33517180228416865,-0.5182307329565928,1,Moderate,0,23208165
1.411557178063507,-1.4215291607751663,1,Moderate,0,46704483
0.4895147443859496,-0.9636289513872599,1,Moderate,0,106023591
1.0777643194698323,0.3463176071857875,0,High,0,5466555
2.0188256156303144,7.1220677132705354,2,Critical,0,1978605
-2.5868721257670106,-1.7572659725077004,1,Moderate,1,40717512
0.1422769922142916,-0.3914457114484238,1,Moderate,0,31650678
1.2328106971454837,1.0459770223551155,0,High,0,56938716
-0.07378483985494004,0.5484177980469934,1,Moderate,0,98595567
0.7713933201758617,-0.7613074790379452,1,Moderate,0,43912719
-0.8640780034573555,1.7752598245853508,2,Critical,0,92060802
-1.2751250645869363,1.4723116559692033,3,Low,0,86765085
1.9231312587600955,0.6718130541841377,0,High,1,38335239
4.773957285383284,0.8680238232312107,0,High,0,85341717
1.773001945690954,-0.6702672326086234,0,High,0,48119247
1.1275084688762298,0.008903081190596174,0,High,0,88539534
0.3726096856471671,1.9561948451299283,2,Critical,0,84646404
1.467840948856857,0.8874908808912766,2,Critical,0,38905092
-0.9230006147246692,-1.452127738244161,1,Moderate,0,37278756
1.6723871175004275,1.4783262000307598,2,Critical,0,47618316
2.806636657346891,1.328913220131397,0,High,0,104842395
-1.2852849334887333,-0.6440658735610444,1,Moderate,0,79242822
1.9893297273707375,-0.9007362083364799,0,High,0,20840319
0.06095587922485228,-1.4916037390189063,1,Moderate,0,41220324
3.8855134916438363,0.2793695503034381,0,High,1,70229223
-0.2454877574014573,1.0439390152457377,3,Low,0,62923014
0.04783437642432726,0.06898106736441642,1,Moderate,0,51641739
-0.9267209464181121,0.9230984433717326,3,Low,0,24160176
0.3952673863607708,3.5038439206399254,2,Critical,0,95157675
1.0061781920349049,1.3937967970909084,0,High,0,42346944
3.3159842959121733,0.5702091936135507,0,High,0,38335239
-1.8272998060345138,-0.17193080392721596,3,Low,0,2741850
0.06919191250324182,-0.13315196071051974,1,Moderate,0,103637961
0.8177656555532944,1.7854003344252376,0,High,0,102624903
-0.8448010022344579,-2.1712869049065526,1,Moderate,0,71280711
-0.3954872104118967,0.1292356615612209,1,Moderate,0,17097309
-0.8908450172403541,-1.3551506726395202,1,Moderate,1,78064299
2.1623340398292825,1.2385541127284045,0,High,0,101949642
0.8547459590683718,-0.15730078022248337,0,High,0,4308399
-1.7263698416093605,-1.1922023019374488,1,Moderate,0,100825956
-1.574922619814125,-0.8525658529479898,1,Moderate,0,101536929
-1.8957476970355112,0.7481902761760733,3,Low,0,62435700
-1.0193398073781155,1.4229463651002356,3,Low,0,77170788
-0.25673212840249154,-1.3906956952323928,1,Moderate,1,138422831
-0.3832180659782905,-0.5320867387062798,1,Moderate,0,4577319
-0.2162590650943168,-1.9180446629751386,1,Moderate,0,32373981
0.8263704129917205,0.3937864662241423,0,High,0,110581938
-0.40925050375373906,-0.1663035234427099,3,Low,0,24495309
-2.0288279948856465,0.2256825585895207,3,Low,0,14844969
-0.744376074974345,-1.8135415693874761,1,Moderate,0,56802627
0.5578116587742142,-0.9818567665335233,1,Moderate,0,93232917
-2.245665212609546,1.0004726838278801,3,Low,0,45745380
-0.02173901585093575,-1.347270386869969,1,Moderate,0,61701768
1.5845900565825661,0.7447893988314629,0,High,0,37282725
1.8151579520339627,-1.071839529549927,0,High,0,18414333
0.05743682223907377,-0.9771767382943571,1,Moderate,0,16677342
0.8402873878729674,5.190118668021938,2,Critical,1,23398488
-0.8715491101057158,0.9387043754360591,3,Low,0,6215292
-1.536338170993357,-1.2836964224016232,1,Moderate,1,62370864
-1.4415121344438107,0.15190589677491365,3,Low,0,627102
-4.275111986647967,2.028742953336184,3,Low,0,287640
0.2628925261442805,2.6749909933356704,2,Critical,0,94106979
-0.4943796773331225,-1.0845798980483254,1,Moderate,1,112904073
-2.1079886946878714,-0.5344710883208433,3,Low,0,83866608
2.8043886646096854,-0.23685735834652166,0,High,0,89644590
2.093036705834436,-1.7346272445190196,0,High,1,43918191
-0.6448574860569952,-0.2557031541843916,1,Moderate,0,43998201
0.31290308169801834,1.4192294129116174,2,Critical,0,50984415
-0.0729748160355748,0.457467216755138,2,Critical,0,40425831
-1.1144731280681137,-0.5165788658890285,1,Moderate,0,42373818
-2.4081969806805623,0.3295786714051224,3,Low,1,44029629
-0.794155493478957,2.415145148806198,2,Critical,1,44062713
-0.1515778157011182,0.3344030643720943,1,Moderate,0,53986851
-2.660458081686635,0.16768834787629755,3,Low,0,23917068
0.2840533148991317,0.853064412148067,2,Critical,1,3077721
-1.1725349529810927,0.5798074305773304,3,Low,0,43621722
1.8237574748055214,1.503924211232102,0,High,1,31053438
1.0009220745309317,0.778174191357591,0,High,0,94988349
-0.5167615701022266,0.31579152296852997,3,Low,0,141377729
-1.408907907637313,-0.7309245172813951,1,Moderate,0,23558229
0.25973441883645826,0.4468544262167391,1,Moderate,0,87825618
-1.7075072536637204,-0.8819336195702658,1,Moderate,0,817659
0.6206029899725982,0.13355490584130025,1,Moderate,0,25309935
-0.19768535837192647,-0.6907076227592687,1,Moderate,0,92377341
1.3393314287449325,-0.1814909563140602,0,High,0,105774039
-0.30623620760358045,-0.6923908889574248,1,Moderate,0,9330093
-0.838872933084154,0.868217391203385,2,Critical,0,49015377
0.7229693574550777,0.46456957921229913,0,High,0,86931081
1.0183460441149133,0.22730225825149422,0,High,0,38570778
-1.8947221094215236,-1.3830716049797596,1,Moderate,0,90233847
0.7723144486312762,0.2425467243521358,1,Moderate,0,24066279
0.2779201266483485,-0.4271217860490158,1,Moderate,0,38524266
-0.11747959364272478,-0.7434127812066567,1,Moderate,0,55659978
0.18891313199696952,-0.7493515196941204,1,Moderate,0,18796203
-1.3307508752507033,-1.7333277445090107,1,Moderate,0,105774039
-2.1861420786749597,0.010717040651588421,3,Low,0,41361075
-1.5649458041410946,1.0572153262671478,3,Low,0,19191960
-1.9629045961568428,-0.1300294030683047,3,Low,0,43030944
-0.12089161976955148,-0.9035328363225013,1,Moderate,0,113593932
-0.5597325385836267,1.714519161117723,3,Low,0,82656216
0.514818062709394,-0.7397761722439444,1,Moderate,0,19798866
0.18115448983577073,0.8519977129012737,0,High,0,107734131
-0.843439383120828,2.183817126673324,3,Low,0,95714262
-0.2935688759416006,0.03448837411732096,1,Moderate,0,91723869
-1.2147424307253354,-0.2774581174544228,1,Moderate,0,43757343
0.35887527642896455,-1.2382074770641749,1,Moderate,0,39229947
0.44884078068422495,0.9772039197662088,0,High,0,81826560
2.0239712481596532,0.7625801872345447,0,High,0,103224339
-0.14767539307805563,-0.10420447475746915,1,Moderate,0,3051027
-0.5386217611130891,-0.1927293595591366,3,Low,0,84342537
-0.37385114984627477,-1.727334237718087,1,Moderate,0,162949370
-0.0062564268641149764,-1.3850892099681156,1,Moderate,0,63060660
-1.7182684231878016,-1.9454583132229526,1,Moderate,0,40970934
-2.4153857967897174,-1.1388383439961263,1,Moderate,0,74148552
-1.4933757151443725,0.18342087032388896,3,Low,0,86238738
-1.501603236103063,1.0611353289007346,3,Low,0,63749871
-3.0260837133257943,0.5060085284153507,3,Low,0,64022706
2.286755402168481,-1.3957174012581044,0,High,0,4586832
-0.9321513885534332,-1.3891399679802006,1,Moderate,0,80017119
1.3836435754261507,-0.6935754876827621,0,High,0,87676227
-2.380522739890812,-1.4739795815849421,1,Moderate,0,40319847
3.023664830188713,-0.2039582693772186,0,High,0,85146966
-2.1094490038521094,-1.3605774848266077,1,Moderate,0,7310259
0.9567073434905463,0.23439902845030702,1,Moderate,0,70156170
-1.1240408643889181,-1.1313418393065955,1,Moderate,0,62599833
-0.9633369262955109,-0.5310875783424261,1,Moderate,0,59859288
0.3502464603247711,-1.0594313703880427,1,Moderate,0,751059
-2.310192216947202,-0.2624357897517134,3,Low,0,21191544
-3.194930079680259,-0.607689007661607,3,Low,0,26086311
-0.07131350956457658,-0.683576698538815,1,Moderate,0,94551543
-0.5206424188570177,0.7228557274620759,3,Low,0,43540884
-0.09252050303194781,0.6762165743430862,3,Low,0,106362549
-0.6524691318183086,-0.833886694647805,1,Moderate,0,95192055
-0.2375473381633121,0.619408047943922,2,Critical,0,106757478
-1.9536577294344524,-0.4684293163561202,3,Low,0,35259498
-0.009947766464197337,-0.1956657333169484,1,Moderate,0,2733471
0.464811775333773,-0.8265507782508692,1,Moderate,0,24813783
0.4332586882709611,10.257098106333125,2,Critical,0,91325448
1.933729556241816,1.31450337044271,0,High,0,95643540
0.4084546449446066,-1.3480273727772456,1,Moderate,0,47425338
1.2953483132857713,-0.7781782309732184,0,High,0,92129094
-0.33589483296989103,-1.5881812065731034,1,Moderate,0,34659648
-1.6358118982672367,-0.6519778416964489,1,Moderate,0,91761759
1.0013060346800748,-0.30802100238025576,0,High,0,44705628
-1.0564356273776156,0.45551087085972547,3,Low,0,5822073
0.4126569478505973,-0.5694818779941448,1,Moderate,0,67202703
1.1609985370021763,-0.08667988028456042,0,High,0,56134368
-0.6261286005851274,-0.5921237768749052,1,Moderate,0,86214654
-1.168991060165951,-0.04521691937995832,3,Low,0,18949995
1.3847341757013016,-0.3269126807265924,0,High,0,24586884
3.9418295160208396,1.010456404180411,0,High,0,115169967
-2.240038295799704,2.3377222015962493,3,Low,1,72935883
2.3029287213440464,1.784520152775414,2,Critical,1,34838856
-1.1172243936019912,-1.5820225914433637,1,Moderate,0,10564092
0.5657170842864601,0.10412261074958776,1,Moderate,0,98244774
2.2184367810921066,-0.6269983699409535,0,High,0,1337058
2.3441261715522996,-1.2372883301661775,0,High,0,61504497
-0.3736886383735496,-1.275450862344053,1,Moderate,1,99768438
-1.8723148877860412,0.5410815249202835,3,Low,0,110041794
-0.7020404631418851,-1.119614411709197,1,Moderate,0,41167989
-2.0159977684499526,-1.1565180198334466,1,Moderate,0,44767773
-0.2727363375780787,-2.11889270865243,1,Moderate,0,25076259
1.055610463456868,0.7432008063912314,0,High,0,59816664
-2.131091252339048,-0.1573613579530618,3,Low,0,42555762
0.9542781994626971,-0.5805698064873361,1,Moderate,0,93840822
4.19962650659967,-0.028303083492276147,0,High,1,49469211
0.8550916613834292,-0.6162399297759262,0,High,0,40865031
0.36205632972929663,1.0026479339159913,0,High,0,68362857
-1.3572539106092194,-0.6721471720404173,1,Moderate,0,74369925
-2.2636861075369907,0.8085424926776238,3,Low,0,43414227
2.448785025343807,1.4728840565732608,0,High,0,45639666
-3.3088278435595733,1.2314645724557283,3,Low,0,34607070
-1.156678011995413,0.3381200509138247,1,Moderate,0,6142500
-0.6835993147683971,0.06632339371860824,1,Moderate,0,23365953
1.0805666264535527,0.10752590154466685,0,High,1,53453601
-0.7153125400637822,-0.23994378920525292,3,Low,0,41521959
0.3511408065023892,-0.17050051781714373,1,Moderate,0,141289871
1.1558513484252344,-0.42915980511354473,0,High,0,61306947
-1.57871368656481,3.073392450901378,2,Critical,0,24401799
-0.3244082667917059,-1.2454879819651599,1,Moderate,0,28001853
-2.2251239489146935,-0.006258399976998401,3,Low,0,18330966
-1.6324079679384067,0.2005399175509416,3,Low,0,23361750
2.299141933284211,-0.00655087306001041,0,High,0,61957701
1.6283189008156636,1.1469171201425787,2,Critical,1,633906
4.035987667953516,1.6065679957625638,0,High,1,80468955
-1.3165203825506515,-1.40642495454934,1,Moderate,0,91107747
1.4769467268814025,-1.4990709065215178,0,High,0,88080462
-0.8253262590015223,-0.8266170265263452,1,Moderate,0,80273493
-0.23030287653610587,1.0861105039964496,1,Moderate,0,86089509
-0.4696859422550896,0.4163696937260166,1,Moderate,0,5535945
-1.483717049971424,-0.21445719149853068,3,Low,0,106226496
-0.551636670561026,-0.8149646147149775,1,Moderate,0,84897999
-0.8257305876870403,0.07863528111766738,1,Moderate,0,46435500
-2.6394715660714883,0.11993739437782804,3,Low,0,85776966
-1.039720436890348,-0.7155297294416135,1,Moderate,0,3854709
-1.746908137346302,-1.6477022707256246,1,Moderate,0,24284808
2.331418819981957,0.07243297067996018,0,High,0,86834430
1.0156482824777375,-0.36272957964420505,0,High,1,16600590
-0.1741409168522544,-0.8518433682093867,1,Moderate,0,145853411
-3.0418838383742317,0.8746675854255147,3,Low,0,1306449
2.479068495466099,-0.8002680245575903,0,High,0,88806825
-2.295935561685701,1.7411583491792864,3,Low,0,54929529
0.6775821184927838,-0.5606973888624597,1,Moderate,0,6465231
2.2529674197718745,-1.5783466951355507,0,High,1,62126091
-2.7393590541471764,-0.21263827300365848,3,Low,0,15026076
-1.7555916555814182,-1.115080066752495,1,Moderate,0,61714035
0.5108113629813816,-0.30870772011523356,1,Moderate,0,4306968
0.38355743644354406,-0.755836553921006,1,Moderate,0,54587295
-0.12791001231491742,0.35257625099842493,3,Low,1,75616974
-0.7171552607811552,0.3429810351166637,1,Moderate,0,18817371
-1.1437091077126023,0.46035516405059357,3,Low,0,204039
-0.62160005459285,-0.45899771595391065,1,Moderate,1,93692061
1.8285043870490705,-0.7480033121070742,0,High,0,964089
-0.7208002770239325,-0.7732353041130539,1,Moderate,0,72461844
-1.441580317261379,-0.7611450566879187,1,Moderate,0,23449482
-1.4893922423624308,-0.20578563583228762,1,Moderate,0,38304756
-1.2689251678321132,-0.5771477506938806,1,Moderate,0,40952115
0.9320220699907636,-0.10891387976245963,1,Moderate,0,51251625
2.2307296434152053,-0.4733125664633328,0,High,0,27773748
0.7531810302133446,-0.12365495353524861,0,High,0,156375
-1.3872710383511804,0.00087704072610691,3,Low,0,89100468
0.8546812696390665,-1.4156364531568186,1,Moderate,1,309762
1.5056744429805986,0.5508581741385229,0,High,0,44946270
0.6147311785739623,0.7096966021434453,0,High,0,81292158
-0.35465875166822297,1.1016100680400362,2,Critical,0,602028
-1.2498246737831094,0.5446332805443947,3,Low,0,86361966
0.701351093650802,-1.253539748736774,1,Moderate,0,94639041
-0.5282772180983816,-1.249421638437449,1,Moderate,0,106539246
-1.0134369831134717,-0.2088386379035549,1,Moderate,1,6580368
-3.2016441169641343,1.3043115965522918,3,Low,0,697509
0.06944294540983724,1.0885577887368707,2,Critical,0,84583692
-0.06362623771481768,0.770256801183993,3,Low,0,107522136
0.26069064794138286,0.5734142288929004,0,High,0,1257759
3.777591777326709,1.2674990680659615,0,High,0,63863559
-1.8651786013035732,-2.0559256466860822,1,Moderate,0,20169144
1.004186703463812,0.6896052878151386,0,High,0,42765822
0.17033396587502941,-0.9703281800160724,1,Moderate,0,99047322
0.21553467733732867,0.253053350593856,1,Moderate,0,81761499
-1.3607743231661664,-1.5981997619594626,1,Moderate,0,73282581
0.5368503805928115,-0.07495786118155645,0,High,0,1883205
-1.759263449829216,0.6628976240338648,3,Low,0,73502991
1.1062337388139787,0.4231301126614364,0,High,0,88045425
1.0974087289575472,-0.4353637409757386,1,Moderate,0,95652576
0.14838506372746008,-1.868835878911224,1,Moderate,0,10343673
1.7481622140420106,2.7745867692911586,0,High,1,76906791
-4.085110280524863,0.9062667528140527,3,Low,0,18914688
1.3781879862025597,-0.5469604743602321,0,High,0,407358
-2.3855631182305927,-0.6862165245255595,3,Low,1,38497266
-1.842416594477819,0.6621199561543201,3,Low,0,51136299
-0.5694051841532124,0.09027119069029393,1,Moderate,0,94781619
-1.4135694665898504,-2.0050516045285063,1,Moderate,0,139061678
-0.7067423974513699,-0.23300499910795855,3,Low,0,88706286
1.3876000114158316,2.0310643991617603,2,Critical,0,84611205
0.855422948190173,-0.5723706925530286,0,High,0,101785545
2.127065964199511,-0.010722118943703838,0,High,0,23483601
0.6951825074745537,-0.8207571407727761,1,Moderate,0,96827769
0.6473459091809084,-1.1013031412782335,1,Moderate,0,24463692
-0.020506292999335683,0.88245387802233,2,Critical,0,95153445
-0.5361234787406984,-0.5552967263262286,1,Moderate,0,91825749
0.23525895500709385,0.5968375293223219,1,Moderate,0,91310220
0.0011675579152516584,-0.4428123272909679,1,Moderate,0,41627367
-0.4349460238963661,-0.8709746076369056,1,Moderate,0,96419403
2.14040255216273,0.8462031389289806,0,High,0,814563
-0.9810202866086648,-1.8364919429464233,1,Moderate,0,23463099
-3.126826766071446,1.5991184310314535,3,Low,0,6656679
0.6034761126136368,-0.02327263200481777,1,Moderate,0,33231492
1.1866977218178243,-0.32454091680636954,0,High,0,124589759
0.9351163507199832,-0.02087561179898453,0,High,0,98765217
0.744840958305292,-1.3217887241735957,1,Moderate,0,79575390
1.3091837940804314,0.1570631314975838,0,High,0,50250159
0.38267697450123006,2.5919155979983186,2,Critical,0,96922188
2.573441861792211,1.1644702075527507,0,High,0,89495631
-0.7363228099770968,1.467084971417036,2,Critical,0,93477924
-1.3153384692199963,-1.1067340388848281,1,Moderate,0,38947995
0.9978791736873752,-0.7672957902270631,0,High,0,40946346
4.7594363411943705,0.0656163709127385,0,High,0,24822252
-2.129990557098868,-0.8332364589305629,1,Moderate,0,22757733
-1.6436421797232403,0.5357906419557207,3,Low,0,133624445
0.33556356353978223,0.1847784425022387,1,Moderate,0,141485306
-2.4975616765670354,3.1416188467521824,3,Low,0,41901516
-0.05809076576985342,-0.6524809008018718,1,Moderate,0,43464663
-1.2391076734236328,-0.36671970340861487,3,Low,0,32882202
0.21716387521527314,-1.2530824253996213,1,Moderate,0,52218540
1.0785580848414067,-1.9510244428940875,0,High,0,43835652
-2.2732751629194112,-0.34969646362584944,3,Low,1,51680052
-0.5481649640376256,-0.8028656453921897,1,Moderate,0,42579486
-0.45116352560603085,-0.01531873040490787,1,Moderate,0,503208
-0.5894925040311276,0.9449094937441173,3,Low,0,43536969
1.4299676399323185,0.08607070057655353,0,High,0,29382723
-1.8889745558404951,2.0045689690487647,3,Low,0,38785977
0.21830332632716132,1.503497734103432,3,Low,1,41118804
2.2462180014621485,0.6200301404794702,0,High,0,83771334
-1.1906913251030833,-0.47068577938793493,3,Low,0,92132946
-1.9330789403089006,0.08689011627686725,2,Critical,1,106757478
1.4689477422912516,-1.3704916853100801,0,High,0,84475080
3.2556944500059926,-0.7013490739232963,0,High,0,3447378
-2.689419756481441,1.0576480496106362,3,Low,0,8650404
-2.803689634776158,-0.1311067453192005,3,Low,0,19323135
-0.8732725989431275,0.1026784757656406,3,Low,0,5899338
-2.270673053025396,0.5903736067303429,3,Low,0,59032575
-0.449682329747066,-1.5690640865128962,1,Moderate,0,140935631
-1.5521942384450784,-1.130059842073875,1,Moderate,0,42448851
0.21407432220126685,-0.12385620823829195,1,Moderate,0,2728089
2.9182041742181593,0.7182478116145544,0,High,0,41312052
-1.6491065316515972,-1.523337150037766,1,Moderate,0,39191877
1.6616782514290531,-0.5424856868460645,0,High,0,24779871
1.1963398045680902,0.0840826149545286,0,High,0,55788417
-0.5134473996512268,-0.8090460732690287,1,Moderate,0,98268633
-2.7983396327905554,1.0521959105647856,3,Low,0,64567791
5.393475186873851,0.3071744762541987,0,High,0,42878349
-1.8705502164028154,0.8210975341010224,3,Low,0,96632532
0.07362921261486446,0.26876097915881275,1,Moderate,0,87725052
-0.5336215601020455,-0.6173236461262325,1,Moderate,0,180567
-0.6597415362269298,-1.060376954088623,1,Moderate,0,73512189
-0.012213907511392154,-0.7690539805445129,1,Moderate,0,3342627
0.5038102436472726,0.0253619919141362,0,High,0,84422889
-0.3610916205864206,-0.1938594432242808,1,Moderate,0,104072184
1.373663153678141,-1.1582655004945979,1,Moderate,0,113379921
2.204672737514037,-0.6600341639093742,0,High,0,91563588
-0.9699891006402757,-0.28134604601851226,1,Moderate,0,24261444
-1.7834224070125924,1.240405576860088,3,Low,0,45351558
3.5121625117858275,-0.373875501748849,0,High,0,109592811
-1.0254278697654422,1.2880500395725725,3,Low,0,61056639
1.2812840313885594,0.500437909601811,0,High,1,23858037
-0.9213316397173883,-0.2710624268963114,1,Moderate,0,38677959
0.4224980567376151,-0.36944199619662016,1,Moderate,0,31968405
-1.0834147063545174,-2.1441067200675854,1,Moderate,0,41027607
-0.5534742737647147,-0.285121886465821,1,Moderate,1,106286688
0.7527122415304633,0.2567170410617784,2,Critical,0,42431004
-1.7553514104683685,-0.13188375903884084,3,Low,0,101704752
-1.551938517663466,2.469203003746115,3,Low,0,38502531
2.6115822391605605,-0.7096233371992167,0,High,0,63696546
0.4274988706410833,-0.4777774119264409,1,Moderate,0,3963897
-1.0431144187188233,-0.3043891566048488,1,Moderate,0,102861783
-0.7332432578786868,1.2075196717085406,3,Low,0,69799401
0.34201642726056897,-1.451640918957081,1,Moderate,0,25403580
-0.8517667725493325,4.092263691824081,2,Critical,0,81660600
-0.42127322923033983,-0.4290628468903576,1,Moderate,1,41366646
0.7098754685165185,0.49204709832131405,0,High,0,28199475
1.6643246374711758,0.13565931439353812,0,High,0,44370072
0.21160851015209428,-0.9400901078319631,1,Moderate,0,65436246
-2.211198547769918,1.093637298856103,3,Low,0,84982122
-0.21896627653949252,-0.9113332145668709,1,Moderate,0,23966577
-1.3915480715267259,-0.0621313772783031,3,Low,0,7815249
-0.04031654059603629,1.0238362454765377,3,Low,0,77782914
0.05576465092106115,-0.28475040873583624,1,Moderate,0,78390108
-1.0468457978835652,-1.7123974677796414,1,Moderate,0,20216034
-0.573138878858083,-1.1951463086804675,1,Moderate,0,16683291
-0.4915476055480622,-0.42100635533896974,3,Low,0,85313493
0.498845931208031,-0.3515359703513894,1,Moderate,0,41843502
-2.4629955023301635,3.182288363586097,3,Low,1,75031173
2.964982497916631,0.23370816658642893,0,High,0,83325204
0.9004147266095617,0.22457820924817676,0,High,0,23186079
0.5907284351793921,0.710518446428309,0,High,0,84410505
-0.21057449585975624,-1.076416164848849,1,Moderate,0,84329073
0.6062127116925357,-0.651285579999772,1,Moderate,0,246438
-0.3886868941883429,-1.647254541860025,1,Moderate,0,3992814
-1.042561597750135,-2.5020710907742303,1,Moderate,0,97393581
2.2555016866295072,0.3679682890301836,0,High,0,30229524
0.6616965012460242,-1.4812287328163385,1,Moderate,0,4472064
-0.9127333686266125,-1.0879091187293415,1,Moderate,1,186773522
-2.4191052181451793,0.31603809421685664,3,Low,0,114270327
0.15987230168499367,1.8944747696506241,3,Low,0,63813420
1.1035787408607431,0.48195199978995906,0,High,0,93927105
-0.8010060176047301,-1.4814359333658977,1,Moderate,0,103517577
3.192810448471,-0.42091877652194215,0,High,1,23833737
0.06309194366270915,2.79350004620749,3,Low,0,97518222
2.666620562435936,-0.5161934708155128,0,High,0,43417926
-1.3928139172054808,0.12163860873230847,3,Low,0,103787676
0.6752051161356594,-1.0287410365801155,1,Moderate,0,59241150
3.5585886279486143,-0.2015595937414816,0,High,0,23938983
-1.9805562936333156,0.30466279957255465,3,Low,0,36626751
0.6762360846481573,-0.7428954565303952,1,Moderate,0,107468802
3.8475654007389157,-0.498582224854072,0,High,0,12330297
0.3326703070774292,1.9408792068818754,2,Critical,0,97391007
-2.2127136127202065,-1.0568049910887194,3,Low,0,2023245
-1.0001618303743838,0.31038240974355447,3,Low,0,60415740
0.8127731131174146,0.26581233623220724,0,High,0,34360992
-1.5269747380128893,1.4115248378236425,3,Low,0,43581996
-0.622788529982388,-1.87706595604316,1,Moderate,0,23411673
0.20584325377174673,-0.13027158682774018,1,Moderate,0,7692552
2.0648754315768625,1.7597714338474344,2,Critical,1,74060838
0.8098745276002908,-0.46263801846819386,0,High,0,132938510
-2.5032471987256466,-0.45617675987314865,3,Low,0,10344150
-0.21714606440606418,2.2384920872744183,3,Low,0,73122804
1.5847819256467333,0.040391527358174334,0,High,0,32944671
-0.5749726387768862,-0.5130962030258479,1,Moderate,1,40502115
-1.2577373767037,-1.1762111236445632,1,Moderate,0,84355731
0.20550856395244305,1.8699730910174077,3,Low,0,4354281
1.3296106292292242,3.862479579035251,2,Critical,1,103832127
2.941365060667396,0.4037639905975208,0,High,0,110759211
-0.5884802663984289,-0.030557804936316085,3,Low,0,2931651
0.6988372707528124,-1.666997930029448,1,Moderate,0,24303645
-1.2283175774474815,-1.7387548541829292,1,Moderate,0,85075704
-0.48598262249703983,-0.47320603486956897,1,Moderate,0,91053648
-0.9633443985874781,-1.5936543343555334,1,Moderate,0,61259310
0.8366430470665528,1.1364751557913295,0,High,0,109424034
0.2066158929946651,1.9902745887169715,2,Critical,1,23187375
-1.2162706859116832,-1.4824536718459502,1,Moderate,1,9215118
3.321426105143362,1.1315338631851624,0,High,0,90112338
-0.6343032743060817,-0.08058046350641845,1,Moderate,0,138505577
3.1643539182953972,-0.6198049694682697,0,High,0,58231440
0.07003333310533565,-0.645936303730296,1,Moderate,0,88364160
-0.38306294807850966,-0.6620440092197788,1,Moderate,0,23744493
1.879820934361523,-1.5243626299188837,0,High,0,23222997
3.839492535857245,1.4011786055019784,0,High,0,90191493
0.1455955557519273,-1.5454495145325182,1,Moderate,0,87516477
-1.128035027133336,-0.5332824824321188,3,Low,1,75623049
0.4294450288403821,0.537272080557032,0,High,0,41445522
-1.9964367200016924,-0.7677867501815624,1,Moderate,0,101952450
2.1253355815705595,-0.8398536436959986,0,High,0,44189730
0.737510635565235,-2.3553048274370263,1,Moderate,0,52707105
-0.7336975539985632,-0.6755086729530922,1,Moderate,1,60500736
-2.723794593429751,0.5531649681828648,3,Low,0,1451691
-2.1333378767756987,0.35710669588279115,3,Low,0,4509306
0.4681740092392928,-0.49761206445633105,1,Moderate,0,105607386
1.7007666814145086,-0.4807085784001439,0,High,0,42804198
1.658731201721776,-0.19122210119788596,0,High,0,60122709
-1.9777127652034514,2.4787879944613995,3,Low,0,21534219
0.11976921504786124,-0.28222190197428426,1,Moderate,0,85850811
2.6740571475265655,-1.9973876386267757,0,High,1,42825042
2.057388197400696,0.030725435794290146,0,High,0,86740740
-0.6704314324143731,-0.1364816742848474,1,Moderate,0,102463848
1.674506687548216,-0.6005752824199694,0,High,1,33181317
1.654997533532805,0.4865758316535337,0,High,0,40921659
0.10463445565202517,0.5687545346251562,3,Low,0,106769520
-0.0033250655834235693,-0.22075363341035772,1,Moderate,0,93937671
0.06584600460763942,-0.7861996051867172,1,Moderate,0,11843568
-0.38595951978610604,1.076022270721129,3,Low,0,16111269
-1.5480918411939184,0.5667154757358838,3,Low,1,99985500
2.4390703542435292,0.8904777822960815,0,High,0,59959530
1.2443933064613208,-0.34431206581260265,0,High,0,1878930
-1.0651747566073222,1.8242433415086996,3,Low,0,68376780
0.0236816314243567,1.0518555573051755,1,Moderate,0,42856191
-0.8953226291850196,0.5903375001281511,3,Low,0,96270057
1.308274614186913,0.5402370239796287,0,High,0,41120514
3.2145627095357607,0.8496735502255623,0,High,0,41973732
0.29878651363805436,-0.03897539368488562,1,Moderate,0,106254009
-0.8341989061993365,-1.3062553028817352,1,Moderate,1,1091340
2.1266698291764534,1.4716208133061666,0,High,0,23917023
1.539791719420119,0.30160557061753196,0,High,0,41904171
-1.2378935406029052,1.6353960921336315,2,Critical,0,107768889
-0.7476171219995774,0.26970041665755834,3,Low,0,1090098
0.023406733779387293,-0.5507192247395658,1,Moderate,0,25422822
-0.6571129169694686,0.31150910824959965,3,Low,0,4790340
-0.32529875714829937,0.5030360053602736,1,Moderate,0,38566017
-0.7855203087799218,-1.3454484380866576,1,Moderate,0,103935591
-1.6491137842117918,-1.8008490632491014,1,Moderate,0,41369121
0.5992647741352929,-0.5034428041967625,1,Moderate,0,104773851
1.1765831927308046,-0.7544549311493439,0,High,0,9329202
1.3521172581746068,0.2995507130697101,0,High,0,81926361
5.6856311135884585,0.5550575038465135,0,High,0,9287298
-2.303154548649372,1.832372122614745,3,Low,0,82463967
-1.1174699259878398,-0.246755442348612,1,Moderate,0,70383762
-0.13769154757300214,0.04295572806240297,1,Moderate,0,57780225
0.570688099033269,-0.8739092955408303,1,Moderate,0,58919256
-1.5385161164725172,1.0452690778392444,2,Critical,1,2465397
-0.082634184564485,-0.7810095988443764,1,Moderate,0,101115801
1.2618775728774725,-2.246912553925338,1,Moderate,1,91983042
1.227619461361225,-0.20221700912232524,0,High,0,100649394
-0.02202798827705624,-0.5642234565954066,1,Moderate,0,13199616
0.4276843415776192,-0.6382101320551451,1,Moderate,0,61268319
2.2045514841954215,0.699567379857487,2,Critical,0,23483601
-1.1973381913965662,-0.6356585044225912,1,Moderate,0,24732468
-1.456005261103259,-1.6147848438083658,1,Moderate,1,59186817
-0.7306906708644495,2.7014901249986547,3,Low,0,93222387
0.5083386648954101,-1.0986427386362716,1,Moderate,0,29777292
-1.8043458301635082,0.41560054096093363,3,Low,0,23613813
-1.0944543843889667,0.27925783856803676,3,Low,0,59314752
0.04016512137223537,0.15332285297081685,1,Moderate,0,44200854
-0.2753917028802035,-0.15273763590835024,3,Low,0,25201782
-1.909855647624262,-0.14777454658439693,3,Low,1,4232736
0.4868658833568736,0.08042285151365236,1,Moderate,0,101132973
0.7163312084938084,-1.6228799293544898,1,Moderate,0,15601500
-0.5046115683717252,-1.706226841178142,1,Moderate,0,105723576
4.110970138036073,-1.043739552185643,0,High,0,1437444
2.0207553742067277,0.32887616208524556,0,High,0,39686859
0.29231516089420223,-2.106643361638629,1,Moderate,0,84901437
-0.165103853083206,-0.362674754095892,1,Moderate,0,97683876
-1.9851684479962988,-1.0287347447799107,3,Low,0,43741620
1.285110837278848,0.7722560853082633,0,High,0,99079263
-1.0553525943868567,-1.4149500871582184,1,Moderate,0,20274300
2.17078702332663,0.31293586748373947,0,High,0,71975871
-2.000993857222035,-0.09340987710575487,3,Low,0,94210767
-0.13245931674633069,-0.4116383112614889,1,Moderate,0,102157200
0.33456897216319503,0.2985477542374896,1,Moderate,0,60655932
-0.09381786818696117,-0.7813374390233876,1,Moderate,0,3310020
-0.7368498216877519,0.8008983912006752,3,Low,0,152440862
0.2842505218700649,0.7905601846531823,2,Critical,1,97391007
0.017776494213008243,0.22993794034237058,1,Moderate,1,114044418
1.3616638544169546,2.2473132661315565,2,Critical,0,81712926
-0.8976408780703606,-0.045202778364199045,1,Moderate,0,4609350
0.35126132544485655,2.014031624637034,2,Critical,0,23286339
-0.12192032318319138,-0.3683638251986591,1,Moderate,0,42793092
-1.9537127044513913,-1.440175517064531,1,Moderate,0,23396562
0.9084812445970182,-0.21123028146778014,0,High,0,18035028
-1.9469185954726433,-0.29822547211569794,3,Low,1,24326037
1.8896379856794434,0.074015450721773,0,High,0,41150520
-0.41709517789127715,-0.4973414537576362,1,Moderate,0,38542410
-0.4960820222939162,-0.8247870935036121,1,Moderate,0,5800392
-0.6830124201002569,1.0571013262070739,3,Low,0,12970341
1.9661970392509482,-1.5158781620678075,0,High,0,5036040
-0.32965170072429945,-0.8120155859816401,1,Moderate,0,28587510
1.1267426167606938,-1.1302516578048871,1,Moderate,1,64282032
0.14485586345573248,0.44169246388118094,0,High,0,6758370
-2.862987656770595,0.8338511635227114,3,Low,0,86400099
-0.7200775547823177,-0.42433285394325676,1,Moderate,0,36936369
0.27400923226028956,-0.24559351426265144,1,Moderate,0,25297353
2.705279170678505,0.3585288370543529,0,High,0,19218024
-0.5376853154278509,-0.788051381264397,1,Moderate,0,15787872
2.013873216474892,-0.42791612788686545,0,High,0,29414700
-1.6946931192404378,1.3251478947704918,3,Low,0,123026576
-0.34422652926957203,-1.719722530407126,1,Moderate,0,38536335
-0.48992291791838216,0.21644305178195364,3,Low,0,17293923
-2.2287383730081056,-1.101181275719345,1,Moderate,0,70550136
0.2052992693575103,-1.383438938775738,1,Moderate,0,11552886
-1.2755567640836254,1.2899863302439163,3,Low,0,24398739
0.7583914524098077,-0.1652503002013733,1,Moderate,0,50846004
-0.11643868054577508,-1.238684858143045,1,Moderate,0,23797161
0.3114957890077879,-1.6388979352341517,1,Moderate,0,24056325
-0.4972559950481695,-0.000693636680721015,1,Moderate,0,25126056
-0.4081748664938025,1.1709817920814964,3,Low,1,41655591
2.1409150529799557,-2.330365990023421,0,High,0,33883758
-0.7233953547698733,-0.2806811143448409,3,Low,0,106363422
-2.9380790133727026,2.5170060985711453,3,Low,1,39878343
-0.479226129786176,-0.1671291510555641,1,Moderate,0,99319599
0.764589998476595,-1.039408764602369,1,Moderate,0,2566251
0.6489023588392238,0.6401876422819859,0,High,0,4246245
4.919816683650927,-0.5273957339438324,0,High,0,23315841
2.023065067996304,-0.9289833087369493,0,High,0,499581
-0.0530085268802593,-1.1802845335124696,1,Moderate,0,25415172
0.612485400140467,0.045570453930093874,0,High,0,36192159
0.4260953164705218,-0.2418075851643542,1,Moderate,0,33995700
1.1242931050453855,-0.6000255364800943,0,High,0,31873275
-2.8078198511031083,0.15617186428896546,3,Low,0,14691519
1.2948652783159873,1.1803184754263083,0,High,0,14784876
-0.7137978745222692,-0.5655508911713775,1,Moderate,0,84056427
-2.0118236428603407,-0.05096415383627993,3,Low,0,44468865
1.0584189537567463,0.2880145479754537,0,High,0,86330826
-0.9386762217574024,0.8425701390001628,3,Low,0,12351285
0.21273544217483362,-0.537021807010599,1,Moderate,0,86083479
-2.5788943966681264,-0.9410521312311686,3,Low,0,39282057
-0.37634930008365064,-1.3248823890472117,1,Moderate,0,16561755
0.2787176456798888,-1.337120205724579,1,Moderate,1,88420428
2.338471165124533,-0.8612794674229423,0,High,0,99661824
0.07295402729701107,-0.8555617185839999,1,Moderate,0,84385710
1.610167957120118,2.717411286977913,2,Critical,0,40958892
0.3842164007132097,1.87086509572858,3,Low,0,41403195
-0.004489466495787832,0.6853240062027124,1,Moderate,0,42924951
-2.441991548292898,-0.18286899858724803,3,Low,0,105491664
-1.6812498212188753,1.493736297068311,3,Low,0,38328912
1.5447486629517821,0.4205518452048356,0,High,0,24170355
0.24272125281040652,-0.03145552940798184,1,Moderate,0,105864894
0.47569947684143904,-1.203496698731836,1,Moderate,0,6235830
0.2084471078431592,-2.387885342400092,1,Moderate,0,105607386
-1.4595341087252076,1.0260642696749862,3,Low,0,94116843
-2.5832119076420885,-0.39939780983163115,3,Low,0,40353597
1.4783632767658645,-0.5680580602657157,2,Critical,0,77567004
-0.06964980294443099,-2.2652844240550913,1,Moderate,0,82427949
0.007329202260625305,-0.8848426323255482,1,Moderate,0,17311059
0.015273638527849867,-0.4325084421158985,1,Moderate,0,24779907
1.3132794976909519,-0.7666160537946182,0,High,0,7551342
0.13006773982679173,0.2766291793367332,1,Moderate,0,64038852
-1.7735635844310105,-0.15483404720861535,3,Low,0,24168060
0.5018962222581264,2.0646445413293084,2,Critical,0,24984423
1.7519825579791182,-1.10491783456503,0,High,1,24266376
-1.5279701360381461,-0.6821612169167492,3,Low,0,88756416
3.013412461248358,-0.8852146354649935,0,High,0,108053397
0.6202607091338367,0.39844277427165925,0,High,0,400500
-1.1983879818284546,0.03214058241092603,3,Low,0,63976131
-0.03494079349842848,-1.2583105741816687,1,Moderate,0,76331826
-0.46838257514715054,0.5272946242262889,3,Low,0,79014843
1.8709191076091738,-1.5601973584274251,1,Moderate,0,24492195
-2.598379422816801,0.4063216132639985,3,Low,0,25333263
2.2998203404129596,-0.2328967320657412,0,High,0,91688310
1.6953777005482176,-0.5654167243169775,0,High,0,33254352
-0.908505150466477,0.28527596559273566,3,Low,0,55245636
-1.7791780366735475,-0.1445986840875342,3,Low,0,59059872
0.6873857086659149,-1.3616643172584775,1,Moderate,0,44094186
-0.13431436817190326,-0.6175309077915864,1,Moderate,0,5546691
0.07135806259162795,-0.9309254707106132,1,Moderate,0,94771143
-0.4046401773206857,-0.7528566726467368,1,Moderate,0,28758060
-1.3298872545096796,2.025781314720087,3,Low,1,75039966
-0.9928502488757833,1.3106547948376384,2,Critical,0,86118255
1.2361575226881893,-1.0082688869409147,0,High,0,80663364
0.7689209948003791,-0.16907806322685473,0,High,0,43491132
-1.558523784739932,-0.47188977402969234,3,Low,0,24216678
-0.3756360115579914,-0.5373938944243876,1,Moderate,0,113772924
-0.29633965513559335,-0.3282573916705572,1,Moderate,1,59118849
-0.9258019866838785,-0.6989195010215982,1,Moderate,0,4518639
-2.7401693903831856,0.6712806039920829,3,Low,0,4941468
-0.39622535544600795,0.2873026146224968,1,Moderate,0,85327722
-1.4120009916083944,-0.12730257606101497,3,Low,0,55798092
1.8910485086744795,-1.3620663075857053,0,High,1,44607573
-1.8452046164829174,-0.12666911381635082,3,Low,0,93995559
1.5201133357458292,0.3061733284394149,0,High,0,51281946
-1.8153972447011335,1.1492946330743976,3,Low,1,89378037
-0.2868328469940942,-0.1489160580421555,1,Moderate,0,23825763
-2.318746409259223,1.071856290494989,3,Low,0,23304906
0.2716028520165819,1.1152551877501444,0,High,0,5214348
-1.7314615912744493,-1.7895232647772459,1,Moderate,0,45798732
0.13374221579335316,-1.656380480389847,1,Moderate,0,23442336
-0.4890704940654931,-0.04540647282094696,1,Moderate,0,36174114
-0.32217605884295825,-0.6380259363548104,1,Moderate,1,24791049
1.7485014329278203,0.5671995315140598,0,High,0,27254403
1.815148795280511,0.04131876090895814,0,High,0,112803966
0.7241360352448183,-0.3760403395259209,1,Moderate,0,1030149
-1.3471139582927896,-1.83239533085384,1,Moderate,0,995238
-1.0624562828018962,0.9015039241953384,3,Low,0,24582600
-0.47678308703165634,-0.9700271810083241,1,Moderate,0,89572932
-0.26072897042290094,-1.2289469166440476,1,Moderate,0,28257606
-0.4378108923836322,2.10580386252345,3,Low,0,90942453
0.37187527604032045,-0.5628403317928834,1,Moderate,0,23590854
-1.1172555360974303,-1.103714895261804,1,Moderate,1,74068884
0.7900477990780487,0.9528930455160391,0,High,0,23424435
0.1037941608052376,0.9338127792140993,3,Low,0,90975222
-0.48067182523814755,-0.925327365647638,1,Moderate,0,42270597
1.5959989444487557,-0.6357184369528824,0,High,0,90085932
0.0031049656265812247,-1.7948286034656726,1,Moderate,0,60253362
0.7438908345228556,1.3889764812763117,0,High,0,57841524
0.4684621640984361,-2.3360280771265836,1,Moderate,0,77438322
-1.4592045921791799,-1.1178921582256243,1,Moderate,0,23501205
-2.8368989861925265,1.3059628597976471,3,Low,0,7041420
-1.6499809255444498,-1.4212644652753954,1,Moderate,0,37248687
-1.0443896003893578,-0.40808298818616867,1,Moderate,0,105145767
-0.0793027765254981,-1.111802304716545,1,Moderate,0,25352928
-0.022990914696996153,0.5107454393510144,3,Low,0,58548969
0.3617992134970453,1.094476840091244,2,Critical,1,94478211
0.5833999985473918,-0.446304894987583,1,Moderate,0,68542767
1.0845139125690004,1.5273520199860233,0,High,1,2888406
-3.3053673275295363,0.9781758670384815,3,Low,0,78171552
-1.3698837272279496,-0.9292988568107908,1,Moderate,0,88854822
0.23421110223303243,1.0618070775104684,2,Critical,0,97801416
-0.998899155436044,0.28092445296963575,1,Moderate,0,65253978
1.5742444007541172,-2.1496570860595265,1,Moderate,0,35025084
0.17963878545868733,0.7216490628257528,1,Moderate,0,75697038
-0.19841491325210436,-0.26118132700705327,1,Moderate,0,3205386
-0.7619424346804053,-0.63543662329001,1,Moderate,0,4209408
0.07639862244227788,-0.38226800663078214,1,Moderate,0,3233790
2.048639225365973,-0.974662001725041,0,High,1,37255248
-2.3867598409285598,-1.264276550033422,1,Moderate,0,90013797
0.26229707740473535,-0.4582985709171887,1,Moderate,0,31525002
0.5665354669446483,-0.15379538463683554,1,Moderate,0,112832919
0.6632104489687867,-0.788621168764871,1,Moderate,0,69921459
1.7704491139546912,0.09231097289262585,0,High,0,24266376
-1.4219303622041806,-0.931376657528052,1,Moderate,0,101140155
-1.8687643138401229,-0.40703555120287815,3,Low,0,43191603
2.063696289653203,-0.24609794315081276,0,High,0,31053438
-1.125702268694325,0.6164082548667906,3,Low,0,113890761
0.6584067480034093,-1.3170505816371083,1,Moderate,0,94810581
-0.703065749263499,0.06937282358914737,1,Moderate,0,39030507
-2.71850599350731,-1.4735336845387346,1,Moderate,0,41135769
0.313623254518485,-1.5985160606053728,1,Moderate,0,71695395
0.19098592925582217,0.564699709912266,2,Critical,0,72146349
0.9751265428831747,-0.21355339932868853,0,High,0,24235704
-1.0978945518995555,0.35566787859459464,3,Low,0,92525355
-2.136760588658025,-1.7018670224195547,1,Moderate,0,110975319
-1.1804708018188708,-0.7412274287391584,1,Moderate,0,72548145
0.8147328928916436,-0.39505794105828923,0,High,0,86294250
2.5210980134835386,2.3412676155250876,2,Critical,0,78277599
4.253743912544638,-1.4042406545191606,0,High,1,3538665
-1.6639563074165267,0.33377843889482944,3,Low,0,4622157
-0.1675015041335558,6.381600189682895,2,Critical,1,88785891
-1.1134862994660528,-0.2722765840922827,3,Low,1,43392699
-1.094693425572032,-0.14684114403421253,3,Low,0,34883082
-0.7023881737597775,-1.1691670316658975,1,Moderate,0,25255233
-0.5446305233303199,1.4180224790557665,3,Low,0,88353810
-0.07205845475698021,-0.3687895101570196,1,Moderate,0,906246
0.43512995004269034,-0.06877600150168595,1,Moderate,0,23717187
-0.3897515623271537,-0.4125769340987576,1,Moderate,1,60854175
-0.35054583433259257,-0.01890063458097944,1,Moderate,0,114909021
1.2949908835330273,0.15280265778840732,0,High,0,33795090
2.4346461644623574,1.2183708966540656,0,High,1,95298138
3.0218301115584425,1.1219519620726308,0,High,0,146134382
-0.5453465075773248,0.29456896257072396,3,Low,0,92395926
2.4234199022715304,-1.2166355662106698,0,High,0,85888980
-1.2806080690494153,-0.7164191288438846,1,Moderate,0,60666678
-2.951477266737069,0.44274180034136773,3,Low,0,38192913
1.448511686609943,-1.8123441922913004,0,High,0,141046952
0.6257990846358037,-0.4981705138637939,1,Moderate,0,54868374
-2.007753295327842,0.3827601271885254,3,Low,0,2646531
0.7294627062935473,-0.9439839779981912,1,Moderate,1,90642591
0.8031243497201742,1.8352825550724514,2,Critical,1,84613572
0.346501757414604,-0.7700543292946773,1,Moderate,0,30208032
-0.6148567423557408,1.0298223329847427,3,Low,0,181166180
2.657142564664854,-0.8799295117541026,0,High,0,103112145
2.375236617044131,1.5803241211161558,0,High,0,37647306
0.1864787124227253,-1.125496957405897,1,Moderate,0,16759368
1.6898400275046916,-0.39344687824849195,0,High,1,88027335
-0.17894806234032243,-1.714840526235824,1,Moderate,0,10662291
0.027974416322389173,-0.8767507392728704,1,Moderate,0,47946168
0.0685222828588207,1.5969465705314576,3,Low,0,56859489
-1.2219698892779403,-0.27852030736862454,1,Moderate,0,19445715
1.2728337959409604,2.3399272236763236,2,Critical,0,49266828
0.08407265488273773,-0.9015892124739286,1,Moderate,0,94848615
0.5180244692526578,-1.0269052499550324,1,Moderate,0,42358599
-0.9212894473457243,1.549381430667244,3,Low,0,58728672
-1.8298078324127034,2.744132057729642,3,Low,0,27858303
1.8076839285824917,-1.251758133215388,0,High,1,6630894
0.37019380055154777,0.9261721125264111,0,High,0,73562274
2.4066441953705553,-0.21731703283212855,0,High,0,23254767
-3.358860582579901,-0.9439962807357979,3,Low,0,760653
3.4448634162544187,0.6794923550246226,0,High,0,29343825
3.2229468743432075,-1.5887530042972315,0,High,0,19648332
-0.5151187765925497,-2.142202001604871,1,Moderate,0,20175282
0.5913407830115395,0.8229319111254695,0,High,0,40741209
5.859009754679872,-0.2907134695424896,0,High,0,25119549
-0.24069420758764387,0.30793076907093403,1,Moderate,0,82431
2.832969944213789,-0.34683809790975195,0,High,0,171394637
1.2164270548709166,0.22529449341497554,0,High,0,24266376
-1.1547330067230368,0.760234689859195,3,Low,0,96182532
-1.0020150284600864,-0.4359899375192828,1,Moderate,0,16393734
0.6820290393799009,-0.4199299607189824,1,Moderate,1,23573313
-0.7601906447330239,0.3754870937780288,2,Critical,0,84431619
-0.517218998069812,-0.9808644233668089,1,Moderate,0,21122667
1.1883141080517194,-0.4448106712774799,0,High,0,2918079
2.364222497945026,2.1016063887321916,2,Critical,0,41430294
0.38479183955165697,1.4239926540468069,0,High,0,89107416
-1.1109135769848806,0.020139828988790093,1,Moderate,0,23595210
-2.029137480570626,2.100225414553165,3,Low,1,23293629
-0.8530601172323464,-1.4720829645632332,1,Moderate,0,31559436
-0.24683949431557797,-0.1303823260000406,1,Moderate,0,37836486
1.6921818978894838,0.08007366021023671,0,High,1,91916487
-0.9203155704481328,1.5953068842099338,2,Critical,1,114139287
1.7748693217171152,-1.2887124203513622,0,High,0,87481521
1.8374784512233904,1.156499974645778,0,High,0,59972094
-0.4993824012146837,-0.6088535129776341,1,Moderate,0,23744313
-2.832400304067133,0.19685994638527635,3,Low,0,95759091
-1.2731386117715793,1.5867461920007353,3,Low,0,107336322
1.9816098787574379,-0.3590082891424547,0,High,1,42575517
1.9894463297452851,0.5695967592037418,0,High,0,59810211
1.6732075903822914,0.4545783092632477,0,High,0,40977495
-1.065338598742177,1.140406646850623,3,Low,1,40993488
-3.451831107451974,0.6585118328859487,3,Low,0,31995
-1.184095400429897,0.6842307117040047,2,Critical,0,97157097
1.9050918565386814,0.7618963306363989,2,Critical,1,58332645
-0.1705741570701636,-1.6048779598365968,1,Moderate,0,87074172
0.11740167945680152,-0.3174162112260734,1,Moderate,1,44193978
-0.5958812128078301,-1.4870435671839721,1,Moderate,0,89167482
-0.1985388072244041,-0.2190272513481775,3,Low,0,86043996
-1.6395903621533612,-0.8479019197973876,1,Moderate,0,51299280
-0.37859635185275353,0.662930541965933,3,Low,0,24769332
2.65621189188573,-1.1072582326312852,0,High,0,57271734
0.23871173645913502,0.3194080935825196,1,Moderate,0,95245263
-0.9805802767479768,-0.38774159177041545,3,Low,0,7247070
0.7801865165562493,-0.46065749257249805,1,Moderate,0,147762
-0.530323114529073,-0.7343953795189073,1,Moderate,0,23473026
-0.310060086281249,1.2213237553438394,3,Low,0,23210001
-0.4070088275463244,-0.7586416859773487,1,Moderate,1,42376059
-0.9511958026886693,0.009364836544751415,1,Moderate,1,114785640
-2.2656759429550357,1.755556654965834,3,Low,0,90535635
-1.6448185204147152,0.9193561668560263,3,Low,0,17137584
0.5749652006408811,2.9915295281432304,2,Critical,0,104004729
-2.682042228198732,-0.28646946823007124,3,Low,0,52491897
3.2198117736827365,0.2873622590330616,0,High,0,68678073
0.9144143167087033,-0.07210262426874975,1,Moderate,0,175149446
-3.259986858685366,1.0397624840203097,3,Low,0,104519736
0.5231613047598729,0.9242084281927586,2,Critical,0,69555843
-0.6797240629393877,0.37903880904212706,3,Low,0,102806982
0.007816422280007777,-1.1066648599234314,1,Moderate,0,28567215
-0.23036449571326553,0.002618202517271091,1,Moderate,0,5564421
-0.3286926810514417,0.024606920932857008,1,Moderate,0,53354826
0.6713400119859522,-0.5811148010633514,1,Moderate,0,6957954
0.35963620334372975,0.7113386391885267,2,Critical,0,47946168
-0.6049810777469234,0.5839027639735574,2,Critical,0,23320953
-3.9906537061043026,0.4056823540885624,3,Low,0,1768023
-0.5058870547651887,-0.32785922237549975,1,Moderate,0,91087290
1.380570878641947,-1.2911107522448537,0,High,0,5401098
0.6616872248182247,-0.9447022761886967,1,Moderate,0,181962941
0.019227177082829006,-1.9167604712866477,1,Moderate,0,102279168
-1.6060805318791653,-0.3310725087782407,3,Low,0,99010647
-1.0649762325059637,1.1920511559514342,3,Low,0,85405194
-1.9776427053837369,0.3451263376075982,3,Low,0,8083539
1.3751560787416468,-2.643636417943059,1,Moderate,0,84340791
-0.2992263250054086,0.6407602592287011,1,Moderate,0,84988296
3.5038756518621996,0.0898599522854076,0,High,0,85697604
0.1117583118990541,-1.2761971848386984,1,Moderate,0,2178603
-1.711782742806823,1.2059486022137136,3,Low,0,3062367
0.5281502368058411,-1.4453879069902489,1,Moderate,0,92387772
-1.5577453296266897,0.2302572017060527,3,Low,0,84950226
1.4412046989025729,0.3558258668489892,0,High,0,110745477
-0.18972199744270912,1.2026917042099012,3,Low,1,94297905
-0.30118164892946003,0.2509709612448497,3,Low,1,12028482
-3.3667431148778704,0.3275396391791731,3,Low,0,1598346
-2.541422276644601,0.6292878242171652,3,Low,0,6217632
-1.6116639960780856,1.7398895675847177,3,Low,0,89950536
2.744398003948716,-0.41342446106221825,0,High,0,23483169
-0.9244217971350079,0.4218398720094207,3,Low,0,97786296
-1.6018093602554098,0.3232197033913479,3,Low,0,41049099
0.7394906336294639,2.998293778662257,2,Critical,0,49266828
3.816788279843076,1.5625546593527346,2,Critical,0,77656014
-1.2347033070599225,-0.8594221881711062,1,Moderate,1,85504743
-0.15679472754925763,1.6171501389456662,3,Low,0,70377174
3.988667781951895,2.2533750740413545,0,High,0,54009117
-0.11906287060046064,-0.8784343770028609,1,Moderate,0,4484529
0.43364823487726756,0.9706258754594903,0,High,0,98462151
-0.36869485228180804,2.2463588853986853,2,Critical,0,110835063
-1.9408804448265833,-0.5931866841875328,1,Moderate,0,26105922
-1.1335951309632055,-0.40409417155760924,3,Low,0,67437909
-0.9762286963478096,-1.2276204474393384,1,Moderate,0,94156128
-0.18107546232189686,-0.5938462265108407,1,Moderate,0,10306287
0.16177261299916995,-0.45078306723622985,1,Moderate,0,5467284
-2.4518505972653815,0.3161126052867548,3,Low,0,23606433
-0.2814016090410755,-0.7239658179438925,1,Moderate,0,6616035
0.9431396204682411,-0.4514807575100212,0,High,0,63711738
-0.3614748572613721,-0.7633308545922652,1,Moderate,1,69465024
1.4232258717305004,0.6566382485692549,0,High,0,55092546
0.9947360999462432,-0.19992298981509268,0,High,0,25160553
1.3919785498711308,-1.2085095314308094,0,High,0,25841475
-0.5747129273578755,-0.28064182724892334,1,Moderate,0,57700530
0.4670279830525895,-0.2717933545740165,0,High,0,62506233
3.7707055091297543,-4.518974890121812e-05,0,High,0,33702039
-1.5801172639827954,2.047640858650317,3,Low,0,24297291
-0.9236791702985182,-0.5933881019872277,1,Moderate,0,100917270
5.264982588189622,2.0666284250759244,0,High,0,111665790
2.2470725329264867,-0.1181337070976186,0,High,0,64310229
-1.5293920131084984,1.1669692071839062,3,Low,0,211689
-1.1047539172704424,0.40027527318473327,1,Moderate,1,1736946
-1.3241754255824123,-1.1715097343468057,1,Moderate,0,1902645
-1.3350849762437,1.2643640492673613,3,Low,0,38637243
1.1740938819519442,0.660568162221982,0,High,0,47977929
-0.20591867781469106,-0.05931877662015218,1,Moderate,0,25725114
1.7259365919271565,-1.5000604616236402,0,High,1,86129478
0.9639231406244966,-1.0634624412580156,1,Moderate,0,56889162
-2.6012282825781528,-0.1380366067959363,3,Low,0,407781
-1.8671229965526386,-0.9317340093892916,1,Moderate,0,4806711
0.3207061823193077,0.4330392064422099,1,Moderate,0,65096865
-1.572322961598877,-0.2048180874406845,1,Moderate,0,19293066
-1.4010464982795086,-1.0315408180118415,1,Moderate,0,41905422
-0.8994927770366177,-0.5242385209740046,1,Moderate,0,87851016
1.4818414692824784,0.24391186499592413,0,High,0,66889368
0.6731234657464146,-0.8087297236394608,1,Moderate,0,52338186
0.8441909363760164,-0.9308568303047695,1,Moderate,0,81783252
-0.4755421869240092,-0.39118094231315226,1,Moderate,0,103424697
-0.9184571957102392,-1.3060433719852966,1,Moderate,0,23624199
-1.5195999823067865,-1.4607746582012124,1,Moderate,0,93744405
-1.2168066290456332,0.3488975716251713,3,Low,0,57298653
-1.0942425838456138,-1.5217917992059309,1,Moderate,0,131556668
0.25847150566071253,-0.5991583786563998,1,Moderate,0,45693297
1.7126474592860035,-2.1189134940727277,0,High,0,19814319
-3.122753697461241,4.106905962970938,3,Low,0,59583888
-1.2767895358880772,-1.1045930773305233,1,Moderate,0,41299524
0.30330736340083514,-0.7407679110355744,1,Moderate,0,59133546
-1.2732320317531958,-1.0339470536395825,3,Low,0,40568967
0.6780773829321232,-0.7556815299525415,1,Moderate,0,489186
-1.3616975702282894,1.5047051463532646,3,Low,0,24932115
0.1415883962858083,0.19548474674266245,1,Moderate,0,92400885
0.14238638555804461,0.5981931206391106,0,High,0,42096384
-1.12784288721697,-0.022039602332923906,1,Moderate,0,24961347
-2.097565282531422,-0.5308753758364801,3,Low,0,19291815
-0.5624695741865625,0.019863163865612588,1,Moderate,0,23624910
5.415406402801201,4.693274887052019,2,Critical,0,88042680
1.8635451933232585,0.0006494916812263727,0,High,0,64278423
-1.1380352930392696,2.1587065372283623,3,Low,0,540621
-0.1636799478441737,1.3437796850111494,3,Low,0,115170372
-0.9327541533283064,-0.5555962102563199,1,Moderate,0,85110516
3.3376188442801165,11.244051530504725,2,Critical,1,90489195
1.875593799327171,0.8997098217445686,0,High,0,48394971
0.7647763986681749,-1.4222145703599813,1,Moderate,0,23208804
-0.012742560778732322,0.34888012124721246,3,Low,0,62181801
0.8092323644949069,1.3073885572704087,2,Critical,0,88647516
-0.9411936236147534,0.3867098078359421,3,Low,0,24754761
1.6439288084769903,0.33433718443368143,0,High,1,91916487
-0.5076823893971062,0.6259629209536572,3,Low,0,96875046
1.1717141094531285,0.30640387288189674,0,High,0,94149369
-0.6680460055765662,-1.2761187030976848,1,Moderate,0,8538084
-0.6111965148439945,-0.30894870688665954,3,Low,1,108387207
-1.2645880615576013,-0.5946789810085016,3,Low,0,42571188
3.5118172738168845,-0.672116071750733,0,High,0,4820508
-0.3023150295624065,0.7718528236028761,2,Critical,0,32311764
-0.30467714156488335,-0.711596184545601,1,Moderate,0,16931853
-1.7992003361593136,0.7179536972777907,3,Low,0,107494353
-2.0482603568521527,-0.40438419381626123,1,Moderate,0,24264648
1.5273297081379151,0.5791917510396406,0,High,0,69246225
-2.4106619187384117,0.44962220368800315,3,Low,1,433800
-1.5499210891928101,-1.6173020747409639,1,Moderate,0,135593321
-0.7220947054810952,-0.8154375344923194,1,Moderate,1,16516467
-0.8522587526026113,0.3266305324382385,3,Low,0,66522096
0.3920704347149792,-1.187661606267038,1,Moderate,0,84311127
-0.6760971329161745,-0.6960347463881185,3,Low,0,23256135
-0.009094955470858222,1.491676978155572,2,Critical,0,100893636
-2.020450203702998,0.11512771407339839,3,Low,0,20334465
0.2551607760673371,-0.4085668279008847,1,Moderate,0,86099976
-0.3709549150444812,1.0626698060319337,1,Moderate,0,23399685
-1.7688788912849833,0.6987186463210229,3,Low,0,462537
-2.297289510229952,-0.7277578651075121,3,Low,0,108932292
0.8671291138249818,-1.3373477355989924,1,Moderate,0,42919992
0.0127817134021515,-1.0867299198394256,1,Moderate,0,23679153
-0.9463959781163754,-0.056451260440112186,1,Moderate,0,57771063
0.7405912260142442,-2.240634010253624,1,Moderate,1,87937335
1.3361665474821685,0.05297095977345842,0,High,0,21369879
1.3442472194285766,-0.17834211655413126,0,High,0,44386416
-1.6595591979766662,0.7475348938656541,3,Low,1,79590483
-2.4770847038071815,1.7849582993227906,3,Low,0,100261800
-1.82227692361628,1.6247924139120873,3,Low,1,33005619
-2.6525555738362665,-1.8307404400587075,1,Moderate,0,59636286
0.04850780057626431,-0.10948679770419595,1,Moderate,0,105699150
-0.4605387481833207,0.21919113807539128,1,Moderate,0,35253549
0.36556827489851845,-0.5812229386188754,0,High,0,8717166
-2.206888225673093,-1.2332522827420445,1,Moderate,0,39755664
1.0550454742073823,-0.6715979617962976,1,Moderate,1,84562623
-0.9532910848812203,0.3606520779758165,3,Low,0,33075936
1.3604054274864266,0.9449504313290178,0,High,0,111341538
0.10352317460373534,0.2726515584320766,1,Moderate,0,5776821
-2.8199314257730057,1.2851869989360094,3,Low,0,6676524
2.7404245369309215,1.8590328961852223,0,High,0,95494239
-1.0656585527258975,0.40798572079317774,1,Moderate,0,28472301
0.9740401232085782,-0.0724140067822658,0,High,1,108874503
-1.083606277630766,-0.4404853085719114,1,Moderate,0,95726277
-3.820820177264504,2.1843516909679344,3,Low,1,1257759
3.401688957875755,0.994802427321287,2,Critical,0,92158929
-0.8753110985529786,-0.3121588570022671,1,Moderate,0,86719302
3.7735511875849603,-0.21234003064517978,0,High,0,23162274
3.6262395190878114,-0.7258561928286186,0,High,0,90353187
1.5253911051596236,-0.0332971934450459,0,High,1,88499331
0.33313416245916516,-0.4931931647299159,1,Moderate,0,88204113
0.5951250219321056,-0.7246358609455681,1,Moderate,0,93988017
0.987907911256083,-1.1294597424215378,0,High,1,42383376
0.742093812091819,1.0688764761607557,0,High,1,94540572
-0.27339217492034956,-1.8775153261208883,1,Moderate,0,2930562
-0.9231164741914093,-0.9464911981641735,1,Moderate,0,60896745
0.11186928823968328,0.5454494596867395,3,Low,0,85894083
0.2765595626187575,0.9490387354975087,2,Critical,0,88042455
2.254973812494512,0.2517636587005678,0,High,1,96035814
1.1113856966198021,-0.6671710229071932,0,High,0,74069829
-1.5040641779478667,1.3281427948762239,3,Low,0,38390913
-0.03915874892922219,0.15798816690296605,1,Moderate,1,73153521
0.21643138373748144,1.2476167886855996,2,Critical,0,86543757
1.8189935215603092,-1.7348637620558471,0,High,0,181376645
0.8711807364731979,-0.7242907211402365,0,High,0,22170546
-1.53867470241707,-1.0125885773775654,1,Moderate,0,441198
-1.0804230839219906,1.246519860672339,3,Low,1,14189319
-0.5249044212023324,-2.1064195561877286,1,Moderate,0,15905673
1.06000044565099,-0.8138086461167409,0,High,0,80605683
-1.9853945184311799,-0.12953723574961776,3,Low,0,105705882
1.5423554778080053,-0.8749250288148634,1,Moderate,1,31121838
0.6941410303009024,0.14003732508455793,1,Moderate,0,90131868
2.0795737847680327,0.7238815441041265,0,High,1,77106771
0.7102047502385159,0.1023382612295122,0,High,0,87793605
1.7888523514818058,0.3933673540250137,0,High,0,72389961
2.2191294018473435,0.4261473481852596,0,High,0,105484203
2.4223975578596297,-0.7501814367174625,0,High,0,24261444
1.896680456716254,0.8108180329221408,0,High,0,33463845
-1.5232698492083343,-1.265987211739788,1,Moderate,0,1281384
-2.009194576842596,-0.8667553733269746,1,Moderate,0,58085172
0.1447491567625661,1.4415579217584458,3,Low,0,85463955
1.025636222773498,0.4885413233609109,0,High,0,276606
3.7058338249246905,0.31999776356614523,0,High,0,102327174
2.0562496015148803,3.060252891640915,2,Critical,1,112918734
-3.244821831000739,1.349148704878814,3,Low,0,6164919
-0.6011589276170797,-0.68744773186391,1,Moderate,1,35876763
0.03160421506855549,1.955911378439921,2,Critical,0,92430774
-0.7771982297013426,0.5997836203852286,1,Moderate,0,84514689
-1.7847533530162174,-0.9662195508718597,1,Moderate,0,18019575
1.7312248177547191,0.31720180131607734,0,High,0,90528345
-0.2908323564911786,0.19590400913899594,1,Moderate,0,85273317
0.624733176000834,1.256631272472639,2,Critical,0,59643801
0.47521165627116907,0.5859802355037571,1,Moderate,0,170779361
0.3081969780592149,-1.6675664484870518,1,Moderate,0,23624199
0.9432441377009994,-1.3268580062413675,0,High,0,19066167
-0.369426449749757,0.7772005088337998,3,Low,0,50623605
1.7548871265882877,-0.1028691056405655,0,High,0,7162074
-1.2548362381838047,-0.8061501001694084,1,Moderate,0,100825956
3.666565692693967,0.6887271729656635,0,High,0,25129413
1.8066309349361955,1.9769121983617102,2,Critical,0,23286339
-2.154213458031204,0.9260902089701677,3,Low,0,56895444
0.5147229952233368,-0.8863907240439008,1,Moderate,0,10610856
0.6541166852503858,-0.3066334414363489,0,High,0,45369306
0.32638954905176865,-0.6866327800524716,1,Moderate,0,33490818
0.8156303283075389,0.10271681691511247,0,High,0,57440115
1.649223778213428,-0.007790624758348836,0,High,0,78497199
0.014066479663149785,-0.682458510286603,1,Moderate,0,59825034
-0.9619417553146467,-0.6842741666724723,1,Moderate,0,95613129
-2.8242228250777863,-1.3364951225851778,1,Moderate,0,31689252
0.9248771298537861,-2.55191796720721,1,Moderate,0,61711911
0.003924437664310768,-0.0752181083242434,1,Moderate,0,863154
0.6168292382113567,-1.4755918869951836,1,Moderate,0,83540403
1.4141568802811304,0.3985979901420222,0,High,0,90723006
1.393417738266294,-1.2668587739985562,0,High,0,74297340
2.313530810789071,0.30285817770563456,0,High,0,42555699
0.2962967365909194,-0.1850727869278532,1,Moderate,0,98426025
-1.286993127063862,-1.59812459868074,1,Moderate,0,42499242
1.066967003983867,1.3671131393978677,0,High,0,40863654
0.2417049680531138,1.5452220788193083,3,Low,0,2078055
1.373003999828003,-0.7119491045435117,0,High,0,105871851
1.4291637994671567,-0.9185460147796873,0,High,0,141196712
1.1595246060190065,-0.06876246785856113,0,High,1,94311666
2.694527645816353,1.0416684420156952,0,High,0,35052723
0.8476504274090184,-0.25889392599597294,0,High,0,85340844
-1.9023513678664101,2.565974605860705,3,Low,0,100282104
-0.9956548237552802,1.5798838842906016,3,Low,0,53502867
-2.536021906413948,1.1192696123413828,3,Low,0,981099
-1.2978764664600642,-0.05734857507203341,3,Low,0,43464663
-1.185402557194202,-0.38705152124674586,1,Moderate,0,6216912
0.9171341666125936,-1.0842501079967004,0,High,0,19359918
0.174844660810975,1.9697983631859717,2,Critical,0,41658057
-3.119335323920884,-0.20656018567364653,3,Low,0,57884121
1.4622752248868558,-0.8465323569366712,0,High,0,27646740
0.547087527233559,0.5591216523830695,0,High,0,58015008
-2.3236329064359014,-0.8188630683973616,3,Low,0,17967384
-1.3947823187194528,1.4974457089831896,3,Low,0,89395641
-0.5465103859713681,1.6822350852014616,2,Critical,0,100041714
0.15347074628250973,1.7790233156868922,3,Low,0,76694211
-1.3017349045661761,1.157137566372125,3,Low,0,23293629
0.23335858850813096,-0.9175669324639281,1,Moderate,0,24577812
1.1560245573025663,0.12176167893106624,0,High,0,42451245
1.6284301404767159,-0.11217670709571584,0,High,0,96322815
2.3099951591434214,-0.017388683067978656,0,High,0,42091641
1.460243270438598,-0.2614051362542435,0,High,0,168516
1.5165189284229064,-0.4663219350835052,0,High,0,102899700
2.7077854263118004,0.5184797120521052,0,High,0,136046912
2.728786678344047,0.1531915448798318,0,High,0,112051980
0.10179642962940672,-0.9819861100514853,1,Moderate,1,59478903
-1.8437017276210395,-0.24855848642733833,3,Low,0,3623058
1.9961768601262389,-0.5024455961647307,0,High,0,101076057
-0.33193373385803576,-1.54935325839134,1,Moderate,0,41242869
-1.9697273228944143,2.231499589620985,3,Low,0,102415113
-1.3272678752537057,-0.1672879140896261,3,Low,0,4030317
1.6219391005524801,0.9826079431249545,0,High,0,55422882
0.9562049393517253,0.15826745924789867,0,High,0,23411331
-0.20815213582959724,-1.0654331089513953,1,Moderate,0,54428643
-1.7655077491146736,-0.07417646590414542,3,Low,0,85430574
0.4937513183346867,2.3849707957320034,2,Critical,0,41744394
-0.6726811200908926,-1.2872693939409625,1,Moderate,0,23406696
-0.07526468614790376,1.5031505105420866,3,Low,0,43795170
-1.1648848765756838,0.8202260814456153,3,Low,0,100847547
-0.9594957625186978,-1.6109402170263554,1,Moderate,1,42415983
2.1492644291170104,-0.09895041548258036,0,High,1,111327354
0.5160964673049854,1.9204471585671923,2,Critical,0,40914576
0.04300677036056037,0.16918093774961024,1,Moderate,0,105733620
-0.14059841111832289,0.6618002351173184,1,Moderate,0,76339314
-1.1808456580528692,1.049024800125693,3,Low,0,16111269
1.0752196376260374,-0.2453745162049484,0,High,0,125793
0.6949847015243555,0.23066407690181098,1,Moderate,0,46934883
0.18767464492777403,1.8008823378853795,2,Critical,0,6436332
-0.33127143148982663,-0.515226963901276,1,Moderate,0,95659227
-0.2909113963090633,-0.4463918181789229,1,Moderate,0,74628099
5.243449430708737,-0.7549555112590657,0,High,0,41091066
-1.6158919970934935,-0.8049049424579872,3,Low,0,85980978
-0.14163725779118927,-1.6213607323876265,1,Moderate,0,24510078
-0.6716759592910235,-0.32808981133569215,1,Moderate,0,27773748
1.2836446560637764,-1.2126252435446137,0,High,0,59548896
-1.2898351249069888,1.939723401282958,3,Low,0,116586
1.012663804836983,1.7668647718360706,0,High,0,124844261
-0.9176443265614642,-1.3230893599175244,1,Moderate,0,10869237
2.714880169110861,0.789621085183277,2,Critical,0,106914321
-0.8135319029247411,-1.9351430449995197,1,Moderate,0,85937175
0.324475189962491,-0.8557020392714544,1,Moderate,0,87000129
-1.4051079195585234,0.5117143015282699,3,Low,0,101487969
-1.3037483793300726,-0.40420219468589186,3,Low,0,108293391
0.9618045228254297,1.4974590889366242,0,High,0,83178855
-0.21370062502154866,-0.5069440847197278,1,Moderate,0,44595306
-0.3265612220534042,1.6774328666974503,3,Low,0,64022706
0.15464522418678275,-0.482149318586522,1,Moderate,1,40988736
-1.687634600143418,1.224485158072186,3,Low,0,75065256
-1.6443502051122854,-0.1745986944404004,3,Low,0,4597452
1.2821387303711524,0.5026784503762793,0,High,0,31674843
-0.6967860393028213,-1.90348055532261,1,Moderate,0,20144844
-0.33734194699153286,0.8869305130766967,3,Low,1,4791987
3.8720736978757597,0.37670585527859446,0,High,0,49069395
0.8731346003369301,0.9510438235362368,0,High,0,138584381
3.2550482122548847,-1.159011585039915,0,High,0,102471651
0.05834378864644918,-0.8407699882409656,1,Moderate,0,44438571
-0.5503653384783539,-1.2279657018957861,1,Moderate,0,24583986
-0.7973004305709727,0.7737221467876245,2,Critical,0,31121838
3.069497586476166,-0.23230200985835073,0,High,0,87722460
0.7782886114288521,-0.5555707938942159,2,Critical,0,72835722
0.8258095734721324,-0.21930609458347308,0,High,0,93893751
-0.34341439274796715,-0.8417545078971725,1,Moderate,0,89798085
2.509589971371963,0.44098355313806986,0,High,0,288054
0.000624542389754352,0.35368799924187727,1,Moderate,0,63346824
0.015562337834363504,-0.8775135807390565,1,Moderate,0,84495240
-1.8945524079858682,1.2893631371708898,3,Low,0,51467112
-0.13775359177694274,-1.0434783958308276,1,Moderate,0,5033565
1.4783606041720747,2.2543114834337996,0,High,0,23592294
-0.07001574284794221,0.2202716765948319,1,Moderate,0,84314358
-0.38164828645572474,0.6664586479875074,3,Low,0,44644365
-1.9923745904778223,-0.3389883371823388,3,Low,0,24637347
1.7589850955849589,2.6586980331109515,2,Critical,0,66178701
-1.3411123428484166,1.6595354278435253,3,Low,0,99354411
-1.2984075320720903,-0.45272469614059835,1,Moderate,0,42096384
-0.18712634148650703,-0.43265126455171493,1,Moderate,0,33478965
-1.169424546768689,-0.09286748184290262,3,Low,0,94905882
1.4030981740016917,0.20642452267062425,0,High,0,54925623
-0.5741656530760374,-1.752759909283428,1,Moderate,0,104061861
-2.097144230338242,1.07094142634732,3,Low,0,18159219
-0.4712529376444701,0.1784467986295087,1,Moderate,1,58103460
0.8407535169089051,-0.8530060665892788,0,High,0,25380801
1.3739491952283047,-0.25663123425238105,0,High,1,14780889
-3.009670238249084,-1.1071378508976368,1,Moderate,0,35600238
-1.8462569725807394,-1.0290790840193795,1,Moderate,0,10651266
1.869318173199932,0.14215246254238745,0,High,1,42060906
-0.1575590483415162,1.0684384405356357,1,Moderate,0,41290236
-0.24135532310935742,0.9410897802863871,3,Low,0,41712777
-1.761986776606288,1.5389638987257657,3,Low,0,49606641
0.43108189247983647,-0.7886107629658283,1,Moderate,0,86467887
-2.6769231000569214,-0.5135359878473187,3,Low,0,814563
-0.2925172449696741,0.010178686961628509,1,Moderate,0,112326219
0.41554460125375675,0.4600902251090058,0,High,0,56929113
-2.0389380242532265,1.9355241308973286,3,Low,1,84611205
-0.4004487894849688,-0.44153576142691303,1,Moderate,0,85225293
-0.06524526484712952,-0.9816235333568697,1,Moderate,0,23400459
1.0349606615513747,-0.5962999088056546,0,High,0,89869032
-0.10108838989806945,1.4306155723298652,3,Low,0,18618291
1.9644082519772639,-0.06022217968649468,0,High,0,41701743
-0.004629693990776847,-0.27358848273624314,1,Moderate,0,54955197
0.388110218878432,-1.3129493848257747,1,Moderate,0,63451593
-0.8868151949833791,-0.9235226079599779,1,Moderate,0,49948011
0.3192846493525963,-0.6482287333114964,1,Moderate,1,40941846
-1.3544883045111817,-0.9940875297959162,1,Moderate,0,34248078
1.9764253350122882,0.8204476765218562,0,High,1,31795785
-1.5239765618925616,-1.1383976259874935,1,Moderate,0,796122
-1.4568662944446313,3.9180217824897228,2,Critical,0,70229223
0.3230314419628599,-1.203496586751885,1,Moderate,0,54638415
-2.129212273823331,0.10483491263089681,3,Low,0,5230449
0.6864748869924232,-0.6558413033812053,1,Moderate,0,77999679
1.36488992311342,0.21743008800137786,0,High,0,86740344
0.08327796041921398,-0.6817317227143297,1,Moderate,0,107120115
-0.7118842902951852,-0.6663974577594585,1,Moderate,0,60480315
-2.1102488790374188,-0.17884120190157662,3,Low,0,28276236
3.2338021282017593,6.160323276413972,2,Critical,1,23643405
-0.24805683835645193,-1.841808688799844,1,Moderate,0,112401162
-1.1541093727626641,1.5941136332676953,3,Low,0,19942704
2.6642988798050933,0.5207820548537343,0,High,0,94649661
2.2033283164797686,1.0382508852923895,0,High,0,60849486
1.6200016624214018,1.907266447078336,2,Critical,1,81169038
-1.4770359779401194,-1.0642263549310573,1,Moderate,0,38559807
-0.12434510752981572,-0.7398946201479448,1,Moderate,0,49368510
1.5300084329336836,-0.8412760406657305,0,High,0,102034449
-1.5170464327600088,1.3166537742707982,3,Low,0,84611205
0.9251452808003152,-0.2242615109049291,0,High,0,400500
3.958869348321634,0.5491238422310462,0,High,0,40864176
-1.8411019666257897,-0.40238794335498557,3,Low,1,6658560
2.0986257181209385,-2.290154238858267,0,High,0,71080965
0.4601802492190125,0.1826305241209932,1,Moderate,0,41620194
-1.1210419702613126,-1.6261643919018096,1,Moderate,0,23662026
-0.13513441318061115,0.11038938013389342,1,Moderate,0,58188654
0.5547789455403362,-2.280938184291994,1,Moderate,0,95438304
0.5167079921961372,-0.5436782668355044,1,Moderate,1,79367940
1.0760312814452355,0.239514388885969,0,High,1,96760197
3.052994096737624,1.1570046247016457,0,High,0,93138444
-3.2999959336630953,0.565239885991627,3,Low,0,14711346
1.9096913130492776,1.6055649167113553,2,Critical,0,84361509
-0.6124524541489156,0.7250384833207802,1,Moderate,0,41369121
1.4030078105887456,0.5031598508716677,2,Critical,0,59667417
2.525109791507822,0.5743074396403259,0,High,1,77302197
0.23356622915566666,0.23904960204629364,1,Moderate,0,97100730
0.8188072496199936,-1.4963484313457394,1,Moderate,1,59033583
0.4360471548070595,-0.7764853930602266,0,High,0,17296344
0.6130196275593733,-0.8571271167910569,1,Moderate,0,34838856
0.5249965434320248,-0.5641397168655752,1,Moderate,0,91443564
-0.9191903253531379,-0.09222909135258883,1,Moderate,1,106004268
-1.9211912089863756,-0.16118345234265316,3,Low,0,4014252
1.0868321993205485,1.8445076957365028,2,Critical,0,65758374
1.4097983056539949,-1.9425748065996196,0,High,1,539721
2.08893242095692,-0.3511385393080192,0,High,0,67732002
1.7431913414956515,4.254183989656234,2,Critical,1,103832127
-0.4258242391489361,0.6378677972966289,3,Low,0,20875959
-0.6746415380864303,0.5659360627500746,3,Low,0,60399
-0.43694615773737233,-0.2797514210974766,1,Moderate,0,41164083
0.9737373391414293,-0.24197216813870404,0,High,0,41861430
1.4125675467318433,-0.29313789089815184,0,High,0,32806224
2.1673451337579697,1.2520259293014244,0,High,0,97631802
-1.2026836011769608,0.9258174853321097,3,Low,0,58179717
-1.9958445719100426,-0.13557913747874142,3,Low,0,108134037
-2.9210660914237785,-0.1233299174779301,3,Low,0,8568531
3.291426030718477,2.5853937870056796,2,Critical,1,88533495
1.335880912762689,0.4130583145786569,0,High,0,84402702
-0.11910021812140449,-1.2220233205886368,1,Moderate,1,102301866
-0.3960150166999336,-1.2616284662537063,1,Moderate,0,91995975
-2.336103393125458,1.1879316096086974,3,Low,0,497106
-2.0447852928844275,2.5317856664254297,3,Low,0,41961645
0.3746210334399403,-0.21010364968944986,1,Moderate,0,28445220
-1.5895953495440427,-0.03990749113613114,3,Low,0,18344484
0.4313149072850903,0.26481547575556963,1,Moderate,1,61690284
-0.3971063920562939,-0.6449985384976038,1,Moderate,0,29966355
1.1387651433034116,-0.7039401685102249,0,High,0,104996754
-1.6252254347425026,-0.3549315713999362,3,Low,0,71862957
-1.1961689204919201,0.18881023351857942,3,Low,0,91935747
0.10665096779016399,-0.9504509540269481,1,Moderate,0,25030719
0.37258400288618027,-1.5563415531913762,1,Moderate,0,23372820
0.054781771121825036,-0.533012559490269,1,Moderate,0,1476873
-0.9785635728816334,1.24704294297714,3,Low,0,1686267
-1.3852849450995124,-0.26852941470560604,1,Moderate,0,80122590
0.5992790005011337,-1.0173432076060995,1,Moderate,0,61948728
-1.9102046319942962,0.07243183949385512,3,Low,0,31794102
-0.5723985542629146,-0.5878267261022532,1,Moderate,0,4283973
-2.214901561794208,1.4658471749902575,3,Low,0,97456554
-0.9744095100753483,-1.573420859206466,1,Moderate,0,110814903
2.7918930116788094,-2.0531908310308893,0,High,0,20264742
0.012583824291573103,2.2136597343361277,2,Critical,1,41744394
-1.1326638738210044,-0.9460930288691161,1,Moderate,0,58804965
-1.20870453691752,-0.4351957218322155,1,Moderate,1,41374350
-0.7610715099011007,-1.2841421267310926,1,Moderate,0,114846912
-0.21259798045827566,-0.04460839214518432,1,Moderate,0,42835725
-3.2188135142235685,0.9218571079294087,3,Low,0,83623221
-0.6486546703303391,-1.3539635818113045,1,Moderate,0,40717161
2.187214417003187,1.1346982323671684,0,High,0,152518703
-0.37273748312586524,-1.278193797443614,1,Moderate,0,87415668
5.19192274421353,1.6364214147187428,0,High,0,24022530
-1.1656749501003467,-0.31248515133476673,3,Low,0,78590844
-0.9822310944167799,-0.08671954169338097,3,Low,0,87165522
-0.3354412176235871,0.4026940491608051,3,Low,0,24409593
0.7427042424461312,-1.0953656091791744,1,Moderate,0,43011009
-0.04118064197971473,-1.3717677970776856,1,Moderate,0,94771143
1.279714940181612,0.08417262763236628,0,High,0,24825339
1.1754111252180082,0.1314346587108761,0,High,0,68738175
-1.9080819828998987,0.12472235881712701,3,Low,0,18308169
-0.4181810236001638,-0.692920295468221,1,Moderate,0,29947671
-0.03044568898147511,0.31727682562139015,1,Moderate,0,85061286
-0.10986574365602253,-0.9615860128208127,1,Moderate,0,68086296
-0.4752553708364302,-0.6052747281816309,1,Moderate,0,76019994
-0.5900212132435038,2.187868585332877,2,Critical,1,84562623
1.934444746957003,-0.09020962549111738,0,High,0,41996808
0.14376103623639727,-0.2653974086103481,1,Moderate,0,8665965
0.7764903679619851,-0.49626121896488534,1,Moderate,0,90499644
2.111664812927606,-0.9923882665436959,0,High,0,9218223
1.0401837079531162,-0.19808815843927216,0,High,0,55883610
-0.7591770809593675,-1.4281625702064868,1,Moderate,0,107886231
-0.7755878337690748,0.30674576392139685,3,Low,0,3077010
2.2802401650101745,0.5634424868611365,0,High,0,67511214
-1.9927128162710042,0.016866856984986123,3,Low,0,33795090
-0.9379016721565571,0.14634315854886532,3,Low,0,23224581
-0.8866176868802611,-0.5763235595387306,1,Moderate,0,103894542
1.4989912879283898,0.038599977919639816,0,High,0,42068880
-3.048487320281949,-1.420643998126238,1,Moderate,0,67898304
-0.3794622428275449,-0.77115207728109,1,Moderate,0,86246712
0.6258958821704833,4.01956106465049,2,Critical,0,85461543
-0.4353096225592005,-0.5325131347842735,3,Low,0,45609786
0.4903563434671188,2.18438172765647,2,Critical,1,66633678
-1.6719051261797435,0.2843221171429561,3,Low,0,124500668
-0.9829392968552042,-1.551751295339811,1,Moderate,0,101188719
1.2699596485240399,2.2156953387469716,0,High,0,39156570
-0.7116397007078934,1.6330992534176216,2,Critical,1,38857140
1.6362079896497774,-0.43834824157729163,0,High,0,89045766
1.1876562150232817,1.1231033662267427,0,High,0,109273257
-0.6989284744580277,0.8192116282805741,3,Low,0,40366476
1.8134950538440726,-0.5742662192051751,0,High,0,80947962
0.6004562217550333,0.07565992953246517,1,Moderate,1,60055074
-2.3478074570430727,2.0197535983537236,3,Low,0,17409402
1.5425314491052144,1.6454724211698437,2,Critical,0,87353010
-1.4404100080914481,-0.9867649308053519,1,Moderate,1,53124390
-0.22080186754290138,0.4498029265252675,1,Moderate,0,24848910
0.2860008991142013,-0.06308778169842368,1,Moderate,0,85353795
-0.019488837349032173,-1.783340708964638,1,Moderate,0,42895152
0.2589945405571399,0.37642737143523236,0,High,0,4115268
0.8729006018578712,-1.5147910161936093,1,Moderate,0,28308051
0.010627272935335313,0.7355059959740442,1,Moderate,1,97961517
0.18352217390497028,0.4740146065690445,2,Critical,0,23195880
1.2906404319640064,-0.7445424563660543,0,High,0,74883888
0.27187055155954715,-1.4259124375470287,1,Moderate,0,39013461
-0.9067278490100423,-1.0748767172361609,1,Moderate,0,62538372
-0.5469954193103167,-1.8725513923126247,1,Moderate,0,59961150
-0.4849666009516085,-0.3866848586900024,1,Moderate,0,101011626
0.47855918682896953,2.685580817875781,2,Critical,0,633906
-0.9080557844617652,-2.0487224844394216,1,Moderate,0,77377644
0.8729695679567933,0.07290646991523908,0,High,0,24913368
0.46536883969387816,-0.7130672305656047,1,Moderate,1,84524355
0.10028700310619863,-1.1052898851004032,1,Moderate,0,265815
-1.0463772191064085,-1.8444360993858286,1,Moderate,0,42992019
0.0026842088046527606,1.2943077617306369,3,Low,0,85286898
-0.7010331370125157,-0.916661201045281,1,Moderate,0,78944112
-0.6955083831190889,-2.2886384202747965,1,Moderate,0,102338217
2.9839234968358865,-0.7556559101012664,0,High,0,973944
0.6970380385806942,-0.22397954701667314,0,High,0,93631455
1.3190118757819345,0.8737646516954867,0,High,1,125150594
0.6052532527587219,-0.04284278208046538,0,High,0,3773484
2.9458805883840498,1.3917503289757853,0,High,0,55316160
-0.6942069539201287,3.257016355710653,2,Critical,0,97391007
0.08798845934287251,-0.5960806008178752,1,Moderate,1,174152336
-1.138870863230537,-0.043246572454418666,1,Moderate,0,36216972
-0.49757240062571184,-0.0712635805786017,3,Low,0,5535945
1.3478853745004598,0.5328773269360925,0,High,0,42703308
3.2373220391591992,0.5134459984482651,0,High,0,52771536
1.3699150417353159,-0.522393566405713,0,High,0,84047418
-1.0412439634724913,-0.828686879849273,1,Moderate,0,2408922
1.1145678078649932,-0.7690011490149448,1,Moderate,0,5822073
-1.4997915527183927,-1.1811883120596696,1,Moderate,0,23803029
-2.2695130040423392,0.8026374604949266,3,Low,0,32621841
1.5985310623741702,1.0258771797871609,0,High,0,122537255
0.6439862153018191,1.3083989572602996,0,High,0,44402211
-0.2239854287402424,-0.9198432302762181,1,Moderate,0,49373127
2.416308813528311,0.2326144668219897,0,High,0,56168154
0.8779335867373633,-1.3906909883510217,0,High,0,1297836
-0.3948112810787763,-0.9242598759237881,1,Moderate,0,91981737
-0.2972103622991382,0.6499913314153143,1,Moderate,0,91456965
-4.122892146348377,2.598330818810785,3,Low,0,91206
0.06130155648873193,-0.6810948074887544,1,Moderate,0,23235237
0.6074710088953943,0.7014743387479286,0,High,0,44027757
-0.17319309008187975,1.3717460114197553,2,Critical,1,65903373
-3.1047078792497937,1.2507568967789917,3,Low,0,20394225
1.5541056274095821,-0.15541263627252913,0,High,0,38979441
3.9675027773928373,0.151171781203171,0,High,0,41839614
0.5076024470956688,-0.3640561048866086,1,Moderate,0,6107373
-1.0565450338373976,-1.9276559827483,1,Moderate,0,94029030
0.40852979198393763,1.3055094968042427,2,Critical,0,6297489
0.8385985239113952,0.6093570757117943,2,Critical,0,93695058
1.4461879737720902,0.5741314797687335,0,High,0,88901460
-0.9003607684657033,1.757137570935528,2,Critical,0,59874444
3.54385626158334,0.3745552399574182,0,High,0,78971220
-0.16578983012233559,1.7073751431757729,2,Critical,0,52109901
-2.2390427962258848,-0.26192060151314644,3,Low,0,19888524
1.382839346017066,-1.5497344433421694,0,High,0,85306473
-1.5879701429614488,-0.27439763839869524,1,Moderate,0,85335066
1.7217209675555303,-0.3449486293568849,0,High,0,92510712
-1.3233856215993065,1.0301485648135795,2,Critical,0,60480315
-0.7237487872760562,-0.8268630578999966,1,Moderate,0,19045017
0.900867388113695,0.12319709148435805,0,High,1,23970213
0.7360075622042116,-0.10666710770809501,0,High,0,32053842
3.170794513590189,-0.36914937967809286,0,High,0,95521995
-2.33282805358217,2.3412087500936267,3,Low,0,20926017
-0.22719376878378872,-0.9542630469809135,1,Moderate,0,13001319
1.0994623791171696,0.6929477027505373,0,High,0,87601446
0.663234354306208,-0.9904466358612884,1,Moderate,0,69654042
-1.6742583221580796,0.02370508768580092,3,Low,0,11720232
0.26776211220545354,1.256260561091435,3,Low,0,77333859
0.21601281440288575,-0.7168206175824772,1,Moderate,1,5091777
-1.958413183793521,-0.26953668984282003,1,Moderate,0,85580658
-1.6251726383510128,-1.5687700786798338,3,Low,0,16228998
2.0792633821789916,-0.472004395722939,0,High,0,86692311
-0.1653126437634663,-0.3039778372282655,1,Moderate,0,43426260
-0.9928927969829013,1.082243076900141,3,Low,0,125535857
-0.35360299195333134,0.4990282898436351,1,Moderate,0,86931081
-0.6837175675299133,-0.972062314085291,1,Moderate,0,83853531
2.5941347600017495,-1.285405664004091,0,High,0,874899
-1.2658796969137052,0.8525064982337046,3,Low,0,81771201
-0.8283439275126154,-0.4445298705072033,1,Moderate,0,53986851
0.09413189752303568,-1.0030537875572436,1,Moderate,1,3850605
1.2019405096896567,1.0271047727495128,2,Critical,0,981099
1.3298752022103242,-0.4922995223200557,0,High,0,44462655
0.28671955001829597,-0.20221988809781086,1,Moderate,1,77417550
-0.6214750362689694,-0.6601533834384674,1,Moderate,0,87271209
-0.3313321234629786,0.7238113392847998,3,Low,1,23948163
-2.6209559475969404,1.0020014105604238,3,Low,0,1479717
0.275757786916646,-1.424175640690019,1,Moderate,0,6580368
-0.14258765155054795,3.8902755491673675,2,Critical,0,99396279
0.3697502379831849,-1.8856801760477322,1,Moderate,0,1692423
-0.07280531447797436,-0.964882399963337,1,Moderate,0,43539525
1.9932735053077846,0.13165027483767075,0,High,0,83482650
-1.7392188144423648,-0.26187223592000697,3,Low,0,21027366
-0.7981768012961586,-1.2380394440266516,1,Moderate,0,59030442
-0.8037449811588687,0.8454050023450661,3,Low,0,102186162
1.1413692760202336,1.6056290954992976,2,Critical,1,107304696
-1.226370356925698,0.5550167051039838,3,Low,0,82660077
0.21381296562627938,-1.009892173194393,1,Moderate,0,95652576
-0.52542051095574,-0.7722107625624036,1,Moderate,0,62423928
-0.609849615737505,1.0708639642977242,3,Low,0,18531405
-1.3488678754261336,-1.3819098024057652,1,Moderate,1,41109228
-2.887030821973947,1.838270934299644,3,Low,0,5470956
3.386523385183363,0.9273888587236422,0,High,0,105723531
-0.7134665078961175,-0.7089670254111843,1,Moderate,0,38484180
1.0608018045089636,1.424842237852298,2,Critical,0,58265802
0.7295144615088521,-1.4434519673098445,1,Moderate,0,29193093
-0.05902480487542028,-0.9729693817732767,1,Moderate,0,32201505
-0.34086010041222475,-1.5964339891611425,1,Moderate,0,25449372
-0.6336678117164896,-1.0762856901832123,1,Moderate,0,83143773
-1.0377717741871966,-0.05628391721101418,1,Moderate,0,102440700
0.521932107295782,-1.4323837690192436,1,Moderate,0,27121446
-0.7521475082049288,0.11858248151141827,1,Moderate,0,10886715
1.125247756019398,-0.08222834440885668,0,High,1,90034443
0.1381773898832498,-0.16360451829641728,1,Moderate,0,819801
-0.5040710788388538,-0.0007119944412217789,1,Moderate,0,96584418
0.33412870475657774,0.573953127370014,1,Moderate,1,30792411
0.34079949655600866,1.048132933388209,0,High,0,39280464
0.7813018492432029,0.013383030867316032,1,Moderate,0,98613918
-1.334680219245938,-1.6228334706716157,1,Moderate,0,24326829
-0.41224957845994054,1.821911685077248,3,Low,0,69816816
0.36276529120222545,0.3169236136188052,0,High,0,44960922
-0.9323952818761079,0.15082351414407277,3,Low,1,84924
3.45970132300929,3.22390488626489,2,Critical,0,23643405
0.5242257085173775,0.6350402928854584,0,High,0,945009
0.8930176475086539,-0.10324258904145117,0,High,0,88125012
1.2178481355844262,-0.5190711948359636,1,Moderate,0,112596327
2.708798314532576,-0.48306950271891397,0,High,0,62241462
-3.086815627876407,-0.2273633313273409,3,Low,0,4677462
0.024466029566140055,1.8787541106076584,2,Critical,0,54396180
1.0337895014197152,0.27602449975966054,2,Critical,0,84562623
2.5655403023918004,0.08644730694645882,0,High,0,41541768
1.8151264156375293,1.1217489177646998,0,High,1,100666467
0.4855309925318682,-0.5113667696973181,0,High,0,59208183
-1.513699700809339,0.806594025040164,3,Low,0,61155234
-1.8033306470163109,-0.04529632484025885,3,Low,0,113095107
2.2202426240612554,-0.4569763259436899,0,High,0,17973819
0.7760636507052002,-0.27947297949959615,0,High,0,25191684
2.5267602670640805,-0.6057339610132348,0,High,0,23190183
1.3398989603199274,-1.54878794542351,0,High,0,94848615
2.9226455548569135,0.8022828831841762,0,High,0,98724429
-0.17946866457895813,-0.5140042023437562,1,Moderate,0,39139731
1.5340930591792024,0.011451289868386035,0,High,0,44957844
1.310867040977824,0.4982517312773847,0,High,0,61381035
-1.0219092209463614,0.08027107903586037,3,Low,0,35133165
-1.4885991006191774,1.4111862806218989,3,Low,0,87903603
0.18443545286848576,0.0925503426146535,2,Critical,0,103832127
-1.5028368375451724,-0.9777903418685705,3,Low,0,58640814
-1.875093211250742,0.24753282508209226,3,Low,0,41934987
2.06867058123984,1.4201638812804842,2,Critical,0,49469211
1.2479753826168436,0.15950259299664069,0,High,0,3597156
-1.416160849720965,-1.2031711539371046,1,Moderate,0,2804571
-0.9021876593274414,-1.9364650686898253,1,Moderate,0,36354213
-0.3930387083199101,1.8195367502295212,2,Critical,0,67982049
2.5487177945570205,0.1637869656605586,0,High,1,41430294
1.4725391503241294,-1.1695241511091758,0,High,1,70427538
0.4756186542832259,-0.27447785252913526,1,Moderate,0,30791817
-1.2711637963357065,-1.068942207983329,1,Moderate,0,96976242
-0.11146294179742766,0.09985244609413135,1,Moderate,0,97311816
-0.7627364491251126,0.05009505696268146,3,Low,1,1938249
-0.4359766044319411,0.7298825480830283,3,Low,0,69795441
-0.6798452250137028,0.18348971525080904,3,Low,0,12555576
0.6231143411553299,0.6468884374896867,0,High,1,66971520
1.0509903521116335,-0.6554958993841242,0,High,0,84341628
-3.1216963729150535,0.9213751219105051,3,Low,0,41888367
-2.1902363567324734,0.48340639733132607,3,Low,0,61141149
-0.6752884040545802,-0.15284336236046078,1,Moderate,0,53805726
1.5824577536631845,-1.081748672671045,0,High,0,69522228
-0.5403850518847221,-0.29491395310972957,1,Moderate,0,25155855
-0.6051039272645499,-0.05077354339035313,1,Moderate,1,98843184
0.6226341188229207,2.2926198240983546,0,High,0,1802727
-0.48387930713760013,-1.0397592662540163,1,Moderate,0,23576238
0.6055459264810792,-0.7941004846791672,1,Moderate,0,23507613
-0.013054411306507412,-0.748957610518383,1,Moderate,0,9341865
-0.20165191753977588,-1.4022374323424167,1,Moderate,0,90720639
-1.245997628275633,0.9536648507933241,3,Low,0,86062824
-1.2927745898180072,-1.2402626562602268,1,Moderate,0,14107293
-0.02407667295522699,-0.20652232774062743,1,Moderate,0,27968004
-1.4825801577397306,3.7979241372549493,2,Critical,0,44777727
0.7011221324119656,-1.288234912182659,1,Moderate,0,84772953
0.7740744307599331,0.09948346694595911,1,Moderate,0,89338842
0.927270350478231,1.2726082394266456,0,High,0,46442115
3.0700942027270055,-1.6735769377085155,0,High,0,99337257
1.850657957001334,0.21472356721293726,0,High,0,19511946
4.259303190017389,2.3267393124041367,0,High,0,59259843
1.1019405403135347,1.1135991667909577,0,High,0,24805638
0.6305304233178319,0.08390192185136672,0,High,0,107629785
-1.3569959368092352,0.5153447307320318,3,Low,0,43893297
0.2237622757274382,0.0579060463426119,1,Moderate,0,91220688
-1.1348883089973136,-0.34753729745067513,3,Low,0,44499771
-0.20002447881328236,-0.5795324045890146,1,Moderate,1,20927889
-0.8262064931613339,-0.1693385978584247,1,Moderate,0,92667906
-0.43084428383608664,-0.5303813430732526,1,Moderate,0,83797308
-1.9517796263261478,0.028952113246766904,3,Low,0,7235820
-0.028225938718082214,0.9943492756537804,3,Low,0,46189539
-1.7729968338176272,-1.0619526061385922,1,Moderate,0,97798824
-0.6580880544110884,3.041613251000555,3,Low,0,84514689
1.0679618666157236,1.7171053102591225,0,High,1,75364182
-1.149086244305631,0.7664725427450887,3,Low,0,87260724
0.758865657727144,0.30268894736620244,0,High,0,50111568
-1.946922309309337,-0.23062310339271738,3,Low,0,76476285
1.9419771797469367,0.30817839950652925,0,High,0,37045449
0.15583456266699586,0.6614749310249238,2,Critical,0,25136784
-1.3702220375501932,-0.16524979536545728,1,Moderate,0,18790479
1.1925590715353176,-0.36785574850336716,1,Moderate,0,98143002
-1.3342648551351628,-0.2742906327589241,3,Low,0,57237201
-0.857490798624286,1.4432614136845514,2,Critical,0,68637672
1.0285450349654408,-2.122799038182445,1,Moderate,0,23412330
0.2650222018335577,-0.8587879097414363,1,Moderate,0,99968832
0.05379124864389007,0.7328675713696646,3,Low,0,24268635
-0.25737995241155,-0.07524513704374489,1,Moderate,0,32891202
0.809586790650018,-1.1600808459749008,1,Moderate,0,18654435
-0.715952596225858,0.032977811149790384,1,Moderate,1,182330933
-0.09952648096184821,0.8343971881428818,3,Low,0,73229094
-1.8280476290688792,-0.29946150426205975,1,Moderate,0,41037426
-0.6468546857921873,-1.9910528467048296,1,Moderate,0,61507440
-2.401251005479094,0.22709152866024054,3,Low,0,3783204
-1.1570974928028677,1.6442033469776285,2,Critical,0,85808970
-0.47129653850304765,1.7544748509327146,3,Low,0,33702039
-0.5559878047785868,-0.36395134080355224,1,Moderate,0,65757042
-1.2000876422554998,-1.2652607471734487,1,Moderate,0,51202224
-2.6862600069801776,0.16136689024287962,3,Low,0,838485
0.47807008601372486,0.3150890180047132,0,High,1,76017024
0.7407865493054984,-1.0400387273130745,1,Moderate,0,2154744
-0.32059898096096034,-0.01431038676894719,1,Moderate,0,23222997
-1.1307680547892918,-0.7350893838852514,1,Moderate,1,29492604
1.194862427730163,-0.4925322514265838,0,High,0,126914720
2.117910243274383,0.18076848687462907,0,High,0,1215531
-1.0813724744061504,1.2681257165367341,3,Low,0,97747668
-0.5393971270746792,1.072503783591337,3,Low,0,107137260
0.16061185402688255,0.27099755318615404,1,Moderate,0,93299553
1.1314714664318757,-0.3345527725656445,0,High,0,47935305
0.01897654315869971,0.4039212754052982,2,Critical,0,95652576
-0.3635020965482304,-0.7219955335037318,1,Moderate,0,7525467
-0.006326706896801795,-0.9472991970659659,1,Moderate,0,4072392
0.816108838737608,-0.6566104788153357,1,Moderate,1,64904220
1.5124119548853374,1.042961822270259,0,High,1,72494730
3.214863527949246,2.0717020457535327,0,High,0,30799629
-0.13021246075506868,-1.6882313715035995,1,Moderate,0,57668598
-0.28581578303191724,0.5642705002807574,1,Moderate,0,1882656
-0.22606882931471906,-1.1909518500361729,1,Moderate,0,11528163
-1.0810444662946943,-0.2386670788623875,1,Moderate,0,60899562
-2.3621157149974303,-0.11724589164077329,3,Low,0,59972094
2.620472184164711,-1.9295279225266233,0,High,0,17706456
-0.7666779875928664,-1.2272795463327697,1,Moderate,1,9474570
-2.6170824240964294,0.13573105241877736,3,Low,0,103690143
0.24724561663555308,-0.5418718633203427,1,Moderate,0,1430388
0.22758147449335553,-1.0161534462508286,1,Moderate,1,78611589
1.5931021045030793,0.9106576031591537,0,High,0,112354173
-0.9595750498707938,-1.590901847485924,1,Moderate,0,92032542
-1.243524268172716,-0.05609094416797695,3,Low,0,6097437
-0.39044510183915476,3.986837570082289,2,Critical,0,6365646
-0.9184012889215667,-0.6930195611159911,1,Moderate,0,33402969
2.4162605387444747,-0.4557902682434901,0,High,0,6737247
-0.15622205853078863,1.3990195130466692,3,Low,0,76694211
-2.2385596895942594,0.3225540106151066,3,Low,0,24729615
-0.1635080129267574,0.49522713363208754,1,Moderate,0,73439964
-0.3164354824566745,4.237909238303355,3,Low,0,90834102
2.3888209161717007,0.5269539617485333,0,High,0,70617762
1.74441101124501,0.6781392017790971,0,High,0,63865998
0.523387314817389,-1.197777268342703,1,Moderate,0,95740929
0.2483964953562398,1.5023446361720412,2,Critical,1,58404375
-0.027861511595517915,0.31643461836496334,1,Moderate,0,88164549
0.45041522251059013,0.6232437008709123,0,High,0,6074064
2.0293490138453234,-0.7200104797171428,0,High,0,24485175
-1.0385867970492686,-1.058917832257146,1,Moderate,0,42533631
-1.7842547145309307,0.756726629567217,3,Low,0,35238258
-1.0491735897618564,-0.4670265768846061,1,Moderate,0,114291216
0.38134754315535946,-0.16022875530619562,1,Moderate,0,44005473
-0.04486430426174567,0.9545911309231463,3,Low,0,32409162
0.8652380728392299,1.1732741935911095,0,High,0,7969050
-0.6664825465561339,-1.3940917975827,1,Moderate,0,47601459
-0.16586398636041974,-0.7180488502379885,1,Moderate,0,635715
2.955862541329551,1.467703833597235,2,Critical,0,41430294
0.031262084291779395,-0.5232856823974377,1,Moderate,0,3850605
-2.012488033905673,-0.5568802129849199,3,Low,0,19266831
-0.6209899753290569,-0.32107027898204704,1,Moderate,1,66291687
-0.025187265503129806,-0.8283141391387068,1,Moderate,0,42977250
1.579835774568546,-0.8159078430479845,0,High,0,1468611
0.43947072567943574,-0.08679932578092486,1,Moderate,0,38505330
-0.2111201937085118,0.10975958371490624,1,Moderate,0,42839874
1.5756582084429938,1.6981071070061833,0,High,0,100109826
-0.1606092257293567,0.8335780137781676,3,Low,0,35588871
-1.0705162958657897,-1.5304212568504743,1,Moderate,0,32765220
-1.6607394058517249,-1.3422245710875131,1,Moderate,0,92676033
1.5963698810213105,-0.278715084134789,0,High,1,68641146
-0.7557658286413688,-1.8847912411709689,1,Moderate,0,30950811
-2.2429317875940065,-1.9697417778140711,1,Moderate,0,27757629
-0.14010923098295403,-1.722693685106874,1,Moderate,0,40988736
1.1406044346465163,0.39030084943344523,0,High,0,66571209
-0.1419571468848429,-0.18548721483069078,1,Moderate,1,51726501
0.7080088251662288,-0.42778018653808053,1,Moderate,0,99480762
-1.1074943708256764,1.5981239600091528,2,Critical,0,78914403
1.8053591799316135,1.3380861093115821,0,High,0,19325547
-1.5373152203817764,-0.4672648675818702,3,Low,0,78495732
2.674834884912338,1.1158916470516336,0,High,0,16516467
0.5428471368218538,0.6150730998312243,0,High,0,85257288
-0.2190905660099229,-0.6770444338334043,1,Moderate,0,3647862
-0.39234407033856933,-0.3822921563833475,1,Moderate,0,1956780
2.876452262124781,-0.2563400467387194,0,High,0,96778926
-2.158151215948172,-0.32843766820074294,3,Low,0,11638647
1.010428789728748,4.724180641432902,2,Critical,1,23643405
0.15448529984938134,-1.1288295883268127,1,Moderate,1,461520
0.5709710400013287,-1.5645213137610032,1,Moderate,0,129183728
-2.3195712968878084,-0.25475548473052556,3,Low,0,23901264
-0.8800476184354086,-1.3198646733793085,1,Moderate,0,65793033
-2.605184481898066,0.4678383620362302,3,Low,0,12985884
-1.4997480663743796,-1.700045511423731,1,Moderate,0,36617382
-0.7864037861169872,1.387439579270572,2,Critical,0,30710025
1.343349088973089,2.2288738656701095,0,High,0,108576936
-0.6646881612856135,-0.7192657759867314,1,Moderate,0,84576339
2.903089785738912,1.1317452479054733,0,High,0,3434823
-1.4213270146079642,0.7556230262953768,3,Low,0,84985839
1.8073448337441322,-0.6825555786337648,0,High,0,2155032
0.023058717259806526,-0.37687260792597643,2,Critical,1,62114418
1.0775994536352504,5.156488845831736,2,Critical,0,88785891
-1.3537296204889415,0.16016329186597134,3,Low,0,97325073
2.0120071202726306,-0.47169840860948836,0,High,1,23347026
-1.8904107112625943,0.8945374601963643,3,Low,0,61049997
-1.185908656796394,-1.5289730067245655,1,Moderate,0,24597351
-0.3647238370997188,-0.6880451960228066,1,Moderate,1,113835789
-2.2463862948935565,1.9380573855506977,3,Low,0,5330862
-0.17165826661609773,1.8049238262208118,2,Critical,1,90642591
0.06527308015653539,0.5220168648037304,1,Moderate,0,10397718
-1.406340579730965,-0.1876557477632864,3,Low,0,138687440
-2.7794810948058193,0.6105498665733228,3,Low,0,4045770
2.0220480520999793,1.6337645169246064,2,Critical,1,40764573
1.871368224670365,0.16729457724555458,0,High,1,66766914
-1.6231798004488351,-2.4948184337092982,1,Moderate,0,164782580
-1.954556587307849,0.7996902128566246,3,Low,0,86579127
-0.38259162342674014,-0.35076600972796396,1,Moderate,0,2162943
1.2189947220059876,0.8311288766631192,2,Critical,0,45828945
-0.18444618660894344,1.459674521869871,3,Low,0,51139359
0.15858725956638559,0.1931054847531589,1,Moderate,0,73293417
0.058830172637718454,0.7368829462866778,1,Moderate,0,77550120
-0.5301685662680404,-0.31597790478942056,1,Moderate,0,87065559
-1.809040121757555,-2.0110333748333242,1,Moderate,0,16493544
-0.6249787242321023,-1.0232332971816447,1,Moderate,0,27872037
1.8970794373519566,-0.7791357370706282,0,High,0,3378627
0.06522844724603169,0.16241964301821518,1,Moderate,0,1880298
0.5719130064320183,0.24542072824941977,2,Critical,0,23573313
-1.060698080640241,-0.638901699738653,1,Moderate,1,4042314
2.123777214737104,-1.0882932956037337,0,High,0,41468832
-1.7900558826276591,0.11571960048877675,3,Low,0,483561
-1.607398352030481,-1.2288232447204437,1,Moderate,0,4791987
0.6820105888696837,1.372043629382421,2,Critical,0,98868789
1.3456437283228049,1.2484929381186112,0,High,0,350784
1.541501155013859,-1.6968835090504404,0,High,0,85006629
0.14252088419759978,-1.5571962927520355,1,Moderate,0,80707590
-2.0227356990912746,1.7037837354423464,3,Low,0,65770137
-1.5289066189670393,-0.7268699829222868,1,Moderate,0,24888339
0.32308680456501293,-0.18789609726398124,1,Moderate,1,40491153
-1.16197676927621,1.0180870245631812,3,Low,0,85022568
-0.13257104315538748,0.4811595753540147,1,Moderate,0,85225293
-0.7988625362934126,11.334303353598495,2,Critical,0,102139722
1.294144111421336,-1.0851169167354513,0,High,0,64559799
-0.7129686876752669,0.09512955694375175,1,Moderate,0,91694754
-0.7838507093057203,-0.7912447027555183,1,Moderate,0,4846680
0.30409461366428187,1.2911663462844605,2,Critical,0,5159286
-0.6605663694047429,-0.1892836818119015,3,Low,0,15851502
-2.1005557331336835,2.9887478278188455,3,Low,1,5330862
1.6998491907284417,-0.026872247051403963,0,High,0,120917723
2.6990287341400254,-0.9727418688443534,0,High,0,66849318
2.284516825857997,0.10117570390309033,2,Critical,0,63346410
0.3086538447911964,-0.6923365899571956,1,Moderate,0,44945478
1.7767755307200417,1.8860090729238765,0,High,0,101567169
-0.778884949923557,0.16590808031195367,3,Low,0,23335875
0.969725214465638,0.2970945098475507,0,High,0,23325138
-0.5279240994283384,0.23435257309452015,1,Moderate,0,86036103
2.0286575066355366,-0.2084444350081861,0,High,0,105142950
-0.9695032482898023,0.7832194081900672,3,Low,0,3656088
-2.4407777328176667,-0.07036216428444221,3,Low,0,12809439
-0.2861882007671862,-1.3424305290227254,1,Moderate,0,13263750
1.1012241351293377,-0.9341946797267243,1,Moderate,0,23854689
-0.5635236565855429,-0.6480364856087609,1,Moderate,0,24998229
1.0644086845833909,1.0310548885476607,0,High,0,90333333
-0.196706038677645,-0.7986137281971892,1,Moderate,1,65660427
1.7039973127143768,0.5046969504157226,0,High,0,32135760
-0.07720346739813465,-0.8132982992179244,1,Moderate,1,13289418
-1.561390432361965,0.938881032403606,3,Low,0,1855674
-0.3220469162589322,0.4967782390374622,3,Low,0,107994294
1.30502806515834,0.011695283723708167,0,High,0,3344184
-0.09588119836925782,0.8985042184359343,3,Low,0,104695632
1.0433603926348038,0.5289726967151679,0,High,0,84468114
0.3124843855430294,-1.518562447816552,1,Moderate,0,172373504
-0.6351041852817031,0.9688014393944897,3,Low,0,42549417
0.43184554709894607,-1.0529589698060275,1,Moderate,0,6494139
1.4882923255780747,3.2276568655851916,2,Critical,0,87479460
-3.0997357598461286,0.9813239982919273,3,Low,0,75809547
-0.003315379710992072,0.20535322962052127,1,Moderate,0,3479031
0.6319375094015967,-0.5756511561607085,0,High,0,71474427
1.3576480409068,-0.6275844153417519,0,High,0,6819129
0.37291575221063483,1.2684209111959173,0,High,0,23234490
-0.6213804094245033,-1.5191209628523783,1,Moderate,0,213111
-0.600856435312887,0.11008223919129725,1,Moderate,0,7604964
2.2066866034399872,-1.9138370850263549,0,High,0,589941
1.73944704488224,1.258436090060391,0,High,0,96185673
-0.6120666920340139,-1.7509722350844268,1,Moderate,0,45623790
-1.1485942577220463,-1.6644387868045232,1,Moderate,0,84924981
-0.7261063912388908,1.212982836661548,3,Low,1,85061286
-3.77848430543473,1.2749788630613095,3,Low,0,98784
-0.4002848936904248,-0.6138051165704851,1,Moderate,0,4017933
-0.8487745965915402,-0.5106588108247696,3,Low,0,81883098
-1.775955154352428,0.9486152504827174,3,Low,0,602028
-1.9351965221757217,1.0146051902137996,3,Low,0,14814090
1.7444363331675867,-0.08471685633922857,0,High,0,88052274
0.10091777079246572,-1.1041066619647322,1,Moderate,0,104138541
-1.7438684414979941,0.3137278870203745,3,Low,0,6466167
0.7837601090863717,-1.079783320741997,1,Moderate,0,49493151
0.625301439399545,-1.181563399788109,1,Moderate,0,54429246
-0.4144377844995676,-0.46246628942968265,1,Moderate,0,63078192
3.60668782362394,0.042446171351467374,0,High,0,60478254
-0.23585209661627754,0.6737673244326994,1,Moderate,0,55753767
-2.3929254351481806,0.2092960597840854,3,Low,0,25769979
-1.6198401470435984,-0.6645923975538791,1,Moderate,0,3732687
-0.931940438095552,-0.2092205878403194,3,Low,0,46646244
0.5241459063606011,0.8585771577220411,0,High,0,56331990
1.6973413288720272,-1.6893542348333017,0,High,0,73240884
1.185772416490806,-0.9567625548978919,0,High,0,23202783
-0.8529572490258608,-1.1171426854759055,1,Moderate,1,3408957
0.20916777433566652,1.391662913936432,1,Moderate,0,41199993
0.8888621114471384,-0.07073196625385168,1,Moderate,0,84433338
-0.9472259777201862,0.5876787508351783,3,Low,0,228366
3.1027447402275325,-1.2101868577824035,0,High,0,20620764
0.20859931372987528,0.4534847334047885,1,Moderate,0,47605689
0.7198826700882096,-1.5084913638290478,1,Moderate,0,106478073
-0.09935888160865106,0.8432135666422137,3,Low,0,90894555
-2.043941780796529,-0.7992232421193384,3,Low,0,107972280
-1.891985510401624,-0.5879091078820176,3,Low,0,114379875
-0.11003987009329816,-0.9212006096143515,1,Moderate,0,16998804
-1.602686707839448,-0.1516878928052188,3,Low,0,17364591
0.3320365590737975,-0.8367264328374211,1,Moderate,0,58419477
-1.311449942276159,-0.2515943728962197,1,Moderate,0,78882561
-0.46319733755358017,0.32076933355665976,3,Low,0,69130539
-0.6298805415599352,-0.5159156050783452,1,Moderate,0,10343673
3.6883160359994425,0.8497046591636622,0,High,0,138701210
-3.1404319272997028,0.8134356597231859,3,Low,0,23370246
-2.5005352811161745,-0.30960800079858236,3,Low,0,113930559
-0.20158905353924028,-0.8239070615450812,1,Moderate,0,9463158
3.4678014663585275,0.5522705356726348,0,High,0,84232449
-0.27459692553571374,-1.6201759405968552,1,Moderate,1,79466571
0.9396859717518312,1.3618270144076798,0,High,0,89045766
-1.2231584164508695,-2.0723134978177464,1,Moderate,0,97287390
-1.1360161084246305,0.3723647777615986,3,Low,0,11338488
-1.8117832391924291,-0.6921908304475592,3,Low,0,108206460
-0.9472350572875318,-0.5413617151247561,2,Critical,0,78971220
1.4738141836473546,5.763864153175376,2,Critical,0,85551867
-1.42045733745488,-0.5385152584080947,1,Moderate,0,973521
0.45794519160344566,-0.2851537843139389,1,Moderate,0,87016311
-0.1148153298562972,-0.6959416243293519,1,Moderate,0,99656469
0.48116324802185745,-1.312364849004658,1,Moderate,0,19391535
-0.042443907633499554,0.5830571933599302,1,Moderate,0,83581848
1.0058325379265387,-0.8418534740942155,0,High,0,91950120
3.55171923990202,-0.14740401044165596,0,High,0,103456854
0.918752474638914,-0.9667545648860716,0,High,0,85655052
-0.6457623192186855,-1.3820533946269196,1,Moderate,0,18137439
-0.5276313133965651,0.041806567307852704,3,Low,0,85853961
0.25549108151650923,-0.17275913075854818,1,Moderate,0,580374
-0.6618722076798335,2.4370786461632274,3,Low,0,56241450
2.6767914689019845,1.087161829529125,0,High,0,18099693
-3.108803925192159,1.5090555576175115,3,Low,0,3852666
2.7773817115397677,-1.2126910501888637,0,High,0,46794852
-0.11707505029790784,1.2398710796533736,3,Low,0,113423850
-1.230767671289147,-1.2913581913143155,1,Moderate,0,3422214
-0.40342468473111537,-1.6361873935377687,1,Moderate,0,18035028
0.6778146671746869,-0.4042879395496161,1,Moderate,0,90000162
-0.8829776975787272,-0.2813162835166025,1,Moderate,0,107584587
-2.260282822345882,1.098911813689819,3,Low,0,30198987
1.8682498914679453,-0.5647669667067442,0,High,0,61868223
0.06107976416639324,2.2031103438873294,2,Critical,1,97391007
-0.1373942836624528,-0.47099286251415834,1,Moderate,0,48186288
-2.8120050698006875,0.7169703015377819,3,Low,0,24697431
-1.4147053248409154,-0.38830543147411944,3,Low,0,61975953
0.45125171937055103,-0.5492536904705807,1,Moderate,0,23492583
-1.9038193821237452,0.3160887700538319,3,Low,0,5190831
-0.3056558668924991,-1.1003190692254932,1,Moderate,0,120755723
0.7924428899600158,1.5090383377754568,2,Critical,0,106720893
-0.8513396432880281,-1.731242081527406,1,Moderate,0,70007643
2.2699135830286554,-0.0697973240836774,0,High,0,24266376
2.1644376313175533,-1.1336203077397984,0,High,0,81567468
1.060104793250535,-0.7119549864632018,0,High,0,101379933
-0.6043109064378706,3.0552053904935828,2,Critical,0,52704396
3.4426356830842417,2.3157768361086712,0,High,0,9287298
0.7166826369774325,-1.0236118122863394,1,Moderate,0,84562623
-1.7603341255053178,-0.5985392775999738,3,Low,0,4042314
0.6129170034874536,-0.8399057754449457,1,Moderate,0,107401644
0.28092476043975223,1.173902949367751,3,Low,0,2741004
-0.5549871835198259,0.31730211944514236,3,Low,0,23351967
0.9134978149545856,0.6461920584548353,0,High,0,99146961
-1.0313782811210137,1.0567087477388792,3,Low,0,1227087
0.869254571157071,0.2070539231736355,0,High,0,45199683
2.219116441665747,0.6749186431713978,0,High,0,85433463
0.7977986736178222,-0.6968286138174754,1,Moderate,0,356184
-0.43884557413284675,-0.610405665502045,1,Moderate,0,23185872
0.17939880404845532,-2.1689789059082742,1,Moderate,0,27731637
3.049053413585939,-0.4240969462371337,0,High,0,87281478
1.8646689536034673,-1.246984186177363,0,High,1,388008
-0.8257526062826042,-0.4766654315010243,1,Moderate,0,102861783
-1.714984200475272,0.43728334919214146,3,Low,0,85203738
0.45428413695228476,-0.253602776473871,1,Moderate,1,82184103
1.9070707404117389,0.6947212971504595,0,High,0,40931424
-0.8187522390070989,2.4162258952111277,3,Low,0,75134259
3.7740849248535913,-0.4150202695819719,0,High,0,59860179
-1.4522977938434862,-0.0734773464304721,3,Low,0,15273585
1.011292125566408,1.2935775003633403,0,High,0,64791468
-0.7601802652803059,-0.1368368634191641,1,Moderate,0,41877054
2.7032798460748357,-1.3184724922524245,0,High,0,14814603
2.725648372228515,6.335468750063145,2,Critical,0,88785891
0.27780453983582815,0.4442281524015254,0,High,0,9845073
-0.867119264524051,-0.061321321563678546,1,Moderate,0,42543432
1.0204255673415012,-1.022307754703392,1,Moderate,0,45507006
-0.4985817392676458,-1.0257413801701258,1,Moderate,0,3211587
-0.8314090114198489,0.02383200858994196,1,Moderate,0,94848615
0.08093214984813013,0.45545569125890145,2,Critical,0,85061286
0.4194652355078544,-0.11103876301630211,0,High,0,18399807
1.324459425193427,2.6273024773501614,2,Critical,0,34838856
-1.2057925612621518,0.2509849905714982,3,Low,0,44686899
-1.956151801747155,2.918256684919389,3,Low,0,105522273
0.05531293470883173,3.2067114427704166,2,Critical,0,633906
0.13656798027534336,-2.067610772368287,1,Moderate,0,95077863
-1.2202469406459597,-1.375619812143966,1,Moderate,0,78489801
5.200614155814269,-0.838044165520415,0,High,0,23720904
0.7189677231059288,-0.11809262267671358,0,High,1,27646317
-0.1621874032014111,-1.110487012880665,1,Moderate,0,93098259
-0.6672999630633227,0.299515461205213,3,Low,0,20747466
0.08795981817116527,1.378969918640779,3,Low,0,109553571
2.176558933207144,-2.483425379247364,0,High,0,166806302
-0.4551360142636013,-0.6465250035272677,1,Moderate,0,10540449
2.7389575806914217,-1.373753266983943,0,High,0,14378787
1.4063912408250807,1.403568948542716,2,Critical,0,70944795
1.4406931487222927,-0.3490616724353168,0,High,0,86083479
-0.07727031642291034,-0.3641089148338034,1,Moderate,0,23497335
-1.1145748224109635,0.18308924940980145,3,Low,0,1491228
0.5445979840118377,-0.5864331022303803,1,Moderate,1,85697604
1.3238205059323467,0.05700264886874773,0,High,0,9511443
2.764271866074887,-0.40598282814920456,0,High,0,58585113
1.3449285198476124,-1.2204711391292475,0,High,0,4415373
-1.26293023720824,-2.0111862503747284,1,Moderate,1,22718322
1.6903729644184535,-1.156649886352978,0,High,0,3934998
1.3833018166675326,-0.788532999262072,0,High,0,40529979
2.3793781511019274,-0.18811840203106495,0,High,0,83763360
-0.03633291690660988,-0.6962149481738181,1,Moderate,0,18776196
2.9987724569750203,0.42465472984549046,0,High,0,24110847
0.11184212328118912,1.632863335368667,3,Low,0,416565
-0.9250121044672847,-1.4045085475079702,1,Moderate,1,35707275
-2.102590634470385,0.4982986912377826,3,Low,0,29861631
0.3486169481561185,-1.2374647571262132,1,Moderate,0,9033885
-1.397729989502133,-1.0493470063716126,1,Moderate,0,3000240
0.555642130948972,0.12419775903462468,1,Moderate,0,57690207
-0.16431648629523726,0.897279877731354,3,Low,1,106160481
-0.8765526566617567,0.8224976151322919,3,Low,0,40958892
-1.097806585878357,-0.44928395133825777,1,Moderate,0,25348950
2.985163699914572,0.7969622405687047,0,High,0,104842395
2.4626893731603094,-0.46626482166160166,0,High,0,19902006
-0.4425230335159356,0.7291152166339563,1,Moderate,0,85526865
-0.16452140756720582,-0.8527888880315649,1,Moderate,0,33323616
-0.5902689074384149,-0.05251517937000327,3,Low,0,51636096
0.8295627215653419,-1.0446244134053522,0,High,0,369108
-0.8586270536363243,-0.9014692269237807,1,Moderate,0,88904682
-1.170731620505839,0.05516297052246728,1,Moderate,0,49052250
-2.3018459216187526,0.22402986638441355,3,Low,0,1836684
-1.351953888917099,-0.04170604744555771,1,Moderate,0,89123490
0.6117158355554705,-0.603854789506134,0,High,0,84694365
2.38856049868269,7.077648661444011,2,Critical,0,23398488
0.004958950158897142,1.513639446226639,3,Low,1,31564629
-0.23276029916037583,-0.41111596219439833,1,Moderate,0,85158243
-0.2846015787283141,-0.04940676153102236,1,Moderate,1,20778903
-1.1119993037185247,-0.1764855440849841,3,Low,0,24969726
-1.2579500325403692,2.10703174450152,3,Low,0,40854564
4.485323482385203,0.18622344319217962,0,High,0,94827366
0.1577645044616582,-0.21485819991694316,1,Moderate,0,78681735
-1.7456984796209982,0.8317499680263546,3,Low,1,5730021
1.4650862001247766,-0.2121586558121532,0,High,0,87130503
1.556761056650762,1.705442760043668,2,Critical,0,16111269
-2.73518137154854,0.5115270463159255,3,Low,0,57803139
0.7446050404371374,-1.8281593096506035,1,Moderate,0,20628468
1.2172916035900623,-0.7788965684135506,0,High,0,94993659
-1.0883118477795974,-1.0069733100216696,1,Moderate,0,72570978
-0.6612693501944882,-1.4254321932673666,1,Moderate,1,107270208
1.8539098595168515,-2.3030343124191606,0,High,0,76961520
-0.8867814788629738,-1.997944969645408,1,Moderate,0,98452242
0.18868656343749152,-1.601480934283791,1,Moderate,1,34176762
-2.8545313547460935,0.9901975083473961,3,Low,0,54500958
-0.09132031217752462,1.136142425312464,3,Low,0,70729929
1.4825051412970434,-0.537812036947852,0,High,0,95835906
2.225119204054212,0.2315267375306975,0,High,1,2691927
-0.774699427844335,-0.0023207485792440096,3,Low,0,16213329
0.28713827918548285,-2.2894325984705395,1,Moderate,0,40451211
1.4564898226952554,0.8653994030495706,0,High,0,106307442
-2.5600414409457075,-0.1859486457555705,3,Low,0,181463666
-1.1821971261574642,0.13182666681388938,1,Moderate,0,85145184
1.4582730367648749,0.2012901278570857,0,High,1,23270076
0.7565640406113826,-0.30361618872548884,1,Moderate,0,20155590
3.2367842066937467,-0.0645536427448968,0,High,0,41479821
-0.2578582780612622,-1.3834442274364598,1,Moderate,0,3062331
-2.1926755435933436,1.2470005910293886,3,Low,0,88582131
-1.1159208562555902,0.000891181741866077,3,Low,0,64170000
-2.0982494868294146,-0.24217900676586882,3,Low,0,106707438
0.6798766157311772,0.9476296050247697,0,High,0,58359357
-1.0067051271642111,0.44711586910508,3,Low,0,52340247
0.41198675078657454,-0.6788628840527963,1,Moderate,0,67623129
1.4469301958384506,1.573371585942439,2,Critical,0,23438790
-0.20926425778289673,-1.583151284828089,1,Moderate,0,10517652
0.9155173329797268,0.4743050062597947,1,Moderate,1,88595298
-2.1805153373759634,0.3146347183273384,3,Low,0,43458741
-0.8629477428786269,-0.23551358892754468,1,Moderate,0,3864042
-0.5547308437228174,1.4077762335951904,3,Low,0,46845711
1.1973581432158233,-0.3034244411638493,0,High,0,57461715
-0.646037504289053,-0.35498627173555236,1,Moderate,0,100213272
-1.6137512538928158,0.7459511121712572,3,Low,0,100237005
1.1306018543115088,0.8229637365114877,0,High,0,17773821
-1.7984809358371967,1.136169615592145,3,Low,0,90469854
2.461546434031373,-1.0326397058802665,0,High,0,103681512
1.3495918827868036,5.514706062323322,2,Critical,1,23643405
-1.6177940721366293,-0.33169681764576964,3,Low,0,44689995
0.28962931130182373,-0.8053293355451161,1,Moderate,0,76032
-3.746223593367348,3.0537620587582417,3,Low,0,6676524
2.70621553565429,-0.891513749482453,0,High,0,43998201
0.652253368648311,-0.03953319219054669,0,High,0,23546610
-2.0974826696978033,0.36063055584423137,3,Low,0,75095388
3.2002452621603354,0.16948128296932502,0,High,0,92762532
-0.11665204932572039,1.5347225726254368,3,Low,0,63883503
-1.7537904926747163,4.0559970673025845,3,Low,0,88367382
-0.4072938767261233,-0.34642529253251236,1,Moderate,0,2733732
0.2670354971576896,-1.6194607422079947,1,Moderate,0,86163012
0.5425589903764704,-0.18920926466640062,1,Moderate,0,182330933
1.7469804138650753,0.027077899744109808,0,High,0,3859335
0.8065184794033158,-0.20232436615345376,0,High,0,18172188
-1.051678859764379,-0.416237022468058,3,Low,0,22244418
0.4325621868397878,-1.5826382122468896,1,Moderate,0,15674760
0.49322442937454497,1.159811610450381,2,Critical,0,108945819
2.950873175190034,-0.6357020146418048,0,High,0,88928541
-0.8062667026999932,-1.6599566151797238,1,Moderate,0,24419052
-1.1613954164950393,1.3549649258740042,3,Low,0,1428642
-0.9542502938156137,0.16745417261637363,1,Moderate,0,61846821
0.7871354613734017,0.3529565504476335,0,High,0,90931455
-0.7335945863962754,-0.5946763020695249,1,Moderate,0,70166340
0.880390668734801,-1.0026819927313926,1,Moderate,0,7472916
-2.6575578649768437,1.350165867708765,3,Low,0,3598173
-0.5014602310492752,0.07069934892164609,1,Moderate,0,181258817
1.5502585511036215,0.2197651359361436,0,High,0,112596327
0.5695756916713207,0.7897475073143854,0,High,0,92591721
-1.2611570096979607,-1.4476989947682715,1,Moderate,0,24395679
-0.3094972527142013,-1.9235509638122579,1,Moderate,0,94604463
0.4612838173149633,-0.17192260827376601,1,Moderate,0,46590138
5.669696422765374,1.1463425929067326,0,High,0,474318
-0.8310928110164749,0.5645764466796649,1,Moderate,0,48308463
-1.88623679826336,-1.666407705464298,1,Moderate,0,73809468
-0.023942089120036664,-0.2519043770903293,1,Moderate,0,88464762
-1.9303371994168594,2.285758855649445,3,Low,1,24136200
-0.7068615811875657,-0.178683881174699,1,Moderate,1,99999630
-1.4295451018052092,-0.1281438661964762,3,Low,0,85107672
0.6976918700238235,-0.2258397623816598,0,High,0,24011451
0.9575394914351726,0.6470986596096464,0,High,0,96062544
-0.01732697405793047,-0.7715439859526779,1,Moderate,1,77975676
-0.21695597007500506,-1.9636932416830333,1,Moderate,0,79540056
-3.205114307270806,0.9565898941902101,3,Low,1,23293629
-0.9012347407315234,1.1492293375874976,3,Low,0,23299227
-2.356901537664682,0.8390108272557398,3,Low,0,42593769
-0.2608003871183103,2.1823937201415577,3,Low,1,33402969
-1.008950637220135,-1.1152299654205453,1,Moderate,0,92223306
-0.2578758178487315,-0.5451048563316864,1,Moderate,0,3192903
5.584440404834786,0.06797810197375886,0,High,1,45741132
-0.3522213457962701,-0.7435469669209503,1,Moderate,0,177799964
-1.8896136606432956,0.7862574916092175,3,Low,0,72039177
-0.07667845377351466,0.35358104718584515,1,Moderate,0,85110516
-1.7393547267723188,1.5765850959876286,3,Low,0,45350028
0.6093303212087793,-0.5732811460129845,1,Moderate,0,10306782
-2.576319708604746,1.021849586935473,3,Low,0,155001839
-2.102127540869993,0.743973682308575,3,Low,0,100918386
-2.0492611790452537,-0.9481259631558818,3,Low,0,59067144
-0.10181370835716724,2.3669451044648153,3,Low,0,81419085
1.1429776698211322,0.8011818144590798,0,High,1,38621250
0.5577402014980479,0.3652233516330527,0,High,1,93291012
0.7599176651689936,-1.2855395250990354,1,Moderate,0,38415240
1.8012812466128274,0.1492594035101815,0,High,0,42406479
3.1469675175135507,-0.0030730926999773573,0,High,0,76155741
0.04306089917770056,-1.1053722903070764,1,Moderate,0,86035851
1.2714973205147388,0.26391167189139486,0,High,0,79197957
-0.16650636240231928,0.7969636509478346,3,Low,0,101212200
0.7956010657664997,-1.9908260735317942,1,Moderate,0,113997051
1.1294437612623704,2.393094271999755,2,Critical,0,52109901
0.30619438129365867,-0.1567914229404265,1,Moderate,0,44002512
0.5388249127797652,-1.2253557533724717,1,Moderate,1,98024688
-0.7064608085264288,0.38647930310179135,3,Low,0,99241137
-0.017476736166278938,1.3314554620268675,3,Low,0,173383313
3.333473116135387,-0.7808836597439287,0,High,0,18884430
1.275897871648433,-0.8477930550112467,0,High,0,461520
1.0714517470773885,1.7390808106051188,2,Critical,0,41430294
-1.299155707886662,-0.09359384218496714,3,Low,0,3393810
1.6346617690081626,0.9733310546201386,0,High,0,40921551
0.13487205624573215,0.7939809284381818,0,High,0,23632209
0.30180042646794186,1.2334523302367824,0,High,1,24574896
-0.41975704059347585,-1.2063209361587937,1,Moderate,0,97997148
1.8340873057590885,-0.2454430501311091,0,High,0,419832
-1.6245649015387507,-0.03634016503278305,3,Low,0,111040848
0.7474622994344905,1.8483136120658286,2,Critical,0,34367490
0.69875395363524,-0.9225418528501752,1,Moderate,0,24805989
0.3961012085715815,0.35682267691871183,0,High,0,21688533
-0.21873772155605928,-0.09481051314975791,1,Moderate,0,278334
1.3520342619812462,0.2590685604935635,0,High,0,86404698
0.6048827126073626,-0.5749901036549366,1,Moderate,0,85568193
0.34888596293272583,-1.3135733428692695,1,Moderate,0,39569886
-3.0917552806493687,0.8527089845498174,3,Low,0,41957415
-1.6261280034140262,-1.155669493353366,1,Moderate,0,6024294
0.3577700114866666,-0.30635905252898127,1,Moderate,0,8113176
-2.1377851120205174,2.3903548352263733,3,Low,0,10250037
3.4103500203818378,-1.168409112012964,0,High,0,58639473
2.470900567479198,0.4549319657406287,0,High,0,78611589
-1.4346679127866953,-0.4941078193644087,3,Low,0,17079237
1.7475985478169194,-1.8239845745005716,0,High,0,781596
0.23028017634388118,-0.5614781064330461,1,Moderate,0,54082791
0.6366921456470783,-0.7098006288643046,1,Moderate,0,23347026
1.417581663672446,-0.29365656997147793,0,High,0,41603355
2.0123357408040348,-0.6211833805666034,0,High,0,114298911
2.4744518138882166,0.953027648649379,0,High,0,39583026
-1.681831731566921,-1.0892043708701793,1,Moderate,0,4194864
0.3869123768475669,-0.8095934177642751,1,Moderate,1,61957701
-0.7249043218776313,-0.15347742623209368,1,Moderate,0,103059
2.279554883958537,-0.49969392763174975,0,High,0,24557013
-1.6250841411187191,-0.4952871777914368,3,Low,0,17734167
-2.2750008501078383,0.13413876242263315,3,Low,0,1363923
0.4827257248124079,0.5424373323841477,0,High,0,87140313
1.699962392802811,-0.8409650862291145,0,High,1,4306968
2.642559652428408,-0.0022216013559390557,0,High,0,100917270
0.3689826149459388,-0.5882704205098684,1,Moderate,0,87288192
-0.7636303067131427,-1.816678351461985,1,Moderate,0,3973068
-0.624261523055127,-1.151728384813125,1,Moderate,0,6769953
-0.7727472863064625,-0.7204724818605873,1,Moderate,0,13664772
-0.5651266215293195,0.30188583048774775,3,Low,0,60618798
-0.27415784299851503,-0.8756062550433791,1,Moderate,0,21315933
-0.3035951237874615,-0.7144461685331845,3,Low,0,18075492
-1.0416772944529606,-0.9193299655942466,1,Moderate,0,98823213
0.557875843465952,0.8361134371671064,1,Moderate,0,23390478
0.19109453690226783,-0.9022293370589796,1,Moderate,0,62575227
0.380964096138605,-0.5129216201812132,1,Moderate,0,33010515
-0.08069273295720107,0.37905317805571065,1,Moderate,0,40422150
2.297442050541296,0.6665148711676264,0,High,0,41300856
1.763624719020836,-1.5836339005258095,0,High,0,64154754
-0.5141361961795259,1.174872145606767,3,Low,0,75136851
0.5653890212638413,-0.006266643138625388,1,Moderate,0,91546074
-0.8029577605090976,-1.490383521598651,1,Moderate,0,50663403
-0.029322836289088116,0.330850518248621,1,Moderate,0,10546056
2.5979827824737276,0.593985010472215,2,Critical,0,24401799
2.2940564305200692,2.7372452830729737,2,Critical,0,85257288
0.24171470926919916,0.9739758929428814,1,Moderate,0,24636834
0.9776980628370868,-0.4463100230094272,1,Moderate,0,112197726
0.8856527441576837,1.3924305895280962,2,Critical,1,16232328
-1.24516902424755,-0.39044818995457103,1,Moderate,0,40993488
-0.3244648024133012,-0.4700496733540958,1,Moderate,0,18337833
-0.1065940190770622,-0.6463702959190382,1,Moderate,0,92846736
0.19251106382160293,-0.2626526749277909,1,Moderate,0,3767130
-1.2856536983972273,1.6766634079478886,3,Low,1,24540075
-0.6998024198312675,-1.247471985065477,1,Moderate,0,91753911
1.4792217709670643,-1.107810546524709,0,High,0,85476951
-0.4501373808555756,-0.9351033098993393,1,Moderate,0,104730894
-2.382209538062434,1.8990983084596202,3,Low,0,43964838
-2.083788683949383,0.3497325954571391,3,Low,0,59865921
0.040377587738579176,-1.0059599877659235,1,Moderate,0,105384060
-1.452760298644859,-0.6229728071657932,1,Moderate,1,96419403
0.7966017341907968,0.6738708132868584,0,High,0,23238954
-0.1575880942939366,1.1908409816803174,3,Low,0,24499017
-1.2127882854710268,-1.922008272422427,1,Moderate,0,53412444
0.9984302450291,-2.1154822495950825,1,Moderate,0,100755225
0.08893164556643904,1.3630321623600181,2,Critical,0,92060802
0.420212599330878,-1.124417348379571,1,Moderate,1,49718889
-2.5554512872292894,1.2431686333047396,3,Low,0,92758005
2.7048116968540743,0.10146445313549733,0,High,0,9605214
-1.4079976392437774,-0.37581718018659177,1,Moderate,0,5558292
0.3736116167912818,0.7564774345280477,0,High,0,97558569
1.5891956312395759,-2.4767654171576994,0,High,0,141406583
0.785833140307143,-1.0185318308447684,1,Moderate,0,96440868
-0.5080761315893975,0.10244159149593522,1,Moderate,0,24293223
0.011718782266081001,-0.2843147459159579,1,Moderate,0,91551195
-2.919257732573484,2.76681891097526,3,Low,0,59583888
-1.1231440847972318,-1.039639622875866,1,Moderate,0,28726191
1.0465816878264116,0.17670678940185044,0,High,0,70945830
1.0430966101147103,-0.2924366350473116,0,High,0,125437658
1.5754989202800445,-1.1432495714232462,0,High,0,20893347
-1.090343626158007,-0.3986535435130111,1,Moderate,0,32771610
-1.0628006564249546,-1.0796961182001186,1,Moderate,0,52296777
1.1633872801712088,-0.1621074859065341,1,Moderate,0,24279993
0.4506001887642806,0.48304081151204187,1,Moderate,0,25057521
-0.2562536684599892,1.5958732913155547,3,Low,0,64091601
-2.163062759410516,0.1348601590289667,3,Low,0,5130081
-1.8439875428738575,-0.3546671224631846,1,Moderate,0,83788758
1.6191525326422516,0.9818961786006246,2,Critical,0,92158929
0.6340500701608554,0.8617929897718769,2,Critical,0,23871159
-2.0468553535440095,2.2364097118581725,3,Low,0,33782121
0.4695992703750769,-0.1197839435947725,0,High,0,58796532
1.5777203503286672,-0.9283143710575722,0,High,0,2813571
-0.9586621490684604,-0.07375256157394422,1,Moderate,0,84828879
2.5120811151489884,-1.9765172278612109,0,High,1,6107373
-0.6774720397271801,-0.7013398174570555,1,Moderate,0,70375023
-0.041199696601640905,-0.5865871727897535,1,Moderate,0,5203485
1.0715180857878266,-0.4091537697970376,1,Moderate,1,90101061
1.1357986949461063,0.12864466465568547,0,High,0,5053734
-1.3551795611197965,2.5727909902264696,3,Low,0,19584747
-1.515826894565575,0.22473911027790466,3,Low,0,20659383
0.522858216346153,0.9532783279202676,0,High,0,24094215
1.0178725983097738,0.13527741256816805,2,Critical,0,97310097
-2.1733084483464453,0.6109083063139418,3,Low,0,4123350
-2.0306707495386362,-0.047195440062403074,3,Low,0,11510199
-0.7188381978550171,1.0058411018382323,3,Low,0,51404985
2.1118470356123322,-1.5845736825114383,0,High,0,388008
0.5650070101932342,-0.6966228949353334,1,Moderate,0,42387291
-0.943451723731129,-0.2781722320012308,3,Low,0,72934677
1.1218337156904534,-0.6063369162970871,0,High,0,98419500
0.0767641331044556,1.6508562256307633,2,Critical,0,97790661
-2.6878764165900417,0.23622524870772413,3,Low,0,114688998
1.3646276995634838,0.3926996465232231,0,High,0,18019827
3.7308634438291226,-1.3282881259422843,0,High,0,54334296
-0.6615963611242905,0.05734479743381801,1,Moderate,0,31878
2.6155870102716947,-0.9599769267132676,0,High,0,19200672
1.2187286283336463,-0.22895081251352636,0,High,0,33930
-2.047128145730425,0.2100329908370148,3,Low,0,2981187
0.3710403871063265,-0.8290815100573995,1,Moderate,0,24846921
0.836572059023406,-0.5025954397847489,0,High,0,16232328
1.8196131045917916,0.8404490336859259,2,Critical,1,41039298
2.8970849621698136,-0.4450043669612859,0,High,0,72935883
1.699715831582415,0.6404685225382585,0,High,1,113334723
0.9819209906936233,0.5172020096878878,0,High,0,59874444
-0.5369310806124209,0.5855552630458377,3,Low,0,107016750
-0.8870163485695888,0.44968573945803003,3,Low,0,79641594
1.2969028487240584,1.8277060040266986,2,Critical,1,48186810
2.200478002218016,0.42207652993500294,0,High,1,44012304
-0.42715909208557856,0.16157845787415406,3,Low,0,7041420
-1.738656595776212,0.5166908345720501,3,Low,0,1659618
2.0219838705296085,0.9512319740112911,0,High,0,84525705
-0.7958091298549815,0.48213298867559634,1,Moderate,0,85329018
-1.7061084466228926,0.5638584055727898,3,Low,0,55126818
2.5466488840137615,-1.0086344016445876,0,High,0,61289208
-0.6951933371440177,0.08569341070166392,1,Moderate,0,141511487
0.5336414344714738,0.36315840775080405,0,High,0,115184448
0.633338907166119,0.43847589073266907,0,High,0,84495240
-1.6631204011804501,0.46962795189803586,3,Low,0,2807406
3.5730362373046716,0.44171975534741564,0,High,0,1359072
0.45737358141617385,-0.71030402686837,1,Moderate,0,411642
4.372215030203172,-1.2607080183247223,0,High,1,8869959
-0.6530138157122635,-0.9867339814356537,1,Moderate,0,44200854
-0.591849475318253,-0.1526155861374229,1,Moderate,1,84353508
0.8077385756186282,1.3151818641334014,0,High,0,86931243
-0.1499228052712031,0.47927021702527306,1,Moderate,0,69407217
-1.7140975166546446,-0.035459447858008926,3,Low,0,90818226
-0.8024381513694864,0.6291294876415146,3,Low,0,85817304
1.4142900581641626,-0.2125738525811,0,High,0,24788205
-2.24338385207284,1.4705029267132588,3,Low,0,52955253
1.882430249010715,0.7949025313805737,0,High,0,85250952
-1.0064165768536388,0.07217925767938532,1,Moderate,1,2594745
0.6561896817677215,-2.1500709699621146,1,Moderate,0,20447352
-1.4160389009505019,-0.9309642971892975,1,Moderate,0,12985884
-0.1559770128269982,-1.3781601612272483,1,Moderate,0,38907675
0.21447783615185786,1.2759024810067787,2,Critical,0,84353076
1.814279477199937,1.5884702589503017,0,High,0,101947725
0.46432905611978526,-1.4742221361907029,1,Moderate,0,70976088
0.4107371322997653,5.238450028862523,2,Critical,0,88785891
-1.3773383524805478,-1.2064206505005353,3,Low,0,18187776
-0.9919376227403529,-1.4819496465506343,1,Moderate,0,104277366
-1.0634818964835437,-0.8521871401026954,1,Moderate,0,75536901
1.7213832872061126,0.461828296799834,0,High,0,24880509
-3.0277728482070168,-0.6819653478040887,3,Low,0,3401586
-1.2848710126514622,-1.3737650390799017,1,Moderate,0,36504639
0.400407499026999,1.0703900368394157,0,High,0,63396126
2.841075469696026,0.005941651248040138,0,High,0,874899
-0.9217795833170304,0.2248700795785922,1,Moderate,0,105428934
-1.7145365352746356,-1.1564990448466625,1,Moderate,0,89953083
0.38295531431621893,-0.4111180258344542,1,Moderate,0,42294267
-0.236792069096171,0.7415066232298918,1,Moderate,1,53195013
0.034126611622759435,-0.19204026692272433,1,Moderate,1,24825339
1.5636510562435408,0.9311344373949875,0,High,0,141437894
-1.388444918323309,-1.440411774559089,1,Moderate,0,38278530
-1.054137870555157,-1.6897392186396962,1,Moderate,0,44246853
-1.003608106013623,-1.463161563574506,1,Moderate,0,23580657
-3.6629128497290915,1.8785320865085953,3,Low,0,3840390
-2.177941186741269,-0.5983808403684877,3,Low,0,5902263
-1.181793769328442,-0.9263877604190337,3,Low,0,24611103
-0.6699188622210199,-2.199683399025059,1,Moderate,0,115019739
2.6484360032193086,0.4650373620668156,0,High,0,95118660
-0.4539491935510566,-1.1398823214212843,1,Moderate,0,33219900
1.1038151058901444,0.8276181084418582,2,Critical,0,23230872
0.2148274350795218,2.1672827944200845,3,Low,0,31918257
-2.197240146750979,2.033018745698161,3,Low,0,4876641
-1.1415055933018508,0.48444829347619195,1,Moderate,1,55819278
1.2331881407041856,-1.605525376113838,0,High,0,18069759
-1.4526660569685983,1.7974450075575386,3,Low,0,24813783
0.01098589606512524,0.6402711351002612,1,Moderate,0,79128711
0.5831411489074366,-1.5579906927030756,1,Moderate,0,126525875
3.329005408567015,-0.2458847945309817,0,High,0,1186011
0.4870164456426697,1.6816947849303803,0,High,0,82594836
-2.891667550039634,0.3946025385882442,3,Low,0,375642
0.23532812330217265,-0.8368786904573241,1,Moderate,0,372429
0.465118521055575,-0.3045476356924803,1,Moderate,0,42720543
2.4542405582851,-1.3001723869030772,0,High,1,105607386
-1.8247195010122723,1.3438330933115248,3,Low,1,45639666
-0.020435268295958525,0.8133469514139603,3,Low,0,109169370
0.03411118705643101,-0.6937855525772826,1,Moderate,0,56939859
0.36310223115235146,-0.5324997241706998,0,High,0,1624320
0.38429370828115994,-1.201677635268508,1,Moderate,0,26037549
0.34106831179463426,-0.2874319538952888,1,Moderate,0,86139099
0.8723149676770976,-0.5508895730554814,0,High,0,64958868
1.7072136734819048,-0.1923362387890225,0,High,0,7258698
-0.33100951390588035,0.4624693875238524,3,Low,0,132507
0.05478924845245242,-1.5248598882864854,1,Moderate,0,34892685
-0.8251032425268345,1.0750399063435168,3,Low,0,39749958
0.10715220634625962,-1.1685151920762655,1,Moderate,0,114834474
0.03577284793968396,1.458424659763352,3,Low,0,38724624
-2.7837433339429527,2.139294275329058,3,Low,0,99868617
-1.3280160983910565,-1.2237393965528545,1,Moderate,1,106491483
-0.8491579923512503,1.6593100139401729,3,Low,0,40607307
0.11320518379503833,-0.12786729436435276,1,Moderate,0,100267245
-0.20911181565241416,-0.24327367201359426,1,Moderate,0,153378
-0.1049858633868824,-0.0850514860316925,1,Moderate,0,41346216
-0.11857910094175186,0.4994571075325389,3,Low,0,39015441
-0.6813729828038488,0.943545861293468,3,Low,0,18513468
-1.2755960623949862,0.34668496844502716,3,Low,1,23303853
-0.5581287026858427,1.4270750364643896,3,Low,0,96214473
0.46588181412249846,1.080783208995081,2,Critical,0,45403434
-0.5504135140736012,0.41308616889594724,1,Moderate,1,2120220
0.45236697112497765,-1.0829737023878274,1,Moderate,0,62756199
2.0973433103898484,0.9441885110004644,0,High,0,107304696
-0.005512170036292751,-1.3978321429407057,1,Moderate,0,92732283
-1.9585666877330583,0.32936096353836974,3,Low,0,59970978
4.16623730388511,-0.2236428675532465,0,High,1,43059276
-0.7630352024026318,-0.19477686864930208,3,Low,0,84898089
0.2861897824586257,0.3022191068964999,0,High,1,103420926
-0.7215431575858432,-0.5551984135071307,1,Moderate,0,11123442
1.5418453841319435,1.140928317037668,0,High,0,98931771
1.024991023140136,1.4899619252527039,2,Critical,0,24677901
-1.4111276159344108,-0.25450094926394556,1,Moderate,0,4791987
1.2570485524203217,-0.8632457776232139,0,High,0,3840768
0.23387639675356292,-1.3689546205199854,1,Moderate,0,42701211
-0.878284749125464,-0.5931844402877235,1,Moderate,0,87794469
2.800585563114494,-0.5271758153341509,0,High,0,60594408
-2.1308700942276007,0.38396147114950785,3,Low,0,41670747
0.20414895081515366,-0.7021906451753559,1,Moderate,0,62856369
0.8239622955356776,0.9082904890247226,0,High,0,44640909
-1.4638280133440205,0.08795958134796383,3,Low,0,99024444
-0.9310650910753864,-0.5074330596219038,1,Moderate,0,40926780
-1.4162041816595197,1.4026303017746682,3,Low,0,40339953
1.778258658780582,-1.247194772669943,0,High,0,18931644
-1.6260382756909857,-0.6928887097282055,1,Moderate,0,87127083
0.18919507741756775,1.4658161475463103,1,Moderate,1,134340989
-0.9535788939952808,-0.4392535003075047,1,Moderate,0,1848753
-1.287645924033452,0.39777822946241465,3,Low,0,42973029
-1.1315680355461635,2.235184250372176,3,Low,0,25040313
2.5496200125080004,-0.6254978750281283,0,High,0,1100547
2.2727846332998585,-0.24192671512161776,0,High,0,6528402
-0.8640663630359381,-0.3627063778454675,3,Low,0,19177362
3.1463441941976877,-0.4932074938312548,0,High,0,88375140
0.9697417339421258,-0.9644954586640468,0,High,0,41762142
1.5695808471061612,-0.4915658543539199,0,High,0,95718573
-0.9943115883470806,-0.4846133893434751,1,Moderate,0,89680383
4.644630690328449,0.2742338708670008,0,High,0,111954177
-0.6022884474248951,-0.4458497931210305,1,Moderate,0,90353187
0.9507092383277163,-1.711124630787201,1,Moderate,0,132532583
3.6096044063721924,-0.17880001798991643,0,High,0,147232922
1.3413655337136028,-0.7729994374463672,0,High,0,150247706
-1.5296674295930681,0.20932085647603113,1,Moderate,0,100918386
0.5094961904851205,-1.007462048325455,1,Moderate,0,60436944
3.8527978302583614,0.707825084719212,0,High,0,44144469
1.4798494712818266,2.4488952296747333,2,Critical,1,90489195
1.1212591485262564,1.213884630133007,2,Critical,0,91304820
0.3964074955726954,-0.41318635547644056,1,Moderate,0,40475232
-1.1852935827325586,-0.7862895706017056,1,Moderate,0,89315190
0.5927690662026854,-0.014014099087331753,0,High,1,18099693
2.578214155847655,0.5199092404100791,0,High,0,13061196
-2.2944116340236747,0.7350927771530135,3,Low,0,41521959
0.14059728422275194,-0.5933399367282561,1,Moderate,1,6726555
0.11486857438691961,-0.3202978995583184,1,Moderate,0,3053970
0.3813957477570547,-0.17188490522684344,1,Moderate,0,660015
-0.7781527848923904,0.006664972097000151,3,Low,0,8588673
0.05288417727774489,0.8763493685395732,2,Critical,0,85134222
0.5644872862886765,-0.7197509137947959,1,Moderate,0,627408
-1.4087891444375182,0.48309307970657606,3,Low,0,1546569
0.5598369085425172,0.6259655095099385,0,High,0,462825
0.1775900868326425,0.16651385148239736,1,Moderate,1,58359357
0.7595826660684151,-1.1817497564157002,1,Moderate,0,86231907
2.519742557515137,-0.35652505136899454,0,High,0,6819129
-0.4714248384222123,-1.4012874448228791,1,Moderate,0,43621722
0.5381681440151707,-1.1335796920899037,1,Moderate,0,19829754
-1.2512848390982962,1.4330492584274135,3,Low,0,22801446
1.8819731798892398,0.8564166716083315,0,High,0,34692561
0.47471735532368964,0.9087915350615181,2,Critical,0,86765814
4.5202017190751,-1.0477646355479144,0,High,0,90085932
-1.3164942984063142,-0.5845079066710123,1,Moderate,0,106098858
0.20834628585410514,-0.3717626489603102,1,Moderate,0,57704049
0.4152447393726894,-0.2851828126072019,1,Moderate,0,80945262
-0.6408808304704653,0.19389255896233162,3,Low,0,17257581
-0.6229609269683484,-0.8506859780378315,3,Low,0,17754156
0.7684208501616104,1.8994962301334153,0,High,0,3053970
0.6043192735334376,-1.5090997486374396,1,Moderate,0,5422095
4.410998256525373,0.8183143626304398,0,High,1,92784978
1.4609094931763134,0.8652273067692006,0,High,0,40416417
-0.9232269561221866,-0.1365015093400789,1,Moderate,0,77856363
-0.7432243868390296,-0.6232381949101148,1,Moderate,0,30904929
1.6677516208785454,0.6934796951496695,0,High,1,41149971
1.1780101321505854,-0.23602619345049902,0,High,1,38092608
-1.1428127823524874,-0.8473055791800026,1,Moderate,0,51710823
-1.0776917188885107,-0.0044012457756078364,1,Moderate,0,23330592
-1.2133090863177034,-1.3156206905014707,1,Moderate,0,53429490
-1.3789556620743715,0.1456202214291638,2,Critical,0,85335777
4.830010824810792,-0.15053511837174846,0,High,0,90828387
2.6060612253440874,1.3758276806562473,2,Critical,0,100724697
-2.651361324997607,-0.7597895417415688,3,Low,0,39134358
-1.4429902146061555,-0.5982739889913715,1,Moderate,0,108180909
-0.6513426089052455,1.8717833292595492,3,Low,0,25466958
-1.1939712718199578,-0.12850915292774476,3,Low,0,112394736
0.5986486588967211,-1.33201604583633,1,Moderate,0,38818350
0.37204653929893344,-0.22330202063831134,1,Moderate,0,66372723
-0.6352333843459648,0.9371123836140829,3,Low,0,117342
1.327589466501946,1.429948667385553,2,Critical,1,2594745
-0.918008604386939,-0.23636062853485926,3,Low,0,24910902
0.8083096819943618,0.9843533766294907,0,High,0,48049146
1.1553095355549068,-1.0238534615070611,0,High,0,12112497
-0.24043416944098325,0.7877376857296651,2,Critical,0,65955078
0.7377449463587894,1.1461902226458,0,High,0,117342
1.2965698716632597,-1.0721674406093318,0,High,0,294273
1.2185006132511202,0.1528560231806368,0,High,0,102285594
-2.095923782685605,0.47999204842944315,3,Low,0,80354943
0.13634710279322979,-0.12621830678873114,1,Moderate,0,57805425
-0.4225859745071144,2.6394904937667887,2,Critical,0,85146966
-0.9959456840416043,-1.9935845879650347,1,Moderate,0,44717193
1.8399702314623134,0.6459544734677002,0,High,0,31940613
-0.585574665127135,0.5103862770374697,3,Low,0,35228574
2.128464611337823,0.20558570399507733,0,High,0,22719888
-0.8839536010444036,1.5351516992181582,3,Low,0,67825269
-1.0736456218231727,0.6500939593341192,2,Critical,1,86118255
-0.07533428443437298,-0.7982594211788003,1,Moderate,0,85761783
-0.039540691068395556,-1.3081459712654555,1,Moderate,0,43858710
-2.389957557433722,1.0516358346310446,3,Low,0,402471
2.5526360810194437,0.19385350080017918,0,High,0,42820686
2.3469905589088866,0.42304437826292335,0,High,0,107319627
0.808534273399411,-0.5698506194098435,1,Moderate,0,47618316
-1.3334752911039198,-1.13508136972152,1,Moderate,0,23606046
1.281906312164847,-0.6300189546102544,0,High,1,42607161
1.091670343318899,2.0884151929333794,2,Critical,0,96982488
0.24075720531552008,-0.045991088403060085,1,Moderate,0,84950370
-0.30281459649334586,-0.7013107774853102,1,Moderate,0,20899800
-0.30154789292817913,0.9223807246582902,2,Critical,1,110800251
0.7183540613388248,-0.49865103980938896,1,Moderate,0,63718515
-0.9063257891562057,-0.848134156515006,1,Moderate,0,24616215
3.897177119159078,-0.3869941268659,0,High,0,19740258
-0.4988665975319426,0.784207192365695,3,Low,0,24360795
0.21078762498088366,0.9415584098824636,0,High,0,42977250
1.2058036699354069,1.4414632221149002,0,High,0,17995509
0.32167610278789793,1.03685800430795,2,Critical,0,112918734
2.278916180324052,1.1055206088870118,0,High,0,102251475
0.778525284629773,-0.10914152799319014,2,Critical,0,106757478
1.35344089312739,-0.15238855544608168,0,High,0,59167503
-0.40428159837908423,-0.7029453243743148,1,Moderate,0,4756284
-2.1339137942537763,0.6252027073678613,3,Low,0,56889675
-0.11193909370014515,-0.43884613705072145,1,Moderate,0,640377
0.5640226379606085,1.7023203563649663,2,Critical,0,89783919
2.1621872695366773,0.39583897822273845,0,High,0,23901021
-0.1870780355501902,0.05932800548830007,1,Moderate,0,58307031
0.40830038797617463,-1.3124366825706342,1,Moderate,0,86246361
1.742698640649908,-1.4147352004732507,0,High,1,4568796
2.5783410400985103,-0.14100377191909427,0,High,0,90471042
-2.9904592026387933,0.13546228490278386,3,Low,0,2533860
-1.0868016658402948,0.8205407257561332,3,Low,0,113406966
-0.1542815802934282,-0.15267695156998806,1,Moderate,0,47351529
0.8119505858394315,-0.8958606572808028,1,Moderate,0,35139276
0.8793798838659888,0.8380594930250195,0,High,1,411642
0.28285606649459355,-0.3737956083145867,1,Moderate,0,55893573
1.3517448829330287,1.7801735002129764,2,Critical,0,85061286
-1.5852746223163228,-2.6283419978556255,1,Moderate,0,68414958
-1.2062274441456127,-0.5953485253171955,1,Moderate,1,24666498
2.099743469735198,-0.9354130942771062,0,High,0,59512311
-3.4989119761919496,-0.14037187081161798,3,Low,0,32087655
-0.7340803997956057,-0.1825909101792418,1,Moderate,0,57260610
0.12255648708556724,2.4291822437534725,2,Critical,0,38857140
1.5000034471994501,0.5061090183875745,2,Critical,0,23554332
-2.358821533601695,1.5509513788574851,3,Low,1,1257759
-0.19228890334989307,0.6727541265561671,3,Low,0,56757096
1.4203680046682647,-1.0700574871564463,0,High,0,84400695
-0.7989052383218757,-0.3314841778797819,3,Low,0,28592406
-0.46364016023067445,-0.7660202930896373,1,Moderate,0,73741527
1.0552210114528915,-0.5204068459240508,0,High,0,32305851
-0.31139652207829893,-2.0020412076664433,1,Moderate,0,68168979
0.04290473065493064,-0.38004971924752845,1,Moderate,0,80663364
1.199450843708483,0.3311081411950369,0,High,0,24054516
-1.3400214257729754,-0.6846942045041169,1,Moderate,0,65568132
-0.14069315357196965,0.42316785568506166,3,Low,0,282078
3.4004398074163786,-0.5801613207214932,0,High,0,42773121
1.9449216706184829,0.21454688462458413,0,High,0,93055779
0.781235978558954,-0.29347742819289346,0,High,0,64565010
-1.0650785070511066,1.2891770284225137,3,Low,0,38620674
1.2334182756228913,-0.24376974270869367,0,High,0,4969350
0.9759986780429718,-0.3327780319288697,0,High,0,14627466
2.2573845149005343,0.640902394941071,0,High,0,82706436
0.05558250710635881,0.016995751781875155,1,Moderate,0,19949265
0.011614861126255906,-0.38530593289713627,1,Moderate,0,103517577
-0.3229382735135207,1.1500953644282157,3,Low,0,106362549
-1.0857690742766684,-0.05913655495753542,3,Low,0,68155380
0.026003347380553297,1.2314708241318704,3,Low,0,41149971
-1.4873799144788125,2.2205958082257267,3,Low,0,93198051
-1.5525403226603056,-1.45960862337125,1,Moderate,0,40703625
-0.08003768635987195,-0.16675326554192843,1,Moderate,0,97113294
-2.6182729304130823,0.872401048454377,3,Low,0,86323383
-1.125219427677873,-0.4258987112451688,1,Moderate,0,25058754
-0.515714981886881,-0.6102955625797288,1,Moderate,0,105870168
-1.6599550619880687,-1.5524297346694338,1,Moderate,0,40758039
-1.348301197079918,-0.9337277225762872,1,Moderate,0,87355188
-0.41029767559246555,-1.219293947182716,1,Moderate,0,5902263
2.395214281812145,-1.1902165135829261,0,High,0,95500854
2.306696814390206,-0.8137688334770584,0,High,1,1143153
0.4265407658203997,-0.8374080440082154,1,Moderate,0,1004175
-0.7232785090793024,-0.6130167359961669,1,Moderate,0,90246384
-1.6275373620871987,0.9703794389484319,3,Low,0,13299057
1.7739863074488453,-2.2893676660255564,0,High,0,1868058
-1.7915564426198765,1.3060131794956702,3,Low,0,31404276
-0.2951136355033,-1.2148929416156131,1,Moderate,0,3096612
0.9067247658439324,-1.3299342243056886,1,Moderate,0,23492583
2.177195918555493,0.052603454339100686,0,High,0,125793
0.5674976632854707,-0.5249711389926953,1,Moderate,0,23433057
0.4707800427764716,0.14849278889579132,0,High,0,93896811
-0.21052422792953,-2.3128341532063033,1,Moderate,0,45232380
0.08698251999906413,0.7494252050310151,3,Low,0,23927787
1.1474577859505364,-0.3170288012578478,0,High,0,5660460
0.23734643656451537,-0.5075011714923107,1,Moderate,0,105639453
-0.8300020629350098,-0.06248883357623515,3,Low,0,499743
-0.9397037888182607,1.0153473458939801,3,Low,0,41167215
1.1119709894296994,-0.09402930662917168,0,High,0,88645725
0.5719186084113311,-0.03994931071695293,1,Moderate,0,34220673
-0.543210336294765,0.1499517230041379,3,Low,0,23234049
-0.42480655619016816,-1.4105682657475622,1,Moderate,0,106746345
0.16837211266508967,1.2172356207517643,2,Critical,0,100917270
1.9117723985874104,-1.2769364497276643,0,High,0,96026562
0.25414591327836783,0.05811502804762652,0,High,0,18048447
0.15902898486150555,1.4150529308008302,2,Critical,0,40993488
-1.81369211646969,-0.08174019321407691,3,Low,0,97391007
0.9063716356530267,-0.5986866740847335,0,High,0,23973471
0.4930352045845133,-0.07921951495640886,1,Moderate,0,17665578
-1.4379650017414431,-0.09106842681397209,3,Low,0,80617635
-0.8143031465305656,-0.0890362676244666,1,Moderate,0,10852200
-1.5439133939374035,1.6394094418529437,3,Low,0,54956916
2.8994296105828044,0.9379157220890111,0,High,1,93935448
-0.9977547916368845,0.6336337090657794,3,Low,0,23592294
-0.6721643866692258,1.1903924321204231,3,Low,1,13023792
-1.4391495417975113,-0.546044326785323,3,Low,0,8173008
0.5146589355474648,0.16891736836896756,1,Moderate,0,29248398
1.8109997732517973,-1.0509071513142905,0,High,0,108441423
-0.3731757982973023,0.6706872752124095,1,Moderate,0,49947759
-0.3796297874551022,1.381899567378815,3,Low,1,83545920
0.9063852405110824,-0.4214163188541376,1,Moderate,0,22170528
-3.5366195617074716,2.015545152628979,3,Low,0,98958555
1.5633016693066533,-0.5606447509303186,0,High,1,42607161
-0.40731476223302565,-0.3807518703920855,1,Moderate,0,7032438
-0.23885328908365844,1.6429362941585783,3,Low,0,90511785
1.0005055056662595,0.6603506930840064,0,High,1,28040256
-2.7682793971255473,2.6935667351235573,3,Low,1,72755055
1.835554126474091,0.4717596255902798,0,High,0,49788765
0.5320748101324423,-0.37062055040641484,1,Moderate,0,54643194
-1.9612969878911748,0.14135966375132125,3,Low,0,846054
0.22932292724694467,-1.7177437696963627,1,Moderate,0,65234214
2.221325200802971,1.758755124608151,0,High,0,38729097
-2.045775829829378,-0.2605709335418086,3,Low,0,103110201
-1.1744112927759753,-0.005644593800474313,3,Low,0,38832075
0.3562063786546126,1.784955866731604,3,Low,0,76827825
0.4758931110792572,1.8740420992944293,2,Critical,0,33105717
0.8114549817085404,-0.15977504470225626,1,Moderate,0,28067184
-1.6674259385467023,-0.09962547619678452,3,Low,0,59997600
-1.5616920470389954,-0.8172503208374199,3,Low,0,60673563
0.6855953729090826,-0.8583233120354253,1,Moderate,1,89766450
0.568612097316566,0.2721397293673432,0,High,0,56715849
-0.5480679716553513,-1.0251128265082297,1,Moderate,1,100811520
2.4107321064365754,-0.7086353994346212,0,High,0,58463433
0.19951385794634305,0.38768006762052626,3,Low,0,564786
-0.09534066018281359,0.29497529179720144,1,Moderate,0,47731842
-1.2085523865683692,1.4223796468845575,3,Low,1,68950278
-1.729384465705722,-0.8998981247251293,1,Moderate,0,88464762
-0.29291541081503236,-0.165739375092136,1,Moderate,0,23353839
0.3850878292417699,-1.2051406574931207,1,Moderate,1,23378175
0.45619023171993583,-1.0310799138327862,1,Moderate,0,88292439
-0.4602534978604418,1.5114463555246542,3,Low,0,87540750
-1.9258718383148303,-0.9302812981290136,1,Moderate,0,3277503
1.1355217607253203,-1.38485203387372,0,High,1,45472662
0.7013359010450105,-0.8083627557347342,1,Moderate,1,388008
-0.07382321963442719,1.0549644376691834,3,Low,0,23217129
2.727065270438198,0.20658410495593146,0,High,0,6897771
0.29969497601122475,-0.5784161002573865,1,Moderate,0,24009120
-0.5349310990988936,0.6437820278994246,1,Moderate,1,78277599
1.804766970329109,0.9979427225188205,0,High,0,90594459
1.9593807304956103,0.3515054220969065,0,High,0,20628549
0.7495892263759083,0.06976885700999592,0,High,0,39603960
-0.5129833789743374,-0.6858361535509674,3,Low,0,3500613
0.6338545023116349,0.6780874589757928,0,High,0,40502115
0.22950556019331592,-0.1304948688106479,1,Moderate,0,184877852
2.975404598153992,3.0739551090911337,2,Critical,1,85232619
-0.5983565046893957,0.5466661975942506,1,Moderate,0,64885500
0.3200866330721779,1.3173247870019638,3,Low,0,58072338
-1.6972220660306665,-0.05951159064994048,3,Low,0,24457806
1.6163463655743469,-1.8367168928314115,0,High,0,59528340
0.6104673160611178,-0.3161672734486041,0,High,0,78918309
-0.1860449193055513,-2.4511408145071587,1,Moderate,0,106262082
-0.15980511572813677,0.2783912409070324,1,Moderate,0,40451211
-0.47190358021386725,-2.197085674179618,1,Moderate,0,110311767
-2.148986016015234,-1.3929599476803478,1,Moderate,0,44029530
2.523847154900192,-0.13068264336314744,0,High,0,15019425
2.830815352411384,1.2992915655098056,0,High,0,81712926
-0.33711910777819837,-0.8879498002925456,1,Moderate,0,35047512
2.4666019668572257,-1.3447920841224648,0,High,1,64603215
0.5032257248327092,0.053272309154958536,0,High,0,141569078
0.7285467977656195,-1.753255016026485,1,Moderate,0,90901845
-0.8969339272913259,1.3108136756058604,2,Critical,0,4593906
-1.467591377713693,1.0984618256462952,3,Low,0,23333337
0.028365693306502765,0.4812206819281472,3,Low,0,90353187
3.9917715910711435,3.073918137677468,0,High,0,106996104
-0.4772844855003493,-0.4631595836976519,1,Moderate,0,48115197
0.10618699941583681,-1.119583975103581,1,Moderate,0,32236452
1.7372246929092543,1.4476891646397834,2,Critical,0,43417926
-2.0400311574360526,-0.11148482887280792,3,Low,0,65657376
0.8835895150852647,0.43296480526539366,0,High,0,153282983
-2.4300424227959705,0.14984400459270594,3,Low,0,84828879
1.2357460551233,-0.9811196344612003,0,High,0,19835496
1.6917070245899988,1.787456983466495,0,High,0,84813228
2.0483320110024446,1.4578182059663067,0,High,0,145161851
0.30300897070719746,0.13412189778874392,0,High,0,44254143
1.0891580670122705,-1.3897590801991233,0,High,0,20367027
0.2566597320664408,-1.123250261409889,1,Moderate,0,86304033
-1.9283791235187,-0.22410837536956354,3,Low,0,2807802
0.17796818677561016,-0.3148092991971139,1,Moderate,0,1873620
1.2571380991651722,1.1712112858027728,2,Critical,0,113110956
0.01563721300772755,-0.7411386127617589,1,Moderate,0,21016287
2.1359408712261527,0.12286619539272714,0,High,0,85341717
-0.5005170359009876,-0.9464117490368142,1,Moderate,0,22829274
-1.0546271962278806,-2.3947014909508137,1,Moderate,0,61025724
-0.5449999290079651,-1.1496732435976988,1,Moderate,0,15068502
-0.40438748796662766,0.07646936577999854,1,Moderate,0,42546951
-2.1669834852477723,1.1695706270819495,3,Low,0,82063773
-0.7062422562728181,-0.7402017877275093,1,Moderate,1,110005083
-1.2625408117808665,-1.00016177872539,1,Moderate,0,95464791
1.8612734968383065,-2.1304005776743207,0,High,0,38921211
0.25802319107439176,-0.5543182461178715,1,Moderate,0,31653153
-0.6468917896708896,0.3322859343684718,3,Low,0,49866057
-0.03272007075731115,-0.30860793592935176,1,Moderate,0,24420771
0.16016932387125507,-0.8246862624350955,1,Moderate,0,18095193
0.05859134422291028,-1.3511010437849775,1,Moderate,0,83970162
-2.3200311950080854,0.6925216138880003,3,Low,0,5125131
-1.541262006660578,-1.3953776614019673,1,Moderate,0,137133
-0.895987682250113,-1.3722850274926248,1,Moderate,0,25277112
1.3305098484073647,0.7751370659547911,0,High,0,42208164
-0.5498815785220375,-0.8541146885182744,1,Moderate,0,95576247
-0.40009881460074903,1.451061531542562,3,Low,0,54426798
-0.9058568266435141,1.4672927681767638,3,Low,0,5371776
0.8524645330912577,-0.6936527451169834,0,High,0,2737548
-0.8665556687130332,-0.318654646321317,3,Low,0,24007374
2.07372112723352,-0.7978407201226261,0,High,0,96854571
0.29417305384901893,-1.6003681868189958,1,Moderate,0,42945417
-2.0071302132708198,0.9759348149667615,3,Low,0,3760353
-1.280946973559427,-0.11660279776976812,3,Low,0,87256917
0.7153760195703657,-1.6820912981759923,1,Moderate,0,15995151
-0.9886747272899036,0.4097661622485147,3,Low,0,86246316
0.5187288320316575,-0.2109454397637783,0,High,0,1255995
-1.7017316100907578,0.6189269897382015,3,Low,0,84721041
2.123215474421418,-0.38743106778496084,0,High,0,24262749
-0.2809684318636651,-0.6207859075973637,1,Moderate,0,66175479
-1.377435741711622,-0.9406326120893141,1,Moderate,0,88530390
-0.30508727419235065,0.5103065106189245,3,Low,0,43183269
-1.6888149067831653,0.01598529282063473,3,Low,0,41970348
-2.2112053555340476,0.18768784157301552,3,Low,0,4791987
0.44014457345370744,-0.06044643767942619,1,Moderate,0,97003485
-0.3489862680707479,-0.17347567748706086,1,Moderate,0,43866738
-0.4543693529455546,-0.4138715032670279,1,Moderate,0,91159155
1.286937244052567,-1.0723841463698485,0,High,0,19105893
1.896152507370819,1.5220886256569746,0,High,1,108093258
-2.8249781515683576,2.452817576740875,3,Low,0,41365971
0.4523283837988945,1.1601746564047433,0,High,0,65660427
0.04836936794041323,-1.7160173215507057,1,Moderate,0,89044092
0.558859050354568,0.04965782893373208,0,High,0,23244516
0.8557171143885711,-0.8000382514112433,1,Moderate,0,56200311
2.637209602184617,0.667811228349043,0,High,0,24023214
-1.5807416819156792,0.7864594073235167,3,Low,0,1716723
2.5179914609081093,-1.3111499574266519,0,High,0,24284196
-0.2485821889979429,0.2062402383266065,3,Low,0,80726463
2.7850265172017075,1.1455546034701054,0,High,1,43912719
-1.610014030231452,-0.16702769716882468,3,Low,0,23341581
-1.0732237671142821,-1.0109992186155348,1,Moderate,0,40491153
-1.1199809059629555,-0.9170648149846263,1,Moderate,1,42804198
0.6599666578982405,-0.6440798735693279,1,Moderate,0,24666498
1.8130069084797655,0.16179862604753298,0,High,0,1057311
-1.5639206296526882,0.40698513544300896,3,Low,0,57063033
-2.229412598847385,0.3056239613879007,3,Low,0,10854945
-1.7188792675383044,3.622816970123659,2,Critical,0,76326192
-0.09589114514879424,-1.5231380239326566,1,Moderate,0,43669764
-1.3509612019602597,0.12815713104710869,1,Moderate,1,41569434
2.8791010568444872,-0.08742737449551613,0,High,0,4908897
0.2117617848915651,1.7195424779835249,3,Low,0,17409402
2.949403145700994,-0.511173481832954,0,High,0,81744624
-3.1055292835551085,0.12937445937311784,3,Low,0,15703236
-0.4929442984778761,-0.08363442085909323,1,Moderate,0,70173432
0.45294629230170924,-0.16472764179703617,1,Moderate,0,42957747
1.7003350433295392,-0.920531585341289,0,High,0,94518
-2.6213425322001482,0.7056050893659241,3,Low,0,2323242
-1.7843336680203397,-0.8607485264506103,1,Moderate,0,85440600
-2.3928601759654295,-0.20556501729834617,3,Low,0,27274527
0.8287677302701683,-1.12928413131511,0,High,1,408663
1.7103195592315747,0.0533179589408061,0,High,0,186037511
-3.2070822944994983,-0.2208776826437228,3,Low,0,6035463
-0.39307681612793866,-1.2036875844993844,1,Moderate,0,42843735
1.4654996823166229,1.0609419004697416,2,Critical,1,24984423
2.052666363789748,-0.15248220807385096,0,High,1,43864380
-0.5374702829755161,2.230399566074423,2,Critical,0,64778841
0.27882985367135554,0.09240867447356041,0,High,1,40944168
1.0929333656892477,0.7876154534375412,0,High,0,88753554
-0.032888513701469176,-0.042733919986312804,1,Moderate,0,12327309
1.9194653610279409,0.8842951720209004,0,High,0,23323671
-0.059071795019972305,1.3185005934674379,3,Low,0,112111236
-0.6728362617328802,-0.08188181981528207,2,Critical,1,23507280
-2.4187807178564515,-1.7619428180709515,1,Moderate,0,94556241
-0.826120593629851,0.8822033314625923,1,Moderate,0,104773851
4.381784515612511,-0.35509978632966066,0,High,0,71738703
-0.5356733528324168,-0.9893162378044662,1,Moderate,0,186410174
-0.1112866684332793,0.05569429001247678,1,Moderate,1,92256759
-1.2778650846433208,-0.903655346938508,1,Moderate,0,23889474
0.5056229768481951,0.36065732048596694,0,High,0,93630006
2.2088848140051764,-1.3014411228607008,0,High,0,107724744
-0.5972706473514418,-1.8571218898121102,1,Moderate,0,57902751
-1.010346444864947,-2.384170476151366,1,Moderate,0,94011048
0.6813822120819181,1.3725042691852345,0,High,0,6443595
-1.8138673814789112,0.47456307269385073,3,Low,0,18255816
0.9470983047197888,-0.18200737800427877,1,Moderate,0,80955990
1.185941421195077,0.15087182794580267,0,High,0,27827730
-0.21263027718980199,0.26602621447753566,1,Moderate,1,23668560
1.288211864819438,0.05678686688609841,0,High,0,111769092
-1.9895342875592816,-0.8046999439086434,3,Low,0,61345944
-0.12966853758430597,-0.3635082111364915,1,Moderate,0,86507541
-1.3226236568511056,0.806591585061022,3,Low,0,17995509
-0.17858786150475842,-1.0595983809369942,1,Moderate,0,98789040
-0.7922473259898691,-1.9624721641602125,1,Moderate,0,103629465
-0.827558498163605,-0.33293431980575733,1,Moderate,0,103674861
0.8095184889386673,0.5534825630194322,2,Critical,0,28879128
-1.9996438285196747,-0.9130843380210791,1,Moderate,0,46710738
3.0591354279409075,-0.6114212746805356,0,High,0,107139456
-0.026353476224808246,0.011322056489945139,1,Moderate,0,40473621
1.6531700149766484,0.6692186312601934,0,High,1,100677726
-0.013834968057255398,-1.1274392470083356,1,Moderate,0,125595
1.4005127682303025,0.6040631726130564,0,High,1,106914321
1.3855331154784005,1.1547400848347158,0,High,0,17981163
2.2190732669068933,-0.11962097435769647,0,High,0,1250325
-1.047846179488474,-0.27161017570846757,1,Moderate,0,99186975
-0.977186951894071,-1.2873834285608443,1,Moderate,0,27826587
-1.6315766673067256,-0.6760781895056277,1,Moderate,0,41381262
1.9964535100299585,0.5305010280712618,0,High,0,55793097
0.85886367869906,-1.2505852587471582,1,Moderate,0,63169668
0.343196003286436,0.607719815141219,1,Moderate,0,108092736
-0.23653552859269267,-2.029359791943327,1,Moderate,0,18875952
1.5184701308386002,-3.5326007032017346,1,Moderate,0,107655660
2.977544437179016,0.9688638650596155,0,High,0,24801588
2.8127054967221987,-0.09668342384911992,0,High,0,5773113
-1.0494194363976328,0.72634425926482,3,Low,0,23521833
-2.148918854745268,0.8776040102618499,3,Low,0,90207198
0.09982348221924603,-1.5287928848816352,1,Moderate,0,25410375
2.216355729808075,2.2120189818169047,2,Critical,0,85232619
-0.9847220357817754,-1.9682995418368143,1,Moderate,0,32235588
0.8612948720462799,0.5048427019808762,0,High,0,24702066
-1.701651901123448,-0.6183871662019328,1,Moderate,1,53751546
1.5725540693539497,1.5794681497182133,0,High,0,85110516
0.2142769559767948,0.3528237469097825,1,Moderate,0,133335
-1.7331414703007397,-0.5129879761897331,1,Moderate,1,93935241
2.0802594441833957,5.1567343972823005,2,Critical,1,88785891
-1.0044728808728165,-0.27157162343729074,1,Moderate,1,5940756
-0.7529713045631754,-0.14407610623088438,1,Moderate,1,45114696
0.2326849332270891,-0.03366877295923239,1,Moderate,0,1634040
-0.6866323863131053,-0.8627859170454215,1,Moderate,0,58062708
-0.17551142194724462,-0.0665023528295422,1,Moderate,1,41868882
2.139470594153247,-0.18090959833809325,0,High,0,107818785
3.6319625228258015,2.324432564463131,0,High,0,91015884
0.34568996739945806,1.9854999556168393,2,Critical,0,86938254
1.4251240464673396,-0.4108538669378904,0,High,0,89409249
-2.3775863528705266,-0.7472291695446889,1,Moderate,0,27719937
0.35749103067656357,-1.445602195532476,1,Moderate,0,87120279
-0.5282968917295047,0.8102664157774562,3,Low,0,1807713
-1.5617914567579636,0.0018584799110183143,3,Low,0,55901925
-1.7999568404710276,-0.24887239729942875,3,Low,1,80173494
0.5368091428609425,-0.1976963957850776,0,High,0,72027
0.07821112360319252,-1.0668138508351674,1,Moderate,0,2604141
0.15708533720527373,1.122185832416265,1,Moderate,0,68678073
0.30842806698906333,-0.3394094758876215,2,Critical,0,13263750
-1.8649845042588995,-0.7446990870977963,1,Moderate,0,2758689
-0.33421395175082164,-0.3110250542078572,1,Moderate,0,93976092
-1.7440951385252519,-0.44554192483790545,1,Moderate,0,24211863
-0.7817347202583319,-1.6886323286511595,1,Moderate,0,65163699
-1.6452773660586986,-0.18653194086076277,3,Low,0,23581647
-0.6804986999469987,-1.046693561642663,1,Moderate,0,90423333
1.6440180250599832,2.7617517618374423,2,Critical,0,82073682
-1.0076359601365552,0.7252298116052096,3,Low,0,111405294
-1.359038253527043,0.8398208114612636,3,Low,0,18024669
2.5248930396178215,0.3100447661283688,0,High,0,103834458
-1.5679996578863797,-0.2942683920272006,3,Low,1,21303693
0.8790230954897844,-1.3161707435361043,0,High,0,2804733
-0.8320074744404896,1.4279371911036836,3,Low,0,95106312
-1.605005673735515,-1.4216322982514247,1,Moderate,0,94147587
-0.18884229212563589,-1.361297939060785,1,Moderate,0,67557762
0.9757907088034211,-0.13285863309017698,0,High,0,89973036
2.2736933299823137,1.742449022434075,0,High,0,98594235
0.563193885762976,0.9526013534656586,0,High,0,87977169
-2.07393394128732,-0.991907742559679,1,Moderate,0,1939779
4.433860524188891,0.6068948663622749,0,High,0,4919247
-0.044732538863506394,0.3169474920588321,3,Low,0,99230121
-0.6245908726635426,-0.24328884128088044,1,Moderate,0,51081858
0.9386810129149157,-1.3347373746490319,1,Moderate,0,43506036
1.650172295709827,2.6971176228648,2,Critical,1,88533495
-1.8282603960011874,0.6758626125556783,3,Low,0,86293323
1.5002414825012875,-0.5908587889017113,0,High,0,23302314
1.6181886514756774,-0.12715665423792027,0,High,0,181166180
-2.473785656509165,-0.8619041790607413,3,Low,0,24276726
-1.9221819768479689,1.9280908092409257,3,Low,0,57840633
-1.1083992226772938,2.3477628940300805,3,Low,0,161389319
-1.8805129536297953,0.24281271602149287,3,Low,0,24327378
0.2258825312786008,-1.955335711667907,1,Moderate,0,47655090
1.9824089681980799,0.7949974601423115,0,High,0,92330604
4.021670394390692,-0.5933856270050025,0,High,0,25138935
-1.0332299674782233,0.6242689141782377,1,Moderate,0,97010046
-1.292726982347767,-1.4260450406322895,1,Moderate,0,24583986
0.3465436135602546,-0.18964889394988063,0,High,0,14909049
0.16777960853587223,0.11541525084747431,1,Moderate,0,84468114
0.07391457680991337,0.44915375655446926,1,Moderate,0,5203485
1.0759225560322236,0.4919836231184223,0,High,1,43906275
-0.8078145093076681,-0.7919889804788799,1,Moderate,0,23519088
1.6457735767908308,-0.1442857963613259,0,High,0,93412458
0.21813313059278244,0.8238122260566245,0,High,0,1257759
0.09133067950570467,-0.980730386462142,1,Moderate,0,23956011
-0.6516324362595709,-0.5873181594763731,1,Moderate,0,72759393
-0.0979458579482608,-0.8544519258186367,1,Moderate,0,74649348
1.1743928496198321,-0.3479465602523641,0,High,0,99148338
-0.1382813329855489,-0.1958785320421505,1,Moderate,0,34185933
-1.3474618525720687,-0.39384805730273126,1,Moderate,0,8432703
1.1837781540392345,-0.4265607039625992,0,High,0,45762615
1.5796266061817887,-1.418966808029828,0,High,1,13263750
-0.3498780131613237,0.4877556474028966,2,Critical,0,98093538
-0.7326179378067057,-0.3840903559755316,1,Moderate,0,22757949
-0.7762147633099269,0.1977367243907082,3,Low,0,95883228
2.32756742562934,0.1363131648065106,0,High,0,25606224
-0.48700207680680985,-1.3223046688754208,1,Moderate,0,90223173
-0.8170262054487262,-0.5669592949816659,1,Moderate,0,18796203
0.769072134119112,0.5963977987473277,0,High,0,2827827
2.470089626782349,-0.015404610477906767,0,High,1,45984357
-1.471843445823349,-1.079074858963949,1,Moderate,0,12184452
-0.9635291533029029,-1.4136622451848626,1,Moderate,0,104056074
2.206651570143214,-0.6081647380770198,0,High,0,86489856
-0.0937431982020559,-0.26101938163473315,1,Moderate,0,41662431
0.9566823636927887,1.3501690767861998,2,Critical,0,89973036
-1.0336361406767436,-0.07802314491449006,3,Low,0,24568794
-0.010838380849688252,-0.678246024625767,1,Moderate,0,34656399
0.4002659866459222,-0.6275254970480811,1,Moderate,0,33122574
-2.3819264060292964,0.7232574659526282,3,Low,0,3535371
0.9978644831042895,-1.0570569075914191,0,High,0,40935762
-1.538964065229844,0.1361085922214844,3,Low,0,92545119
-0.5008601650888312,-0.6398385437065572,1,Moderate,0,85158243
0.6269043176449355,-0.8822936102124156,1,Moderate,1,2120220
1.1269512628622465,3.4323219949049677,2,Critical,0,102960612
-0.2285062476872985,0.8179885882095211,3,Low,0,103492818
0.40894666795860923,0.8389968768363217,0,High,0,59216265
-1.6736505167958369,-0.11919478649415732,3,Low,0,90744840
-0.03880318500031549,-0.6680612680099058,1,Moderate,1,184186715
-0.6192051318873331,0.4104629006109942,3,Low,0,23303853
0.8661983259451556,0.07085989837247064,0,High,0,111314898
0.7141475270615693,0.3552932923957954,0,High,0,402471
2.1471808354027657,0.7417917280339357,0,High,1,416565
-0.7526556320294652,-0.9568298417930805,1,Moderate,0,72006030
-2.5564886574357817,-0.8991993813625445,1,Moderate,0,18753345
-1.0758110641363876,-0.5155291423660154,3,Low,0,6239583
1.7892601248493647,-1.6128194748842886,0,High,0,19138896
-0.06582666977141481,-0.49368300893216743,3,Low,0,31749930
-0.7617227866862479,-0.11552149414529744,3,Low,0,23590494
-0.3964208872215434,-0.09442347940440199,1,Moderate,0,72120150
-0.7935242759999526,-0.49757478949855,1,Moderate,0,41217957
1.130294294779566,-1.0154214584593586,0,High,1,5180076
1.8169330477184689,0.02964355354640823,0,High,0,34367490
-2.5216364952506045,1.0183482967097528,3,Low,1,104801580
0.6029219177711113,-1.044127779162727,1,Moderate,1,16516467
-1.0552176617406166,1.354813711304325,3,Low,1,5287950
0.4205582760223419,-1.5879028221006308,1,Moderate,0,95506605
1.8000601304862847,-0.6913258064305894,0,High,0,42984441
-2.5533667099916415,0.5859010914544395,3,Low,0,44324154
0.1946212098612885,1.8391241864546206,2,Critical,0,94106979
0.0006289668609937768,0.4316645701211586,1,Moderate,0,98074170
1.7767109566237749,0.331322468903519,0,High,0,100103841
1.1290502481148934,-2.022229356633469,0,High,0,38812941
-1.0991943666088093,-0.5816732051410817,1,Moderate,0,43724907
0.2847159456722078,0.5595166356450785,1,Moderate,0,40382109
0.7325411165264598,0.9757606489156851,0,High,0,693522
-1.8115425597905668,0.514785826821305,2,Critical,0,84353508
-1.814826040812552,0.224661379987549,3,Low,0,32535657
-1.2122175302084424,-0.321307443298868,3,Low,0,6417531
-0.8062200808938795,-0.1719900062155735,1,Moderate,0,4998663
-0.22139731846600275,-1.0265530835383163,1,Moderate,0,24370767
-0.19243886434699056,-0.9193945000218158,1,Moderate,0,39719664
-2.053408763471172,-0.3569068170739424,1,Moderate,0,101212200
3.723584012452214,0.004954397719952932,0,High,0,32307021
-1.2468850204670492,1.7309554251684345,3,Low,0,55759509
1.7822851396534254,-1.178996966843239,0,High,0,20662722
-0.9418325365766008,-1.256406746848072,1,Moderate,0,121635149
-0.572782054230276,1.2175527631698364,3,Low,0,42957747
-1.5189712479157897,-0.9123682912610249,1,Moderate,1,24587649
4.982250856161539,0.7236049507645972,0,High,0,4524696
-2.295947871672011,0.33232324604578933,3,Low,0,78129630
-0.9927558524069242,-1.8786158544362963,1,Moderate,0,65530071
1.8609055225113638,1.7435401697633508,2,Critical,0,23402142
3.218935309679967,-0.6468294657556103,0,High,0,95102586
0.12424553841582275,-2.1551128005566897,1,Moderate,0,103577274
-3.0138038999242256,-0.07026426998314282,3,Low,0,59396490
-0.5167161631263852,1.9840544698522862,3,Low,0,143346317
-0.23128515089691487,10.00012367922078,2,Critical,0,90489195
-0.2677110518989119,-0.16553252998716947,1,Moderate,0,73058634
0.4961743351889517,-1.019964100180749,1,Moderate,0,86089509
-1.650281463163814,-1.31881485788924,1,Moderate,0,42104790
-0.29354499457282623,-0.42516044021804017,1,Moderate,0,42723954
0.3572266044803865,-0.13807598866451642,1,Moderate,0,294273
2.4835116496255107,1.1617803170688545,0,High,1,114426036
-0.06666289136933622,-0.6335708770367527,1,Moderate,0,25641630
-3.519622081441877,2.1493108118277093,3,Low,0,23895135
0.8961207407137424,-0.2990373726304165,1,Moderate,0,153083642
-2.3219183731579816,0.29226907802896374,3,Low,0,511623
1.4182716745645092,0.035709306107612776,0,High,0,88020675
-1.5506747325319017,-0.49819837120317806,3,Low,0,44191359
-2.398548545998558,-0.20611747648506026,3,Low,0,153447044
1.3821563836516462,-1.5576880888048916,0,High,1,98168040
-0.6414856586422173,1.6296758666780455,3,Low,0,55325817
-1.5141986779375423,-0.022910062436864647,3,Low,0,343548
2.380480607569988,-0.40268202846800566,0,High,0,91119231
-3.3627388947362373,0.5496786532053504,3,Low,0,19159767
-0.17138122856506097,-0.3655645079756284,1,Moderate,1,24483078
-2.753198749371119,0.10965558340968892,3,Low,0,4514301
-2.6631575975531128,0.9739246903170107,3,Low,0,89622648
-0.8608881882531122,-0.2737111476457339,1,Moderate,0,23539518
0.29375016373250806,0.5373799973932732,1,Moderate,0,84909942
-2.6133242292253134,0.21720602155398855,3,Low,0,4568796
2.102840090777219,-0.23748063839667208,0,High,1,65714094
0.8959373962788356,-0.30980534950547545,1,Moderate,1,23833737
-0.8691995775443575,-1.4597274977094254,1,Moderate,0,53669385
-0.9039123515503309,-0.40781176972416305,1,Moderate,0,15853950
1.970104344654374,-0.5791840524511114,0,High,0,52371513
0.8998719986640988,0.9192888427392544,0,High,0,23312772
-1.6193056145094593,-0.6021961790711473,1,Moderate,0,18266751
-0.222340653909815,0.5611649888628791,1,Moderate,1,43936722
-0.6480621436359015,-1.6117399940580828,1,Moderate,0,105207957
-1.8029649523141698,2.279258269922433,3,Low,0,113912100
-0.8496879920055115,-1.0232779535881384,1,Moderate,0,18497115
-0.3499059051046373,-0.6259088587962278,1,Moderate,0,59161185
0.840418505262867,-1.213710425335689,0,High,0,103370940
2.310823855954332,-1.446466918270138,0,High,0,1957212
-0.1800124676508162,-0.7790726274343505,1,Moderate,0,23607054
-1.4844798285822298,0.31471991699151786,3,Low,1,1411479
0.3609132652313004,0.40081196786606893,1,Moderate,0,112750830
1.7375689652972057,0.9745054544724538,0,High,1,42557265
0.695245369101746,1.6299842122494217,2,Critical,0,79688772
-0.15456147963539227,-0.676309329788057,1,Moderate,0,4277358
0.7075755857791666,-0.10201241826594194,1,Moderate,0,95434488
-1.0446357836899505,-2.139533750176544,1,Moderate,0,81509589
-0.22895423451341743,-0.8849048931408553,1,Moderate,0,13526874
0.8231142665271682,0.7093083235429818,2,Critical,0,23584023
-1.5813984904251033,-1.0177128077816735,1,Moderate,0,7656030
3.3165230929567637,-0.3231548660778123,0,High,0,311157
1.0951913584857023,-2.0416010150418202,1,Moderate,0,29758446
1.0295228783447439,-0.26377200734522477,0,High,0,87545241
1.6141781178868253,-0.22682748076678655,0,High,0,92408634
1.7494340192313629,1.2385281698440487,0,High,0,24495102
-0.9132705314027326,-0.6632233483641067,1,Moderate,0,67787811
0.4960523509812124,-0.9937385938626597,1,Moderate,0,2736549
-0.9284352726790581,-0.8922889762064766,1,Moderate,0,34020945
-3.0437364917879797,-0.7657242856100852,3,Low,0,23488830
1.0596130335956333,4.002806650159244,2,Critical,1,79729218
-2.0202602641846727,-0.325126562997071,3,Low,0,4963977
-0.7909299105498738,0.43558890722653515,3,Low,0,5359419
0.296210008895308,0.6143734949964363,0,High,0,85182138
-0.037521667737541384,1.1239582388070186,3,Low,0,55806282
-1.3971141224961992,-1.9248376765842183,1,Moderate,0,45665433
-2.0945914116045046,0.7499820389496346,3,Low,0,15586650
2.705784720257327,2.2313045440624357,2,Critical,0,93226005
-0.18168571256383817,-1.0812619202992255,1,Moderate,0,6466167
0.8982813721809804,-1.0402798180714024,1,Moderate,0,6648975
-3.108699935534119,0.5836418550431568,3,Low,0,74261313
1.3239151963953362,-0.645473353714686,0,High,0,51626898
-1.129219474731818,-1.1399155254659292,1,Moderate,0,71689914
-0.22229347629212065,-1.4204508004032994,1,Moderate,0,23954175
-0.7533047138756004,0.47462522190113204,1,Moderate,1,2544561
3.454266860395566,0.37299825242880924,0,High,0,100563435
-1.3968978368085485,-0.9582362023756572,1,Moderate,0,91363257
-2.8346610032831845,0.8953290849192522,3,Low,0,5027454
-0.9535582570171817,-0.8716111145788017,1,Moderate,0,88749315
0.3869650158273949,-0.1575272341273429,1,Moderate,0,85488858
-0.4607906019771849,0.32905551920680537,1,Moderate,0,94344003
0.1652035305596685,0.20981814859225376,1,Moderate,0,24485670
-0.022214048994389137,-0.08780913731378726,1,Moderate,0,16013538
1.0114805759122685,-0.06064102989953408,0,High,1,102669939
-0.138217537298976,-0.1907343951644704,1,Moderate,0,86806836
1.7152010736392747,-0.21043384100865692,0,High,0,90416178
1.339596123664966,-2.09775000048397,1,Moderate,0,89956638
-0.04854770095757283,-0.7107893494362626,1,Moderate,1,52698168
-1.7874640617250483,1.7161595471145112,3,Low,0,47549160
0.959734227713079,-0.4512860030914178,0,High,0,46498518
-0.19488359885341072,-1.1050634386470137,1,Moderate,0,104960817
-1.1027274213009093,-1.6386685263227458,1,Moderate,1,109567593
-1.9183040985871547,1.1216683211114906,3,Low,1,41792733
2.9205043889947917,0.17470895951276397,0,High,0,63459072
-1.1863072953511749,0.6328777726739214,3,Low,0,21546099
3.9104482040404207,0.021619767010207677,0,High,0,42673770
-0.853763788878697,-0.5932620348765297,1,Moderate,0,98621181
1.961412036288778,-0.08131508576658006,0,High,0,69715665
-1.091131488470949,-0.5526778645414162,1,Moderate,0,24433128
-0.0630072585246593,-1.0734458421247763,1,Moderate,1,56889162
-0.7084314580011499,-2.241463679934411,1,Moderate,0,142203308
0.4683387646749471,-0.7667845872233312,1,Moderate,0,23578182
1.024244018364646,4.342396823432127,2,Critical,1,93299553
0.8158535517288518,-1.4454622415627427,1,Moderate,0,46946367
-1.0096352778146802,0.6132978807072675,3,Low,0,88639884
1.9455422311211807,0.27778844816399506,0,High,0,92408634
-0.8634349433167623,-1.6629629334872065,1,Moderate,0,103052844
0.8610532215505217,-1.2537528766800616,0,High,0,15734493
-0.16015928198308546,-0.3413562420009619,1,Moderate,0,34449615
0.6651084430952255,1.7263791302289466,2,Critical,0,88059915
2.4612532822824753,0.5231550604872398,0,High,0,7067862
2.3263308635886877,-0.08924497076460902,2,Critical,0,23340951
1.9948952912943088,1.3885785244315072,2,Critical,0,42317298
1.8543910829439114,-0.3640298789826399,0,High,0,85250952
0.07950232794825524,-1.640551698819945,1,Moderate,0,24251733
-0.8573498554594573,0.4083681678504465,1,Moderate,0,23788134
1.32335903327671,-0.7745901131129092,0,High,0,2152683
1.6029851466926883,7.101213597064431,2,Critical,0,88785891
3.536567028138696,0.20904338810909426,0,High,0,1823346
-0.9214587783742244,0.7347054143733234,3,Low,0,87536763
-0.25657083485158083,-0.27664275343319583,1,Moderate,0,71799435
2.8858143420296676,-0.4005949595077425,0,High,0,95506605
-0.042129630679452745,-1.3018588589613689,1,Moderate,0,32009508
2.1013068655328047,-0.6684399095429713,0,High,0,8850582
-1.6179010132225804,-1.3547166969187856,1,Moderate,0,24234012
-0.21923955640818563,-1.9359386068142415,1,Moderate,0,89208225
-0.7392792616328855,0.06611205356339453,1,Moderate,0,38555514
0.34614644270184464,0.26404547929539074,1,Moderate,0,110819016
-1.888184918681796,1.551332931463769,3,Low,0,104821020
-1.261661270875295,-0.9407397232863188,1,Moderate,0,23321979
-1.4088379010830987,-1.2310564775500974,3,Low,0,20115594
0.916270848354995,-0.8237615083885564,1,Moderate,0,6832953
0.007512738762223545,-1.3790895447650766,1,Moderate,0,23559525
2.4167731407151036,-1.0708614438159696,0,High,0,45030807
-0.6701475234912575,-0.23987234310919536,1,Moderate,0,17273673
-1.4653997547506785,-1.9278801143123605,1,Moderate,0,35212824
-0.3002066437248009,-0.16354699985783047,2,Critical,0,114139287
-0.36009420996046815,-1.6312511631730797,1,Moderate,1,18084114
-0.10055363315004148,-0.8874811877625637,1,Moderate,0,40479021
-0.8358079238622248,-1.120699390782866,1,Moderate,0,103832127
1.2846735439424537,-1.7371498750030991,0,High,0,4962618
-0.45385125894441586,-0.33387626929512476,1,Moderate,0,44403084
-1.5247218556781146,1.1018320902907222,3,Low,0,105590169
3.3667938581561385,-0.610650654394522,0,High,1,20284227
3.0581371677903126,-0.8153387577744693,0,High,0,46190727
-0.07407700511671661,-1.072583457814454,1,Moderate,0,2940165
-0.6673217282217524,-1.5613391683174065,1,Moderate,0,29948877
1.4687903102219013,-0.46169701426170145,2,Critical,1,23559525
-0.5100206481247916,0.6072630478582882,3,Low,0,44127414
1.1709942413655179,0.21906304654386524,0,High,0,42159663
-0.3773468059541222,-0.21571942921794007,1,Moderate,0,113223627
0.3280134869993528,-0.1439804379878729,1,Moderate,0,102145977
-0.1460878731250607,2.650072114734544,3,Low,0,52311078
0.5526083524583436,0.11929628020600398,0,High,0,58091211
-3.1611854472432994,2.0253883554274066,3,Low,0,41381262
-1.2625108532848957,0.6224730347221654,3,Low,0,40720986
2.847941104604947,0.6331810885244941,0,High,1,3771855
2.075637394472866,-0.011552833146852166,0,High,0,23313303
0.014311366673286603,1.3632018491537636,2,Critical,0,84377043
-0.6285881991426484,-0.6411412773557761,1,Moderate,0,25330446
2.5834810796143772,2.1652713185564,2,Critical,0,41009535
-0.2503019766065012,2.329357733203781,3,Low,0,59016798
-1.7235251580793012,-0.55503574657563,3,Low,0,109026207
-0.7091172090142275,0.02296868482138836,1,Moderate,0,88342785
1.3460762310843022,1.2791101279707762,0,High,0,102970053
-0.0843533913367764,2.686232113943239,2,Critical,0,93299553
-0.2111513447507838,-0.2875614722062578,1,Moderate,0,42632568
-1.1143988252851509,-0.7224689130229981,1,Moderate,0,94072221
-3.3515740965168703,2.938584298435436,3,Low,0,20633895
0.043973745033611705,1.1876875541958438,3,Low,0,41324283
-1.039328726075165,-0.9784006686024851,1,Moderate,1,23825664
-1.1304076354607875,-0.42459426889947666,3,Low,0,25440489
-1.4374219711071439,3.2842643121816018,3,Low,1,39878343
0.9253685024711101,2.177112013829412,0,High,0,42703308
-0.9392378545772943,-0.5106469770633395,1,Moderate,0,23833737
1.1818871373937982,-1.2628941588607252,0,High,0,145664834
-0.17226428424687082,-1.2864073952341397,1,Moderate,0,54277263
0.18158684544901954,0.005287903208169799,1,Moderate,0,85058919
-0.47368649738523005,0.8230496374175305,3,Low,0,33914844
-0.3803152596080046,-1.275959460979821,1,Moderate,0,141357713
-0.4871390296252037,2.428306571720488,2,Critical,0,2448531
1.156527189800496,-0.4806645305781972,1,Moderate,0,112851936
-2.417921716997493,-0.4879691890316135,3,Low,0,18244899
2.018461440423206,-0.49950457199162074,0,High,0,101537820
-0.29200653148519995,0.5496547110865996,3,Low,0,92866878
-0.346463745116834,-1.1651696030110221,1,Moderate,1,23539419
-1.5017576038810225,0.7827045479747292,3,Low,0,16761915
-2.4540781110555505,-0.1488742228071593,3,Low,0,82339443
0.7571699362685527,0.2609626408466086,0,High,0,24603057
2.38064519308972,2.143577022097832,0,High,1,92158929
-1.8528006176501732,-0.5653127946613693,3,Low,0,73253997
0.12358674900046357,-0.7957497829610206,1,Moderate,0,2567124
0.694928186282205,-1.3987317622886837,1,Moderate,0,32436378
-0.015197305406126509,-0.8446849130566372,1,Moderate,0,9569331
-1.063336474850316,-0.6628461051760324,1,Moderate,1,67577796
-2.2032728090403984,0.4563884362999319,3,Low,0,10641267
-0.321680679921662,0.22518231486278614,1,Moderate,0,91880352
0.9742125495407924,-0.5819924427833534,0,High,0,3050865
2.0443176682409354,0.6523752104903067,0,High,0,79214967
0.43003563198444156,0.44286890617400004,0,High,0,59085000
0.6784200087224818,-1.5262798261408752,1,Moderate,1,94887504
-1.5421100182723149,0.9231446441555702,3,Low,0,5159286
0.5485314645686404,0.6589589821049303,0,High,0,134272103
-0.004383811755016732,0.10868261903114829,1,Moderate,0,63714096
-0.2794461740909632,-1.264258452212861,1,Moderate,0,100692441
-0.1100354810781989,1.0684550918685096,2,Critical,1,41521959
-0.0746525568190519,2.1012198069985644,3,Low,0,23424435
-1.2697809871193804,0.3383759686656748,3,Low,0,23248602
-1.5411953189430792,-0.9855089296363597,1,Moderate,0,109557774
1.8569108818336968,-0.3084894958551843,0,High,0,26106651
-0.5678752977488254,0.2118303239346029,1,Moderate,0,1748466
-1.3097314183670379,-0.8387550157918445,1,Moderate,0,86411430
-1.211044208010345,-1.246118894281306,1,Moderate,0,100004139
-0.7350251064349435,-1.2735665942263632,1,Moderate,0,82608723
-0.6711023414277987,-0.5774550866002163,1,Moderate,0,41911632
1.4242597812921025,-1.334069193815712,0,High,0,82170
0.11589588211771229,-0.7772459106059549,1,Moderate,0,66443040
1.2343468996465725,0.07153158854940628,0,High,0,1306746
0.6393533611754051,1.2105091843801339,2,Critical,0,106914321
0.7112556414448622,0.25032046324197144,0,High,0,71773551
-0.23053395354094197,0.5333242082052383,3,Low,0,37687518
-0.4147233844680027,-0.8484302498380576,1,Moderate,0,21134025
-0.03309728835153346,0.16558502281878842,1,Moderate,0,23785227
0.003769851842186256,-0.8636885437147737,1,Moderate,0,58289544
0.8690671527192781,0.45721037521758484,0,High,0,23239215
-0.1987044805597801,-1.1370995548756146,1,Moderate,0,59777676
-0.3480222851616979,1.4480075917803938,3,Low,0,23042988
-0.5532372619962168,-1.1753908736430743,1,Moderate,0,87536763
1.3267323624233975,0.24552657410255138,0,High,0,43059276
-0.8803381514322269,-1.2276117330263334,1,Moderate,0,137916
0.1220939132431972,0.06892719515544402,1,Moderate,0,21103137
-1.7024921144446734,-1.2633036904238795,1,Moderate,0,86136426
-0.9517679741387759,-0.393665582546389,1,Moderate,0,41557761
-0.3532932859679327,-1.0068047404188116,1,Moderate,0,2527776
0.8709439253106891,-1.30254322133115,1,Moderate,0,51592239
-0.04471381208549295,-0.8731321988046088,1,Moderate,0,24383520
-1.308663541828686,-0.5366416755235056,3,Low,0,23935473
2.1732869797229726,-1.1320256445748313,0,High,1,38518065
-1.4967095763318432,-0.7654188777347416,1,Moderate,0,30214287
-0.8994893270364406,0.820474514406801,3,Low,0,25102818
2.579493237404936,-1.3836382252027304,0,High,0,46299789
2.932906653351893,-0.37914911171920923,0,High,0,42957783
-1.301904468596896,-0.0844096961385346,3,Low,0,4267926
-1.7924734083573095,0.28225874457515876,3,Low,0,744039
-0.6680116201930214,-1.437156209718874,1,Moderate,0,42413706
-1.7156823882240466,-0.32032613993543796,1,Moderate,0,46845711
2.0568248080274762,0.887211249128973,0,High,0,107313273
-2.1340048901013313,-1.2611597008009956,1,Moderate,0,86293323
-1.5714149609919563,0.25245483846139805,3,Low,0,42520077
-1.311853373463366,-0.6516104090522444,1,Moderate,0,109461447
-1.8356800672818239,0.5392110967618156,3,Low,0,41630274
0.3468757065104835,-1.3645187265613619,1,Moderate,0,40608414
-0.5246521376254141,-0.6990160901971131,1,Moderate,1,27757386
0.26964145562027286,0.8773477426657077,2,Critical,0,84524355
1.6174214761600731,0.04344038410005631,0,High,1,103129479
1.3973827333790392,1.4593277613330373,0,High,0,37010466
1.344320684330299,-0.6657737128966605,0,High,0,66545910
-0.644502513789483,-0.25612293946067405,3,Low,0,7882857
1.9967706880848035,0.5804060567464208,0,High,0,35052723
-0.7880061403082473,-0.6754552608840484,1,Moderate,0,2707236
0.6424747291503021,-1.59361004345613,1,Moderate,1,86411430
-1.7696049084978331,0.4628838638356872,3,Low,0,60717555
-0.3414538263597219,-0.013315200893547357,1,Moderate,0,44032095
0.039481920056645865,2.9417692211727346,2,Critical,1,23643405
-1.7076209210603202,-0.37614615464488615,3,Low,0,14308434
1.8508778376225976,-0.4851463656207325,0,High,0,36709371
-1.3224444143898944,1.202267376845526,3,Low,0,37727991
-1.3481004907115417,-0.5560325943860351,1,Moderate,0,63934569
-2.5017616445085555,0.03092781965863813,3,Low,0,17254098
0.8394831009377386,0.9215021203488847,0,High,0,66178701
-1.997423665075003,-0.39090823497234184,1,Moderate,0,60712569
-1.0496558248814165,-0.1895300333051134,1,Moderate,0,58101228
0.11369850988143657,-0.6481285788639227,1,Moderate,0,51023115
2.323929139541259,-0.2829924549034886,0,High,1,96632532
-1.8746518850278162,0.38108285025600647,3,Low,0,91565694
1.6595783588158128,0.38464914634942543,0,High,0,82532907
0.025921879189814707,-1.3525719057040664,1,Moderate,0,93907962
0.14105345968775573,-1.053123158472809,1,Moderate,0,9328905
-0.7485399495516816,1.6346139170591727,3,Low,0,40502115
0.8732725129261003,1.2635254567125573,2,Critical,0,85744773
0.5209696079184357,1.4093522786024584,0,High,0,24260283
-2.6893863857756597,0.1424843344093762,3,Low,0,66578967
1.2210491192857045,-1.3498239764383322,0,High,0,32950089
-1.9125249208386954,-0.43515330562665494,3,Low,0,2593521
0.6746027018492176,-0.693457035318162,0,High,0,90672660
-0.06668056553855528,0.19648302160320139,1,Moderate,0,66746169
1.1999248921491055,-0.3537982204376568,0,High,0,43828560
-1.072947579047851,0.12731739567205488,1,Moderate,0,33574887
-2.4941586749984634,-1.7107046455883888,1,Moderate,0,94199130
-1.1067594343244769,0.8225432906164704,3,Low,0,84696894
1.8817566161191686,-1.4668703709238915,0,High,1,23677434
-1.368915563171575,-0.6741378769748907,1,Moderate,0,113802030
-1.9337858540888893,0.7820133468821986,3,Low,0,4093299
1.6331880150190206,0.5881722326080403,0,High,0,44957844
0.25651135494004124,0.9666901734243831,0,High,0,73394703
0.08636322077723174,1.880592904784617,2,Critical,0,92417724
0.23828665145858247,1.5472809854425116,2,Critical,0,84314358
-1.2497761366469045,0.5278615867854075,3,Low,0,43913259
-0.4914338097362281,0.8873766503785018,2,Critical,0,63937845
-1.5765795347927347,-1.4727226711191415,1,Moderate,0,24535908
1.0730144095082443,-0.3953664886530963,0,High,0,24300927
1.6099945825058786,-0.7819404580482763,0,High,0,73015425
0.20774818988507193,1.3702881093046604,3,Low,0,39096045
-2.31531104288587,-1.3716893031273811,1,Moderate,0,60450075
2.1858384760911473,-0.10954136032644185,0,High,0,13918554
-0.15428145704030818,-0.3738080467781541,1,Moderate,0,46338435
-0.33042891733602875,-0.1485372249565964,1,Moderate,0,86432229
-1.3309263899469594,-0.6586643893841284,3,Low,0,25379550
-0.30705513481465063,-0.6279131000465427,1,Moderate,0,61438419
0.6082351982611147,1.1221696850166727,0,High,0,23239215
0.5947824961001498,1.7086481714812185,2,Critical,0,70944795
1.1493965266648387,-0.858441023072676,1,Moderate,0,23940378
-0.4439201594118042,-1.7458802867602887,1,Moderate,0,153083732
-0.964587115160696,-0.1369490268595636,3,Low,1,74101230
-3.762461302683741,0.0676607086125149,3,Low,0,3160377
-1.668372666200481,1.195677200547732,3,Low,0,462537
0.17300671027428072,-1.5480619071008301,1,Moderate,0,79574382
0.6850916383466021,-1.7803415823564177,1,Moderate,0,77999679
0.6483356299937099,-0.5286478121370323,1,Moderate,0,1100547
1.5791522203016402,-0.407900987223498,0,High,0,23674986
-0.10753566247917895,-1.3018517450437965,1,Moderate,0,86544855
0.1874744260795237,-1.1644879544098212,1,Moderate,0,23320071
-0.889090666201304,0.10202951037917003,1,Moderate,0,3878073
-1.905383972154104,2.0676754961973725,3,Low,0,81912366
0.3159476474825385,-0.9426099261454247,1,Moderate,0,63863559
1.6082334674401153,-1.131991633429312,0,High,0,25007112
4.29322598628613,-0.12066432439869107,0,High,1,22936518
1.1674160655124095,0.5085153573345896,0,High,0,132261206
0.7583719301819306,0.08680715054165652,1,Moderate,0,79856019
3.045316958480295,1.0875226612443858,0,High,1,91842345
4.96638528055843,0.5275531580833893,0,High,0,23784021
-2.5001375692300587,-0.36135726194859885,3,Low,0,2807802
-0.6500787332131808,-0.812673257829372,1,Moderate,0,1892088
-2.3304738092073505,0.5569452072243614,3,Low,0,113871915
-2.0652256140149685,0.2815996534364002,3,Low,0,126413303
-0.31919160378179245,0.4599559996998108,3,Low,0,79001541
1.401036211307274,1.209076944072063,2,Critical,0,95848389
1.0189695615039331,-0.39336384249603634,0,High,0,25262649
0.3222081180653668,1.4417872062563506,2,Critical,0,69627186
-0.5814072938341145,-0.8163578251241544,1,Moderate,0,32835762
-0.7564657297833356,-0.3241601579274097,1,Moderate,0,24835320
0.27343135955712955,-1.1194915759453217,1,Moderate,0,45886653
-0.6033050852101126,1.0870895160104168,3,Low,0,112105143
-3.654999434215426,0.806938095346498,3,Low,0,6726015
0.11930303303605792,-0.5039773947850469,1,Moderate,0,51422310
-1.710875229824461,-0.2838844241079185,3,Low,0,20756547
-1.9229005855813606,0.7618981353575746,2,Critical,0,41744394
1.9133750706716326,0.175731448438673,0,High,0,47674773
-2.7981345996069886,-0.018440690662399183,3,Low,0,48903525
-1.145757577336094,1.4906654894843887,2,Critical,0,23858037
-0.3469995635421954,-0.7483195899869358,1,Moderate,0,104334372
0.0968284004512251,0.20784523126034563,3,Low,0,111179124
1.506362312440365,-0.38442532840322624,0,High,0,41021298
1.9357959901826736,0.012459265849802382,0,High,0,187157561
1.2832004728468316,3.5023686542803474,2,Critical,0,67194522
-0.22947270936908346,-0.3194987245080018,1,Moderate,0,54452511
0.5069115594859464,-0.6347870028308451,1,Moderate,0,33413238
-1.9058542113551606,1.5107290424352495,3,Low,0,1149777
-3.1044275174440896,1.422602921229507,3,Low,0,64334448
0.2612414865774684,1.1942581763610038,2,Critical,0,168246
1.3719283485338114,-0.06031220333201688,1,Moderate,0,23829579
1.503387873992661,-2.120263375292799,1,Moderate,0,93710232
-0.3080473067505103,1.02621043246805,3,Low,0,20491884
2.52940375650506,-0.3277137115668503,0,High,0,44007453
-2.219823191133194,-0.165207536331237,3,Low,0,4480560
-0.008435937192832026,-0.10159420590655717,1,Moderate,0,114314355
4.539670459460468,-0.24275707465704352,0,High,1,136061303
-0.8739728241992966,2.5526602573718056,2,Critical,1,41430294
0.8080650572214849,0.4319613598478764,0,High,0,55796787
-0.8597257582083836,-0.7612716797343378,3,Low,0,58937517
-2.448074330669746,0.6723582286685267,3,Low,0,5556159
-0.43763643183242584,-1.3008458256347022,1,Moderate,0,94422969
0.8628779975932832,-0.9427788329785338,0,High,0,15605397
-1.9790140077072784,0.4319773641402533,3,Low,0,86431698
0.12712153274846336,0.23323249629600507,1,Moderate,0,23644422
0.974386616396033,-0.29063978070442,0,High,1,21439818
0.9498628260890457,1.0043532533403667,0,High,0,23935608
1.0801339045572769,-0.5491807627755848,1,Moderate,0,40864113
0.4427463488125532,-1.7695065311053155,1,Moderate,0,48264381
1.616287087787563,1.6817184306081514,2,Critical,1,34838856
0.37311544949758946,0.3136105680510302,1,Moderate,0,87030189
5.523314101144002,0.18403565119471746,0,High,0,59687163
-0.50355748587511,0.008340664009243933,3,Low,0,5660415
-1.9705168584335657,-0.47586023540600686,3,Low,0,4064895
-0.8881314875743913,-0.4414984932210562,1,Moderate,0,40413546
1.0515506583035326,-0.43770551089905324,0,High,0,83737026
-0.5750877025978396,-1.788269892341764,1,Moderate,0,41402214
-0.09458026780963433,0.4932111466801708,1,Moderate,0,24321951
-0.15793426583541176,-0.04713026389465691,1,Moderate,0,92776806
-1.2558697120299989,-1.9597544970726544,1,Moderate,1,61293159
-0.420227172066125,0.24267720917328633,3,Low,0,73285398
-1.4244964235795057,-0.15157853835840787,3,Low,0,5128038
-0.37953042204521753,-0.31486888189060924,1,Moderate,0,6579738
0.27490687785373447,-0.6883692032001911,1,Moderate,0,133473533
-0.41163840322972817,-1.2026912988160867,1,Moderate,0,41152905
0.5268869268578654,-0.5977546194737846,1,Moderate,1,122426906
-0.7982601843728834,-0.3777033814501725,1,Moderate,0,103527432
0.529464403098277,-1.3561286987640129,1,Moderate,0,74643543
-1.8742749935152276,-0.013151631490863082,3,Low,0,108840321
-0.009642661148841651,-0.30987490276129726,1,Moderate,0,98613918
0.9151540804229781,-1.1653724960366827,1,Moderate,0,65730456
-0.028507105830109254,-0.985229169155258,1,Moderate,0,25170570
0.8440036727795827,-1.0582108823923835,0,High,0,81203940
-0.4602771673933168,-0.33423581234921845,1,Moderate,0,185028881
-0.37577252020229684,-2.0807680232094676,1,Moderate,0,46026108
0.42135327182410826,-0.6366719077950755,1,Moderate,0,3911508
-0.42303964560324553,-0.7366848874358306,1,Moderate,0,71984043
-0.6928015078849974,-1.7959386277375466,1,Moderate,0,38278530
-0.21071222174161752,1.5352307745823743,3,Low,0,102407841
0.4367809873494623,-0.65926693588623,0,High,0,11846358
-2.108190462836997,0.8554462829380892,3,Low,0,25279605
0.4601620957985248,-0.9666471753776398,1,Moderate,0,23638194
-0.745266329014462,-0.8582577726209398,1,Moderate,0,102529980
-2.364123957952255,2.6429652191466664,3,Low,0,64955232
3.9188932215550776,0.14983120226963884,0,High,0,86113701
-2.4007515745510264,1.1756691996072068,3,Low,0,75697038
-1.2588527063920918,-0.010709219167080796,1,Moderate,0,56439423
-1.101658710478445,0.17945055745092853,3,Low,1,50228928
-1.27584777916495,-0.7440307377784782,1,Moderate,0,23426694
0.19210319993715358,-0.06793868948645665,1,Moderate,0,85243185
-1.8489729242148638,-0.41392831079581743,1,Moderate,0,36243738
0.1775844444650224,-0.14024666158158317,1,Moderate,0,60004332
1.4019566889038146,-1.2007190417140918,1,Moderate,0,92990970
-2.4977057328492345,1.357770018279506,3,Low,0,39704805
-0.6586205965200346,0.6733238768181687,3,Low,0,47549160
-0.7335594378492772,-0.7759031276661884,1,Moderate,0,141452798
1.0497849398481827,-1.375222100353936,0,High,0,6209478
-1.3978580119449373,-1.3829808796608325,1,Moderate,0,105589980
-0.1485853042806557,-0.9364803956350938,1,Moderate,0,127050458
-0.05577161352260028,0.8749588155952618,1,Moderate,1,138377075
-0.23099331585137783,-0.025153742022697937,1,Moderate,0,94223367
-1.7065536065097884,0.2774063840578299,2,Critical,0,41569434
0.4152842462714926,-0.6739805249959867,1,Moderate,0,59598810
-2.2106026116111024,1.1649014931982895,3,Low,0,29882610
0.5092849853412623,0.8816873727740209,2,Critical,0,41662431
-0.38908043604683934,0.5787153204928649,2,Critical,0,51704640
1.1842529974717382,1.727461994822553,0,High,0,58267827
-0.7291874065674742,-0.05418338230206397,1,Moderate,0,84385710
-1.6774006917281175,-0.29535379360380176,1,Moderate,0,24934599
-0.6789747247863707,0.9650458797639796,3,Low,1,49329324
3.6261452670239214,0.9550001415778833,2,Critical,0,96035814
-1.2777481765558947,1.2084901325694872,3,Low,0,86599935
-0.9735966169986761,-2.3187406393529906,1,Moderate,0,42976449
1.7247527390413961,0.545268306579913,0,High,1,23927787
-0.40497379389381816,0.8377874586063856,3,Low,0,11210400
-2.1665835106767313,0.7928750680200333,3,Low,0,41192757
0.7299807093514045,-0.5254012633110264,1,Moderate,0,4948281
-2.3600863715551132,0.385402231085673,3,Low,0,108992916
-0.14851323971960018,-0.39304822523926236,1,Moderate,0,97669143
3.804562086246519,1.0145090613046734,0,High,0,90199872
-0.8429098057269186,-2.332082315423584,1,Moderate,0,109670661
-0.24836822410635656,0.31514928284387117,1,Moderate,0,3783915
1.4553886799674531,0.6207255589220858,0,High,0,16111269
0.05413889989287737,0.3966272485975071,3,Low,0,20853864
-0.012838374846013155,-0.9636297061559487,1,Moderate,0,88042455
-2.3996059686528075,0.3276637741831342,3,Low,0,77367420
-0.051944078461391555,0.7227189813523724,2,Critical,0,89763678
2.4068470666900548,-0.7319543982835142,0,High,0,5207157
1.4902469239481333,0.6440635637305548,0,High,0,433800
1.9696698331753082,-0.5178792863299683,0,High,0,23483601
1.5485817703644587,1.516565488588336,0,High,0,89939142
2.9200496189885525,-0.09305673782432189,0,High,0,89195967
1.2643561277090665,1.7855067964317985,0,High,0,59909715
2.303460755955177,0.9207547711405312,0,High,1,42405741
0.7617536739015995,0.4492355812119911,2,Critical,0,43001271
-2.1738496741089723,1.6180794593803647,3,Low,0,110918268
0.05432335408953074,-0.052750116682254086,1,Moderate,0,141503288
1.3796200760802033,0.18210211467601164,0,High,0,32033250
2.403325640783476,0.5460490704102606,0,High,0,49924638
2.1178964905524484,-0.15120983087166,0,High,0,5114619
-0.5552185154369541,-2.223949307218403,1,Moderate,0,61365303
-1.791633823638868,-0.7960705143527801,1,Moderate,0,26052840
-0.1688296841572053,-0.04188147730542908,1,Moderate,0,196578
-1.0758606185903008,0.744559849385543,3,Low,0,101826702
1.8934125555002066,3.383428769819191,2,Critical,0,84708612
3.275489311353509,-0.08538103960189754,0,High,0,114203412
0.4844317158224361,1.7046133080381192,2,Critical,0,85551867
0.5839881995577991,1.8021089973577782,2,Critical,0,23228253
-0.9392664522748455,0.5294558343501763,3,Low,1,350784
-1.2613009041518606,0.653742601382794,3,Low,0,3813840
2.0562850459877144,-0.13104911101818364,0,High,0,63168345
-0.17309452461089056,-0.5019794462240408,1,Moderate,0,112596327
-0.6194488402093502,0.8106053017793756,3,Low,1,4919247
-1.2479812556535117,0.08328098693703764,3,Low,0,42758793
2.0244630123815983,-0.17705791179440397,0,High,0,61952940
-1.120905968656102,-0.33980889142099757,3,Low,0,115086528
-0.9962105539051316,-0.8696310003425582,1,Moderate,0,60004332
-0.9036132565720522,-2.233138934292376,1,Moderate,1,67236165
1.8232364873946054,-1.2286070170578216,0,High,0,20299680
-1.5724962900584205,0.29410041867923203,3,Low,1,497106
1.653460852123751,-1.5330919764460627,0,High,0,104064039
1.2838455285603319,1.4608628240098531,0,High,0,95059449
-1.9026228355605173,0.9791017721588635,3,Low,0,28548369
-1.8426480040539277,0.8493521806759786,3,Low,1,633906
-0.3805766586006756,0.5456953895415569,3,Low,0,6596469
0.13180953249805855,0.2527742191861093,2,Critical,1,96035814
-1.8239116712571695,1.4598483366295725,3,Low,0,90167247
-0.910807045116563,-1.757633741177219,1,Moderate,1,79902171
-0.1404401447444819,1.2264021739384237,2,Critical,0,23313303
-1.2325946804616024,0.16566754871168476,3,Low,0,30792411
-0.3346358229968602,-0.7496395527231552,1,Moderate,1,43973820
1.5161255483338447,-0.45410169028129027,0,High,0,39283569
0.05596781162765405,0.5017323209561758,1,Moderate,0,40743441
-2.3339169383212335,-0.7956112877329196,1,Moderate,0,140669609
-0.8523199427879194,2.4459180214584424,2,Critical,0,5330862
-0.5068752160781508,2.5530682746621247,3,Low,0,29941533
0.500378142068988,-1.0945203613625525,1,Moderate,0,25483221
4.102825757674166,0.20752147797434814,0,High,0,86207184
0.657203485483517,2.2578952927607254,0,High,0,41432049
-0.35284627546084457,-1.9758559540179186,1,Moderate,0,42431778
-1.007203596177672,-1.108817239059108,3,Low,0,23497551
0.72733838880971,0.7706510520423481,0,High,0,42977250
-0.32938542374238483,0.3474395151204861,1,Moderate,1,86944608
0.9233079428607006,-0.3449517337942009,0,High,0,138778943
0.25626713828377157,-0.04064144290628798,1,Moderate,0,111665790
-0.41540832833545793,0.3817616818332953,1,Moderate,1,3546603
2.741510373791232,-0.150555084521748,0,High,0,38335239
3.113896848223623,-1.1060561296222216,0,High,0,20903526
-1.6439855008975899,2.1009660344806793,3,Low,0,102519855
-0.18492589155267863,0.017410406349815975,1,Moderate,0,80199072
-1.290795800156816,-0.22888769871568942,1,Moderate,0,25327341
-0.5487072662341267,-1.5144955088934111,1,Moderate,0,112642398
0.4136718723171692,0.4814768588637565,0,High,0,33072327
-1.6087614058165371,0.14727674563409276,3,Low,0,96764751
0.6253477246821494,0.4023910136931232,0,High,1,141522314
0.6380923651926556,-0.9222940930536745,1,Moderate,0,114062112
-0.7079249417789815,1.5883961716243937,2,Critical,0,84353508
-1.0958692117848876,-0.6028130871426435,3,Low,1,9577674
0.511702957648743,-0.4247171671478163,0,High,0,24724332
-0.34934142826224185,-0.668643637914888,1,Moderate,0,25458363
1.142804690806864,-1.3957073528425286,0,High,0,23600358
1.8800810091003761,1.7654058233115026,0,High,1,67194522
0.31645894647964157,-2.1785097617119225,1,Moderate,0,73015425
-1.089701760595555,-0.9054660498497256,1,Moderate,0,7752987
-0.3343953713691042,0.5968635638684171,1,Moderate,0,77212233
-2.7939049113188563,1.2538165664274652,3,Low,0,57737358
-0.1238725546595131,-1.5410420504457503,1,Moderate,0,2672631
-0.5364900044662845,1.282848936162904,2,Critical,0,85593951
0.45572550991005084,0.30752676159948233,0,High,0,13234662
-0.021471750475430883,-0.8723589274863933,1,Moderate,0,13936428
3.793017234220611,-1.0582211991694717,0,High,0,20880198
4.386133822360769,0.797009533107493,0,High,1,5159286
-1.2677276744747112,0.28361668474255736,1,Moderate,0,38905488
0.3304362116084978,-0.7124269065560241,1,Moderate,0,45811062
1.4424023589069028,0.45999640202329656,0,High,1,77661162
-1.2300409809986614,3.050579057679688,2,Critical,1,85146966
-1.61833138759291,0.19571273818113422,3,Low,0,39403962
0.3318612951816676,-0.6529589968155726,1,Moderate,0,21032217
0.0006602050286692649,-0.8231993766235912,1,Moderate,0,78516009
1.3755311490225988,-0.9867088009833678,0,High,0,16182405
2.24520259497182,-0.08227274401915917,0,High,0,20281599
-1.2825602343687572,-0.23538814840747582,1,Moderate,0,56980809
-0.6319589371420301,-1.6137180913733484,1,Moderate,0,54643194
-0.13587476388796801,-0.12727704897367395,1,Moderate,0,30298671
-0.07510030569880442,1.2527990588043179,3,Low,0,65545380
-0.21356742717185823,0.9550783242525063,1,Moderate,1,17995509
0.5075247047056239,-1.7409973139718833,1,Moderate,0,23385186
3.8946181228810164,1.0766725158854051,0,High,1,23922657
0.3887595942447097,-0.5519595192192923,0,High,0,23866488
-2.6335060932668797,0.5608077975459733,3,Low,0,97021971
-1.9512344931397096,-1.2333815404660649,1,Moderate,0,59830794
2.268349041783686,0.4891851387792611,0,High,0,11428686
-1.454491918786495,1.3178064304386319,3,Low,0,90177723
-0.15661441577321714,-0.6506306081384298,1,Moderate,0,22813497
-0.5226396324579191,0.12307264745879504,2,Critical,0,23559525
0.6305712805755376,0.44671379156700836,1,Moderate,0,31510116
-2.6241261651729304,0.9228042093650941,3,Low,0,78829605
0.7581323412605394,1.999648945970838,2,Critical,0,97391007
1.682923035538211,0.21622779508118387,0,High,0,23532534
0.27007150947478165,-0.4510270182681244,1,Moderate,0,44236764
-0.803776230607064,-0.5971837803931753,1,Moderate,0,55848618
0.005748856479275303,-0.89203169320081,1,Moderate,0,19192437
1.276233135481659,-2.240840809439726,1,Moderate,0,92671875
0.4273046179445829,-0.7627601713240084,1,Moderate,0,77382135
-0.41832279559763175,0.33544487729635,1,Moderate,0,94009212
-2.4364469307262446,0.24423398843050234,3,Low,0,1411479
-0.7977300624764503,-0.8402294708453923,1,Moderate,1,1549215
-0.2469583878233394,-0.7215864909587922,1,Moderate,0,50444244
-0.4878343506712002,-1.112609201712112,1,Moderate,0,114011181
0.7523721355121057,-0.026153540479390645,0,High,0,39428190
1.5124352346150889,-0.8433183898417377,0,High,0,84369708
-0.26739677353661834,-0.39602068662446294,1,Moderate,0,92132865
0.18338909277041,-0.07558586361724381,1,Moderate,0,473265
0.057653534103573524,-1.1770667802477333,1,Moderate,1,41108670
0.9987806454323038,-1.1488959102282725,0,High,0,261828
0.17459926113177476,1.268540851130452,3,Low,1,40924908
0.6410825625786863,-1.9169239796323019,1,Moderate,0,28912095
0.13272236552863803,-1.0221147895142912,1,Moderate,1,34838856
-0.440061543490288,-0.4519536975422815,1,Moderate,0,40469157
-1.0717282210383936,0.1420590275302223,3,Low,0,114867972
-1.7696184711752463,1.1967787184050849,3,Low,0,99938277
0.3494561741318213,-0.6763964627154616,1,Moderate,0,96452181
0.20805819297427885,3.867667581205809,2,Critical,1,87452694
2.82678038821552,0.4718204613556691,0,High,0,43166340
1.1713533306620358,1.0846310549150702,0,High,0,82594251
-2.1004873135636166,0.22132951084144456,3,Low,0,43835652
1.1145215794776002,0.6757306200473743,0,High,0,42927768
-0.5946439049113451,1.4565517817309348,3,Low,0,65390958
-0.8446823662405198,-1.2386178358776503,1,Moderate,0,39607812
-1.3463907621180287,-0.8461781322717945,3,Low,0,63610830
2.303618866995144,-0.5677795015379331,0,High,0,112244553
1.0940524265454168,-0.672855578580919,0,High,0,85022199
-1.0625524753753413,-1.5402127292568957,1,Moderate,0,100505295
1.427611961176639,0.18735793070531967,2,Critical,1,95804523
0.2359889694725607,0.3778451433832886,1,Moderate,0,89139033
0.6383091781732415,-0.7029502720024873,0,High,0,16008777
0.08306950999449525,-0.28556149720035795,1,Moderate,0,34838856
-0.3049216178906296,0.5192916705868775,3,Low,0,22202586
-0.8913576013151314,0.913275598201418,3,Low,1,40764573
-1.4875490798503328,-0.9521587955405837,1,Moderate,0,112514598
2.3324159059243197,-0.7775423449498722,0,High,0,104037525
0.7676108655851861,-0.898932753137882,1,Moderate,0,92508264
-0.04266724719977423,1.9101751414285693,3,Low,1,42040557
1.8993765368506224,-0.12789374710941034,0,High,1,85852512
-1.169567274610659,-1.8325387122027124,1,Moderate,0,23778297
0.38270324370755376,-1.2893422988919505,1,Moderate,0,58064544
0.06244110873405631,0.3729787337209074,3,Low,0,188663279
0.7949249477405257,-0.9705542025137821,1,Moderate,0,97579809
0.5159670428283587,0.10042398645364596,1,Moderate,0,64782027
1.890043558978453,1.8453177295298755,2,Critical,1,30023982
-1.6053919387080449,1.0142109724340616,3,Low,0,53949177
-0.668435976805684,-0.487048292755672,3,Low,0,5138280
-0.2117448562505567,1.430613069431451,3,Low,0,90703269
-0.32317714017768806,-1.000745360452757,1,Moderate,0,17464896
0.1725002989621793,-0.3980824026121357,1,Moderate,0,16013538
-0.30519513726163566,-1.4108502226858983,1,Moderate,0,72638073
-0.9831058485794473,1.8901845673216306,3,Low,0,31802049
-1.947970037389757,-0.19388667219571368,3,Low,0,98744526
-0.03697358931013621,-0.048224929202351025,1,Moderate,0,97435305
-1.743979989791879,-0.23158891179518246,1,Moderate,0,23559885
-3.665345750258669,-0.08763399943612338,3,Low,0,97918434
0.48845246588394886,0.18732610103603117,0,High,0,18266751
-1.8323877396280939,0.031557038555223904,3,Low,0,152854151
-1.9575980565934816,2.2513267100175596,3,Low,0,99506610
3.442976639603834,0.6958654862248169,0,High,0,55152216
-0.5631759362818648,-0.28682971609572305,1,Moderate,0,23951781
-0.646758642015957,-0.0672377021004412,3,Low,0,24569784
-0.5031759015900458,-0.20675561237763104,1,Moderate,0,23640372
-2.2629149838172204,-1.9629011371443075,1,Moderate,0,109816416
-1.3072482556201994,-0.17685481040942894,1,Moderate,0,103785561
-0.6640473350724437,-0.8103535823776596,1,Moderate,0,57721140
0.5968212197505751,0.3830296901448557,0,High,0,23733504
2.68705585376135,-0.10084429347593281,0,High,0,58286133
-0.09151652460122878,-0.502606346811566,1,Moderate,0,56637180
-2.7284346214097894,1.686007894048282,3,Low,0,5680440
-0.5906412913394404,-1.7916913028949046,1,Moderate,0,110942613
2.1455154015989004,0.5342063821776597,0,High,1,93218778
-0.20672065887468594,-0.6300524874768916,1,Moderate,0,6065910
-1.393124635630033,-1.1517971778084517,1,Moderate,0,41309496
-1.4497523954946494,-1.2351315418030413,1,Moderate,0,95396022
-0.14459601224168453,-0.6473835595676737,1,Moderate,0,129690
0.3364770352661939,-0.23711719516838622,1,Moderate,0,55928043
-3.0312906794597114,1.1573911085557438,3,Low,0,55976706
4.098301617624448,0.840006661396259,0,High,0,60401844
0.5870897006380676,-1.1011780390146984,1,Moderate,0,90990495
0.5874742354897108,-1.3701887572959717,1,Moderate,0,85230351
-0.5804168960575867,-1.8692010720159113,1,Moderate,1,51704640
0.029962557629864665,-1.1403083758201487,1,Moderate,0,10805508
-0.16738285989097168,0.362810465735204,1,Moderate,0,63984969
-0.15352703145417576,-0.08042085610962535,1,Moderate,0,23412501
-0.8176882125506226,-0.20974139129742622,1,Moderate,0,99410895
0.27284523331587296,-0.4027817467591705,1,Moderate,0,23537439
-2.354966017066694,1.205838986699579,3,Low,0,23764158
-0.8015536853955224,0.8514788689160707,3,Low,0,25375212
-1.521546456126682,-0.029692016432264084,3,Low,0,90540747
3.3908070241193644,-1.0354259814042162,0,High,0,141378179
-2.7363365908168773,2.435622277983309,3,Low,0,17019459
-0.2792881381914856,1.07407990174747,3,Low,0,43137927
-0.9499620446134786,-0.05751055153732576,1,Moderate,0,90246177
1.027493158164369,0.14469733900958745,0,High,0,40607307
0.9141010105161294,-1.5232192164537173,1,Moderate,0,68505696
-2.0761368428567595,-0.8110523948566486,1,Moderate,0,11907144
-0.20489724752182448,-0.03164107139618473,1,Moderate,0,24375933
0.5062954197328937,5.041132647067111,2,Critical,0,21651354
0.4435149817125194,-0.3634402728594293,1,Moderate,0,123287297
-2.0161391495683336,-1.5991558530347345,1,Moderate,0,56168154
0.14793694019417877,1.9404396774746613,3,Low,1,83788758
-1.2740635479138303,-0.2938345295209238,3,Low,0,89387532
2.573762882200856,5.744765230405394,2,Critical,0,88042680
-0.2794804740093414,0.25687563654453754,3,Low,0,44778753
-0.8522963712739866,-0.4112302119677877,1,Moderate,0,110064177
-0.8442209772247837,-0.8271185168784051,1,Moderate,0,16941456
-1.9659341524595246,-0.6138913155557231,1,Moderate,0,87944121
-3.11859936996762,0.8535488643620089,3,Low,0,25344486
0.911015040515425,0.856226754650444,0,High,0,86931081
2.499279531184049,-0.5361967657107115,0,High,0,130680
1.7408775687529439,1.3502880671784436,0,High,0,71248689
-0.6639750496385034,-1.6279905050775152,1,Moderate,0,84495240
-0.17007613837927374,-0.12973382510803894,1,Moderate,0,49034016
-1.4863985058648748,-1.5670502289500616,1,Moderate,0,42701211
0.1631887775131513,-1.117094449107941,1,Moderate,0,23492583
-2.6226867960693374,0.8069169260043547,3,Low,0,18764091
-0.20078555910054122,0.2610667448759798,2,Critical,0,72835722
-2.7281376304720384,-0.27554611063039114,3,Low,0,44015787
-1.0165864905149584,-0.48431919980579324,3,Low,0,678942
-0.5027987468225864,-1.800453143270995,1,Moderate,0,126391190
-0.9982133143089975,-0.3088357795160651,3,Low,0,107351415
1.5083028305726616,-0.48003547962505905,0,High,0,89965944
1.2292103583069767,-1.7181434480051796,1,Moderate,0,109083960
-1.0401842110841135,-0.06664016061966269,1,Moderate,0,1160226
-0.6493796134036811,0.4894832113230572,3,Low,0,25152309
-0.4353131502956473,-0.6367056158345069,1,Moderate,0,40424049
-0.8540435071209116,-0.7946308513021171,1,Moderate,0,112873185
-0.34232671230738915,-0.14681922798034275,1,Moderate,0,25133517
-1.186050855443887,-1.5830530605783826,1,Moderate,0,82239984
-0.3534321655056677,0.21827920916431373,1,Moderate,0,59462784
-0.3861888534675792,-1.269411390741295,1,Moderate,0,68036976
1.3749909693244038,-1.2569701528114794,0,High,0,196578
-0.5008374246061295,-0.9009113686139821,1,Moderate,0,20086182
0.08872523717100009,-1.5921074259902557,1,Moderate,0,1232172
0.44372811770250503,-0.054618989787599125,1,Moderate,0,66522096
3.4018042177362298,3.303045471699326,0,High,1,90494838
-1.478384639913637,0.840907283612717,3,Low,0,24112998
-2.193852048409643,0.20655143147030225,3,Low,0,43842762
2.1221516261600364,-0.6377011817656077,0,High,0,92191707
-1.26878578825389,1.4056950618932347,3,Low,0,42875334
-0.3659780807217303,4.975552216820888,2,Critical,0,76204728
-0.9072798890444476,-1.6228889398634132,1,Moderate,0,98271540
-2.588638907714529,2.093187401103575,3,Low,0,67305564
0.35525313086877197,-0.061573934536239223,1,Moderate,1,91074987
0.1965184644471874,-0.7901059852387569,1,Moderate,0,89712558
1.8442091844704023,0.2464466721834476,0,High,0,41309496
-1.2375456110469578,0.9893171173705327,3,Low,0,141549755
0.19199650507929789,0.020775411941343764,1,Moderate,1,6711597
0.8242734641675259,1.000976012794491,0,High,0,103208076
-2.454365930340094,0.36566476184634045,3,Low,0,54428643
3.360687845990527,0.4566736092751886,0,High,0,41445432
1.1233889558727779,-0.8820024087758537,0,High,0,53363628
-2.4957790987456296,-0.839801919630839,1,Moderate,0,43896663
0.26429339025304766,-0.9230137352517289,1,Moderate,0,23279094
1.793652210703192,-1.8051935604184306,0,High,0,86189400
1.2659310279266562,-0.5831162663977062,0,High,0,3523662
-0.3398518728467281,0.15068841390008503,1,Moderate,0,44127414
1.1441261873061592,0.5252356488926825,0,High,0,56880000
-0.6446114613140279,-0.4582862676620491,1,Moderate,0,110949741
-0.5828205869738433,-2.092740568797724,1,Moderate,0,71937261
-0.8929523428522381,1.0071457604479408,3,Low,0,57950865
0.30144144025918096,1.3084473375275043,3,Low,0,97882551
-0.422376801037708,-1.6635464785655392,1,Moderate,1,4390794
-0.6664952864082179,-0.48538563141737895,1,Moderate,1,83853531
0.6664922830269306,-1.7735912081322198,1,Moderate,0,57498759
1.5008085779412068,0.33419909736925413,2,Critical,0,42431004
2.6287527923690903,-1.5224372744363623,0,High,1,18661347
2.3010672090203754,0.24371675700289033,0,High,1,6742368
0.4855663870270763,1.9955485280546115,2,Critical,1,77620653
1.4220903876634647,-0.33189984163472397,0,High,0,10682478
-0.5662081063933032,-1.1964961389265991,1,Moderate,0,94580955
-1.0320387629438226,2.5340956866248194,2,Critical,0,41483745
-0.1689065435414653,1.8328873330736553,3,Low,0,40442940
-0.7701889605201941,3.7250835108004012,2,Critical,0,23398488
1.0678215764385413,1.6824828185938032,2,Critical,0,86323644
-1.6864112982869213,0.2511344810050579,3,Low,0,42897555
-0.7478396690613335,0.6977300240876763,3,Low,0,81426294
1.7518369994700789,-1.9363952074707016,0,High,0,18951282
1.06860859203437,1.003740812427374,0,High,0,160100087
0.0853492228717248,-0.6373895079588126,1,Moderate,0,32174658
0.016836541430464973,0.2968651901858,1,Moderate,0,4877235
-1.8319306727468423,1.2651508921636545,3,Low,1,73004931
0.4099565855306494,-1.270865920872554,1,Moderate,0,18829638
-0.47059693133862623,-2.127774895283792,1,Moderate,0,74972349
-0.36471955084017904,-1.2278135076389964,1,Moderate,0,19964700
2.0013723181397642,-0.5597483055493044,0,High,0,25064397
0.118313294717585,-1.5065020034509193,1,Moderate,0,6313806
0.9525900334492768,0.7314436192512466,0,High,0,41868882
0.5696458057856404,-0.8885418498523402,1,Moderate,0,107942517
2.5301425271975395,1.4606060098935052,0,High,0,93365379
0.05864210674172641,0.1056353838166035,1,Moderate,1,40885596
-1.6578335758264706,2.0534178148010285,3,Low,0,104868441
1.6293956767164977,-0.6857598887732836,0,High,0,34939350
-2.506407298255257,0.15523129985096792,3,Low,0,97986240
-1.6441097055994092,-0.907298387804371,1,Moderate,0,23687964
-0.10706160591527411,-0.693421930144864,1,Moderate,0,7845084
0.7851681485553205,1.5873128056898742,0,High,0,42644475
1.0405567767014776,-1.6879826129087179,1,Moderate,1,94680450
0.05936638987575509,-0.46140138005544695,1,Moderate,0,20689416
-2.730796796891483,0.9128517023363754,3,Low,0,38667627
-0.6910778810756186,-1.4303354630740612,1,Moderate,1,9780993
-0.6533760952521791,-0.17732007183363108,1,Moderate,1,42776442
0.28830091553014436,0.22975936282905166,1,Moderate,0,1302210
3.24399240310436,0.4956820393540697,0,High,1,57539637
-2.0554361941459884,-1.0673658000550026,1,Moderate,0,87260724
-3.159376984885372,0.4581698862657074,3,Low,0,19951182
-0.024849881258593248,0.8230917710780703,3,Low,0,38382885
1.4406442505738293,-0.639072170995798,0,High,0,701127
0.7385468917678193,2.564730405099377,0,High,0,65282517
0.153925950856807,0.6536137898652402,3,Low,0,79030620
1.712985825536292,0.6338692201227657,2,Critical,0,7258698
0.3408541199490898,-0.1692573548340127,1,Moderate,0,160388870
-2.35958887226747,0.034848070228421874,3,Low,0,81179226
-1.1222449194229307,-1.1773486468532413,1,Moderate,0,64792269
0.40544184724259114,0.022312324380365112,0,High,0,24763770
0.35874121446950846,-0.42163538279398277,1,Moderate,0,76300533
1.1116729457681265,0.07050437252307863,0,High,0,23794173
-2.9442890044125085,0.8131406662190019,3,Low,0,716022
0.7121552652272198,-0.5422487066366781,0,High,1,1620045
-0.6734914071700258,-0.8851480041552858,3,Low,1,17137584
0.04513410443339054,1.2646658669312614,2,Critical,0,77887971
-0.37952366263273285,-1.4816687603890057,1,Moderate,0,91524915
1.4785895850874766,1.3747572647723374,0,High,0,102224196
-1.4448305622104305,-0.6388976596626716,1,Moderate,0,23193495
-0.49989057337634546,0.12477363803934326,1,Moderate,0,7606593
-0.21044849587974948,-0.46230644555286504,1,Moderate,0,64294209
-0.801243427568162,0.715000825219144,3,Low,0,21532509
3.9290275011280933,1.543239167451295,0,High,0,94988349
1.0378973215740603,-0.019464172743483926,0,High,0,91310220
2.1823501115075623,-1.7844702555475773,0,High,0,34634178
0.6137532715553152,-0.4864505225476564,1,Moderate,1,84524355
0.6300263562309261,1.3180613498339566,2,Critical,0,46934883
-2.6010376091138077,0.36638066690575677,3,Low,0,348624
-2.7780291274418967,-0.483778041362443,3,Low,0,40875651
-0.5593782360056394,1.4076235273275497,3,Low,0,32241024
0.6696251420997299,-1.160743900447771,1,Moderate,0,78314724
-0.15038549313453597,0.3212420283563846,1,Moderate,0,89230959
0.11677739642563933,-0.013938462126421369,1,Moderate,0,4622157
0.19450167665993076,-0.5242843914087145,1,Moderate,0,14156001
-0.467208065241984,-0.6363561020781013,1,Moderate,1,89472789
-2.323056547278666,-1.0664834352074617,1,Moderate,0,1338174
-0.7206817645056759,-0.8389067556064234,1,Moderate,0,16086051
-3.680935514631974,1.4030919910519728,3,Low,1,58787946
0.7729217128719719,0.5173806936412404,0,High,0,18893412
-0.07697467148962003,0.43344906451825455,1,Moderate,1,94456350
-0.08854503073936273,0.21501799577804662,1,Moderate,1,42908085
0.02335385402517992,-0.7859436408381181,1,Moderate,0,107931924
0.7957308276537098,-0.7576972858272568,1,Moderate,0,23717061
0.5896544432261606,0.6004774658616543,0,High,0,463824
0.06061961967179404,-0.5361593180192327,1,Moderate,0,70269183
-0.3094956676009846,-0.5620167373474115,1,Moderate,1,31649508
1.2813284766100048,0.4458341515894769,0,High,1,79526916
-0.7088492677429866,-0.8248639671802793,1,Moderate,0,66456738
-0.187337224752065,0.1451925497172909,1,Moderate,0,96533541
-2.858279686925641,-0.023954556652104924,3,Low,0,77252229
-1.2659175984619122,0.9767041190089558,3,Low,0,107336322
-0.6542926304326856,-1.6360202804375097,1,Moderate,0,108230283
-1.368037999033947,1.8965787398836809,3,Low,0,51899661
-1.2786850362387228,-0.6793901224331532,1,Moderate,0,84561813
0.49823806240174456,-0.690173502102718,1,Moderate,0,98953641
0.5531214745643858,0.25528869707752344,1,Moderate,1,42428034
-0.7037863086758547,-2.4750876350870294,1,Moderate,0,112931199
-1.0668912111822453,1.4892734897901707,3,Low,0,86537070
2.0434314939926916,0.30624081012207327,0,High,0,96228387
0.04714659646220779,-1.556908570672807,1,Moderate,0,84341997
0.8481497909731732,-2.407450376191692,1,Moderate,0,24753807
1.6722587046472217,-1.8081524685248507,0,High,0,46177776
0.1251499763213008,0.41036761467767663,1,Moderate,0,41375601
1.333996936063288,0.5122764265298383,0,High,0,71903871
0.7852707556449748,-1.5514930776726779,1,Moderate,0,5381514
4.457344023950728,1.1465757665873315,0,High,0,95157675
1.929319456010788,0.14986894101513498,2,Critical,0,13532292
-1.760970168123029,1.9481815323893241,3,Low,0,88263315
-2.0414017085834235,-0.6687936918903454,1,Moderate,0,99354411
-0.7398086082774025,-0.17338477097672692,1,Moderate,0,84430710
-0.284258676924175,-0.1597914051197524,1,Moderate,0,82307286
0.9851459747968754,-1.0648636771669489,0,High,0,2534193
-0.8249801772901966,-0.7456979494630067,1,Moderate,0,23712840
-1.442381745015511,-1.3342429438135797,1,Moderate,0,41013216
-1.597713503057939,-0.889067871451716,1,Moderate,1,75175956
2.640624478842154,-0.36062827261566044,0,High,0,93349476
0.4256450380052404,-0.7978816452008731,1,Moderate,0,2566251
1.2128302897024557,-0.8214435085758138,0,High,0,91806759
-3.1763243013821096,0.6632114502709817,3,Low,0,24380424
-1.8465183575826576,1.13639441324152,3,Low,0,400500
0.5216948179263664,0.7052935309286185,0,High,0,106887825
-1.5588724285803979,-1.1854998841088233,1,Moderate,0,25289379
2.83154177537809,0.32999751410551775,0,High,0,39469599
0.13552000113659887,-1.190026250269881,1,Moderate,0,85261167
-0.5667340953928711,-0.8818278765242566,1,Moderate,0,71226
0.26518625685973646,0.7067415014933999,1,Moderate,1,86475825
0.9892244266840021,0.015512256639346913,0,High,0,92233917
-1.3817189878235117,-0.4027482764347151,3,Low,0,41687397
-1.5626551520648757,1.052529414668924,3,Low,0,94676220
0.9087756263503133,0.8120573165179803,2,Critical,1,25300467
-0.32338011956014445,0.0053373365383480205,1,Moderate,0,54613566
0.17535828995994984,1.5424642707445821,2,Critical,0,86342967
2.0611692752516477,-0.30553747113958574,0,High,1,28887111
-1.262122376955312,-0.20046746697620896,1,Moderate,0,105084666
-0.4088254483696434,-1.7682169371756358,1,Moderate,0,25820667
-0.7534980570266434,0.6621057128471572,2,Critical,0,24401799
0.5905879038510942,-0.10012069754651524,1,Moderate,0,29202867
0.5681368206432901,0.18950554209042428,0,High,0,44144316
-1.2336145659391438,-0.7316774936222717,3,Low,0,59619492
0.26482073158158204,0.38322724289344523,1,Moderate,0,95583726
0.09670151709368197,-0.9013625940244394,1,Moderate,0,2073843
-1.2866417554274288,0.0916666144507069,1,Moderate,0,2843730
0.9262064223796366,-0.5657404329908164,0,High,0,103059
-1.0511124028545706,-0.09234106207759993,1,Moderate,0,4190778
-0.35913202856934806,-1.1488665930917028,1,Moderate,0,3485763
-1.2183624919789697,-0.9278840496013885,1,Moderate,0,43642314
-0.535014301780759,-2.51433722632619,1,Moderate,0,38569536
-1.5335696258615772,0.5235315176632194,3,Low,0,32842530
1.844249192260644,-0.7542494815890785,0,High,0,24869925
-1.497108877867128,-0.7392903022783688,1,Moderate,0,66475818
1.1960564831771165,1.5155625304602,0,High,0,107120115
1.137360255662072,-0.44437887950251326,0,High,0,114245037
0.28664416158140554,-0.581873800095316,1,Moderate,0,60221043
-1.1736365493266054,-0.4249050778525193,3,Low,0,23980959
4.043923723540654,2.3450313230566224,2,Critical,0,58265802
1.5060406543431843,0.537419498112558,0,High,0,114287319
-2.188482464145166,1.0092674213491726,3,Low,0,88462350
-0.34075104011917334,2.052088858649314,3,Low,0,41625720
-1.1114540765909366,-0.6136727010806351,1,Moderate,0,76862241
0.9862212854007141,1.0955127425856894,0,High,1,63738117
-2.517679284097344,0.4837816631722968,3,Low,0,60372090
-0.4544103288222011,-1.9003896485748901,1,Moderate,0,111557997
-0.8709212606128958,0.08891000330173954,3,Low,0,36111744
0.785207939469084,-0.9211024962342683,1,Moderate,0,61004349
-2.074996272845227,-1.1059467463950932,1,Moderate,0,24128451
1.4275081078374254,0.6181768805121692,0,High,0,5577975
-0.12473817080483998,0.89527821390994,1,Moderate,0,85257288
3.5793997955881265,-1.1238317345294846,0,High,0,88720407
0.8979979618036472,-0.10851385044938588,0,High,0,94578894
0.6403001478477608,-0.8728343484978486,1,Moderate,0,86593662
1.7842256422154747,1.3023590257538098,2,Critical,0,5822073
3.9655335488657095,-0.42114203423114105,0,High,0,112996125
-2.2136337644235353,0.9872909199684978,3,Low,0,100688814
0.29621209217890115,0.08149144404006338,1,Moderate,0,77537160
-2.702394629709419,1.764006970170361,3,Low,0,89149590
0.10672042757572388,0.7593553927130826,3,Low,0,24556923
0.9332201466748823,0.3517465215542242,0,High,0,6142500
-0.7161244183479323,-0.9820868465220027,1,Moderate,0,93415896
0.9868376242631481,2.751412769352995,0,High,0,30821418
-0.5980597192969297,-0.7461062601120666,1,Moderate,0,42816690
0.13924191409968953,-1.0923344703965125,1,Moderate,0,147317729
-1.205284999310478,-0.6734863614462522,1,Moderate,0,4390794
0.5162410276134286,-0.10017711245652673,1,Moderate,0,67493943
-0.9838014659621983,-1.4868737137638295,1,Moderate,0,95220315
-0.8696471853698182,-0.5990846207676183,1,Moderate,0,1342908
-0.5775877473595924,0.6345899843989238,3,Low,0,41283243
1.0913571107998987,-0.020182305688832818,0,High,0,33311997
2.552256990057613,-2.0823652246871895,0,High,0,1849248
-1.8456895157093107,0.15223439103690498,3,Low,0,48463398
-0.034194106549217805,-0.9973255454660062,1,Moderate,0,60401475
-0.1760676242393481,-0.44385325431496264,1,Moderate,0,107780193
-0.40575920225617534,-0.5930633994669151,1,Moderate,1,90910044
0.27776256174602654,0.1983065045014348,1,Moderate,0,3234870
-1.9654877125198855,0.30604011586664576,3,Low,0,45406350
0.38302587306540864,-1.3050717931125264,1,Moderate,0,96092388
0.14297443763952836,1.3406032377961363,3,Low,0,44764119
-1.1119024209127917,-1.2664926292100507,1,Moderate,0,9635634
1.548506323373884,-0.9072177578933684,0,High,1,41167989
0.2661459833609111,0.7350184518289677,1,Moderate,0,24468183
-0.02585473748363829,0.8046519891769675,1,Moderate,0,34614414
0.9981319127628109,-1.3770782605721026,1,Moderate,0,30065913
-0.5015176961275358,0.9930327136464816,3,Low,1,40497480
-2.97233601383589,0.8224331617514297,3,Low,0,18410931
3.186993912209933,1.326693851775142,2,Critical,0,77656014
0.611736456816976,1.8492335911283302,2,Critical,0,86470605
1.5547437564427338,1.4686348452965168,0,High,1,14777334
1.3669304494472398,0.47478564873884704,0,High,1,80367957
-0.7791793717699094,-1.8576648487602625,1,Moderate,0,981693
-1.7250707787771384,0.6632356420051724,3,Low,0,2359413
-1.9910343318136001,0.49305753212018866,3,Low,0,8506998
-0.8079702822731727,-1.4305409884144507,1,Moderate,0,1632096
0.5390199031962557,0.24534449083326462,1,Moderate,1,112326219
0.03255721659721163,-1.5268425830916732,1,Moderate,0,75627639
-0.2691082995437319,1.2158899937873937,2,Critical,1,43393878
0.010576918129858427,-1.6403324799572687,1,Moderate,0,40714686
-1.6755061499359778,0.12280750047191225,3,Low,0,43989219
1.5022698063239601,1.1908344665607105,2,Critical,0,23681493
-1.835777906846925,2.5695666780590636,2,Critical,0,2448531
0.6307582994843233,-0.04322095706508362,0,High,0,73705284
-1.5906664076402448,3.0460516462205156,2,Critical,0,42908085
-1.3372514621263831,-0.570824514225052,1,Moderate,1,55488474
0.2960707330992351,-0.15936262100742873,0,High,0,96246801
-0.932034723937807,1.019161695663929,2,Critical,1,86118255
-3.034384505150172,0.9758574540643384,3,Low,0,89483652
-0.9453159262846816,-1.1845333471747543,1,Moderate,0,3731724
0.57640149321321,1.1695134708245936,2,Critical,0,33450138
3.8887781959949828,-0.030114297884114686,0,High,0,43158744
0.1390550504434197,1.1552867992097995,2,Critical,0,44800398
0.2840420698918454,0.0441703482113419,1,Moderate,0,97834059
-0.4155782058633106,2.0095215391524963,3,Low,0,108493731
3.0013817941103156,0.3172712913365038,0,High,0,38378133
0.2669820056252516,3.0314039042713965,2,Critical,0,100724697
-1.3932736698341261,0.29243032467446234,3,Low,0,110957058
1.9477420580164757,-0.42508095374924776,0,High,1,23187006
-0.8558222207108446,0.41566514737508375,3,Low,0,25762986
0.08152219920966236,-1.1467282027335033,1,Moderate,0,3197205
-0.7405513173227866,1.083907219963357,3,Low,0,70684830
-0.4457367229297699,0.4234881761046936,1,Moderate,0,138377075
1.958183763873894,0.8800845343484777,0,High,0,85261680
0.9548143207866737,-0.3496885244171992,0,High,0,62784027
-0.6009281193215459,-0.7252203594651263,1,Moderate,0,42977250
-0.39269840187613747,-0.5253484152024193,1,Moderate,0,18704394
0.0010225362160491895,1.4914551062722814,3,Low,0,109899882
-0.6092467594704697,0.9148073329844758,1,Moderate,0,111282093
0.7363408242453261,-0.4060193988474223,0,High,0,113734728
1.199147335694021,-0.5594460065030549,1,Moderate,0,24890553
-1.1075627554052219,0.4116025292422224,3,Low,1,52430067
0.35256423461147424,0.6842145077314874,2,Critical,0,67194522
-0.20049685067382653,0.5455629774479399,1,Moderate,0,153378
-1.185031301923753,5.431047972670161,3,Low,0,5447286
-0.6945928350458888,0.5746893966793833,1,Moderate,0,83061270
1.03406630026718,-0.4423789952021732,0,High,0,92387772
1.0974601629336531,0.8576447997600554,0,High,0,67115421
-0.1945818185513998,1.0183321919052037,3,Low,0,276606
1.468063913986742,-1.2046115996490498,0,High,0,15287445
0.9641515897047949,-1.1556442705374466,0,High,0,302652
1.548041621932308,3.1832148980365798,2,Critical,0,29108259
-1.8745264834406579,1.6781567999909683,3,Low,0,4526136
0.07831750161627227,-0.45327426968528023,1,Moderate,0,10777860
-2.36726913079384,0.7776697194967767,3,Low,0,55085400
-2.048090648854836,0.3117588339755606,3,Low,0,1149885
-2.0526984244559916,1.1494959315645057,3,Low,0,661428
-1.485938573757148,-0.7348370563432262,3,Low,0,23952960
-0.20231765360537957,-0.9536863753465337,1,Moderate,0,23570217
2.1380786745264517,0.5431448611492403,0,High,1,85009266
0.7461382027457275,0.3000326931036951,0,High,1,18894249
-1.0543217007175862,-2.065555987307139,1,Moderate,0,50116032
-0.42494384380336214,-0.4152306465692577,1,Moderate,0,96789555
2.1860152334565965,-0.4006628694762154,0,High,0,133878974
-0.10219349044132034,-0.6033853649290858,1,Moderate,0,84432105
-1.7377157403005867,-0.13546935710436503,3,Low,0,91088388
1.4378971967455803,-1.664432578785662,0,High,0,79259886
0.06030094194772713,0.08264404540003767,1,Moderate,0,25444008
-0.46187687388857823,-1.0602150830208157,1,Moderate,0,41793471
1.9868641843561354,-0.1605178703403178,0,High,0,90097839
-1.1345294838406557,-0.019613626471613712,3,Low,0,36646065
-0.8683995383655089,-1.2732462721337618,1,Moderate,0,602028
-2.286403193740408,1.1793708052053677,3,Low,0,146501024
0.24561982801238844,0.43858529950692,0,High,0,72736695
1.1147986976331417,-1.4254052283059961,1,Moderate,0,23870664
2.4726545816889707,0.5434674719197162,0,High,0,78244605
-0.029993992868451728,1.6461645339928264,3,Low,0,137661134
-0.07123204197416957,0.9247525754769865,2,Critical,0,43906275
-2.1218291047699696,2.4710981589205696,3,Low,0,66301380
-1.5997210038215175,0.641392229572442,3,Low,0,71803494
-1.8091956346692346,1.2400640725916918,3,Low,0,89763678
1.220699445923186,0.28815626327845106,0,High,0,42405741
-1.9510332548760991,-0.4067544448048233,3,Low,0,18022905
-1.3589795839204062,-0.7984520014175285,1,Moderate,0,41751630
1.8760304871201188,0.22649710531327047,0,High,0,101996730
0.5805816313830839,2.194915090309883,2,Critical,1,90642591
-3.2016862578714744,-0.10733822861713038,3,Low,0,6709482
-1.0659198071652116,0.6226911476154778,3,Low,0,122813969
-1.205748853099723,-0.4603591573995371,1,Moderate,0,78616008
0.5667607894982126,-0.9273553262714503,1,Moderate,0,20193759
-0.605044759887081,-0.1571787528545126,3,Low,0,927585
-0.16797828167343695,1.5431325495658033,2,Critical,1,66178701
-0.029958687870377965,0.6590244762994846,1,Moderate,0,80737110
-2.8549869468936526,0.10193448276225592,3,Low,0,17069688
0.137303238643164,0.3217075791323356,1,Moderate,0,467586
-1.1101286031246278,0.20383680047032224,1,Moderate,0,54401094
0.4315460157358615,0.28859058810650556,0,High,0,814563
1.6074169267077043,-0.4341690971404525,0,High,0,42043050
-1.5123686267540932,-0.4087783624526662,3,Low,0,2464560
-1.2426053765666287,-0.38005710926474673,1,Moderate,0,45146664
-1.25333204998851,-0.9230690570348699,1,Moderate,0,6330915
-0.5700756628207975,-0.011869312700308747,1,Moderate,0,100041714
0.056201028814961834,-0.7284883669463218,1,Moderate,0,43686936
-0.8843928493201975,-1.1995278629136445,1,Moderate,0,106569990
0.7913396657648921,-0.6277696222789215,1,Moderate,0,43634475
-1.378532501669815,5.067703355965539,2,Critical,0,55327095
2.5256555175886546,2.1610645025679824,0,High,0,90494838
-3.6957971038278994,0.2252857873938424,3,Low,0,5758290
1.5989531352607613,-0.6982769473099243,0,High,0,1405557
-0.00474460587082539,1.4652701208961474,3,Low,0,98319663
-2.1883106988260552,1.782911652639455,3,Low,0,276750
-0.9314511664610592,-0.5133234875453038,3,Low,0,15123348
1.3440282285827714,-1.0383863202766168,0,High,0,64255077
-3.2224361753311737,0.44450356797486607,3,Low,1,5236596
3.4890414103620646,1.0574751351245402,0,High,0,19104075
0.12183403623598385,-1.1506697048187189,1,Moderate,0,98251011
-0.23881025480833323,3.334797538157818,2,Critical,1,84708612
1.561053738643905,-0.31514643855972846,0,High,0,37816812
-1.062145459893799,1.4229720901204892,3,Low,0,112912290
-1.2764004602330252,-0.6926137270508919,1,Moderate,0,66178701
1.7153072713975595,-0.6541310281362217,0,High,1,41450715
1.261739399163221,0.40616755331033494,0,High,0,84012471
0.7426984541255804,-0.692075826124179,1,Moderate,0,23532534
-2.110832215929609,-1.293300225331088,1,Moderate,0,87439356
0.7451812848162295,-0.6104831623716543,1,Moderate,0,112904073
1.720418308080374,-0.2833921261931247,0,High,0,4080060
0.8349084858196233,1.850063174151503,0,High,0,28399896
-0.032942093851517654,0.07993515875955856,1,Moderate,0,36165843
3.10186045480301,0.1389405101523213,0,High,0,25163811
0.09708256105397559,-0.7165293019464309,1,Moderate,0,60378858
-1.592359396042255,0.9207482855844431,3,Low,1,104085054
0.005274093914370663,-1.4468778042159927,1,Moderate,0,27254403
-0.2652372285774489,-0.4962175046538287,1,Moderate,1,35684712
-1.3326215552952674,-0.19599128958760417,3,Low,0,89315190
0.18243332821450892,1.1152183253923356,1,Moderate,1,2496051
-0.845313099895133,0.23302395317363236,3,Low,0,69525513
-1.7724170496685794,-0.4850121995865802,3,Low,0,49173921
-2.1113016635378035,0.23344240265366248,3,Low,1,4233960
0.7710836049587511,-0.5456669684299895,1,Moderate,0,84950370
-2.631228825243684,1.588414484773595,3,Low,0,112267134
3.131213338616717,-0.059118960558520124,0,High,1,94012839
-1.171342933940884,-1.7993225245702311,1,Moderate,0,38671452
-1.4426747777098472,-1.6674590692740925,1,Moderate,0,90246177
-2.219040628907265,0.6872465459194581,3,Low,0,6460497
0.374342541857471,0.45742618674637864,0,High,0,67499703
1.0092578761447744,-1.0435055885934978,0,High,0,811278
-0.2618060646244037,0.7531743865622982,1,Moderate,1,97670268
1.2008245738688788,-0.9500783325043107,1,Moderate,0,75298707
-0.7881477153879328,0.9059727830540173,3,Low,0,23219082
-1.6947199263524217,-0.1506927209128241,3,Low,0,5880636
0.6134860413152632,0.5289140270044648,0,High,0,58451148
2.4373442294916865,-0.3192585098319815,0,High,1,63928197
1.1076349285095959,0.6646125045653379,0,High,0,42358599
2.646568817337126,-0.4821937926577169,0,High,0,183096
-3.515658988543699,3.203012277420781,3,Low,0,61706466
0.8231766036153596,0.5113254154792186,0,High,0,18661347
-1.2730649068358406,-2.2029399618038883,1,Moderate,0,11929707
-1.385394396238222,-0.3422343641844842,1,Moderate,0,84663855
-1.0862423078704209,-1.3667542557713075,1,Moderate,0,18618291
-2.370564385577871,3.7528503269901616,3,Low,1,2594745
-1.0438325034003069,-1.21602353733653,1,Moderate,0,910755
-0.18809949942554569,-0.5894093363590979,1,Moderate,0,94457826
-0.3331513068401403,-0.07420170039433693,1,Moderate,0,25306038
-0.6513406262837412,-0.9664913276618348,1,Moderate,0,23554089
0.25500879459026854,0.7244193258833486,3,Low,0,62102313
-1.0188409285233164,-0.019419703032216833,3,Low,0,81632997
-2.3586945550687224,0.2768026710860881,3,Low,0,25078572
-1.1560357349403954,-1.288629088735443,1,Moderate,0,44005599
-0.0030505716648400955,-1.0035283397703685,1,Moderate,0,29385576
1.6957741593011686,-0.8653893093971974,0,High,0,108093258
-1.3151504825636666,-0.5214672653162152,1,Moderate,0,110392920
-1.2969570842222533,-0.25595981381195315,3,Low,0,3883923
-0.5312058332641034,0.47498403872797296,1,Moderate,0,92731203
-0.2120414056147115,0.21298151304898108,1,Moderate,0,41185854
1.282589382416951,-0.4280301640342837,0,High,0,39653397
-1.9680308348786475,0.4919678590385613,3,Low,0,53944776
-0.38450030413634434,-0.7091406694965349,1,Moderate,0,34634178
-0.3122744345381107,-1.0298183680272495,1,Moderate,0,4586832
-0.04383832880472067,-0.6191173470823923,1,Moderate,0,9906093
1.7004771851935265,0.4361044020614481,0,High,0,18315783
-1.0304978063448242,0.27659876408020095,3,Low,0,98436753
-0.843676319739377,-0.7517929363059398,1,Moderate,0,90693081
0.03179107682668108,1.4719815296054628,2,Critical,0,60460110
0.18991337973003608,-0.7815099461233653,1,Moderate,0,58111515
2.1008145766967012,-0.3821723074119832,0,High,0,6453954
0.6695094164287175,-1.0951106176177734,1,Moderate,0,17575074
0.9875620096012216,-0.48670775341991357,1,Moderate,0,115063191
2.1701136968795294,-1.1136220009515478,0,High,1,41374350
-1.8098528793555788,-0.10779168107441528,3,Low,0,106988985
0.9437289129794002,1.325166791720434,2,Critical,0,5287950
0.4598816404091683,-0.3316812783309534,0,High,0,54487647
1.5717449723195576,2.9130747732207625,2,Critical,0,84247965
-0.06991531548300763,0.2813045114470496,1,Moderate,1,88723053
-0.932714833412494,-0.5738973776825599,3,Low,0,20617326
1.1772825514133183,1.8988948789998752,0,High,0,38335239
2.5530896145943687,-1.193099043030934,0,High,1,25566318
0.40180410554445545,0.11357582007575341,0,High,0,28379349
-1.497553647242007,-1.5164322375944452,3,Low,0,89101008
1.6230638297212223,-1.2229481755204064,0,High,0,77622669
1.8406932770175695,-0.26034015404480987,0,High,0,5500305
-1.0314323894484168,-0.11172242356957268,1,Moderate,0,141432620
-2.256710686337595,0.4503011827938857,3,Low,0,2073456
0.3980382907377781,1.3746924040823387,0,High,0,85534641
-0.9809177032000573,-1.8239014895179582,1,Moderate,0,20475198
0.23063630931189444,-0.42064848587416687,0,High,0,85780575
0.3780982609341583,-1.259707243559739,1,Moderate,0,23989662
1.2916650035995545,0.32141501134164097,0,High,0,92560788
-1.305835496250038,-1.4087605249532444,1,Moderate,0,98722296
-0.8472623576337033,-1.6824864210850339,1,Moderate,0,27862587
2.1742750313747092,0.02497971167042053,0,High,0,59512158
-2.7402895909406557,-2.05380442888498,1,Moderate,0,3186810
0.5931725946190123,-1.1769242856233713,1,Moderate,0,78230349
0.2900093938810502,-0.15833167831334963,1,Moderate,0,66269322
-0.2333994643481902,-0.3359198864532998,1,Moderate,0,37166013
-1.7028578029408592,-0.0352225117253204,1,Moderate,0,31121838
3.078051808812496,1.282555563521311,0,High,0,91005489
-0.5770454760248909,4.408285809625169,2,Critical,0,93299553
-1.2353153422648,1.8834220904730847,3,Low,0,110287053
0.33255151607291333,1.500118484852127,2,Critical,0,96517674
-0.001456351289373618,-0.23973600211793866,1,Moderate,0,93231126
1.6895952921455537,1.3101539993952405,2,Critical,1,106963857
-0.2670069561880121,1.4429867290810776,3,Low,0,89395641
-0.2272565131508402,0.07954869275493279,1,Moderate,0,84125817
-1.0874345676686972,0.7381470686973187,3,Low,0,21078198
-1.5427382131579555,0.05526327999702241,1,Moderate,0,66011436
-1.5604736061963709,1.5600216190037288,3,Low,0,51582735
-0.10626075471684372,0.24758356766672937,1,Moderate,1,90145602
0.6255728398686509,0.3606443946817568,1,Moderate,0,36946197
-1.1443582890233084,0.3251905778337889,3,Low,1,3311361
0.7761490689745937,0.924734589006327,0,High,0,58461075
-0.5988690461267479,0.09842965186695884,3,Low,0,23312772
0.10748256506581087,-0.3316414710282467,1,Moderate,0,35345421
0.041566080882651846,2.1349624655495987,2,Critical,0,43010253
-0.5701022503238209,-1.0357879041769635,1,Moderate,0,25275645
0.46656213348469056,-1.28221082656668,1,Moderate,0,23471226
1.3524453519776305,-0.16586273457540998,0,High,0,72951741
1.610921269990774,-0.8954628853972022,0,High,0,137339276
-0.9079285466076744,-0.11878976171095462,1,Moderate,0,40658985
-0.32087861437113924,-0.46834394816220276,1,Moderate,0,90809397
-0.20169275954624583,-1.094970385580302,1,Moderate,0,5892480
-1.5424708740934208,-1.9290580722366908,1,Moderate,0,77703858
-0.10769628745393142,0.16566174983871487,1,Moderate,0,44933508
0.89324970683544,1.9999143115489997,2,Critical,1,88533495
-1.8983113996651166,0.2924168594972224,3,Low,0,18306810
0.2698684379056233,0.04881737984022885,1,Moderate,0,85986234
0.05908964424711803,0.8730196511695923,2,Critical,0,51509628
-0.2877247941428959,0.8380719869671407,3,Low,0,44062713
0.532078840089408,0.6161205285316322,0,High,1,64418076
0.4403999006443999,-2.3582548221907356,1,Moderate,0,30850722
-0.5509086349322023,-0.8324763712438699,1,Moderate,0,1125720
-0.19770346223572552,0.19755845163671634,1,Moderate,0,53573283
-1.0613117351708314,-2.411873655764784,1,Moderate,0,60683328
0.9578982902775232,-0.2144635545334256,1,Moderate,0,106914321
0.7292771461117501,-0.523728079392071,0,High,0,2110014
2.6470383200502985,-0.9922289821365831,0,High,1,62114418
-0.43116393209681175,-0.7062137735340046,1,Moderate,0,66482532
0.510242038288224,-0.541792370297297,1,Moderate,0,1551870
-0.06838185521352745,-0.674360792467246,1,Moderate,0,1088154
1.9096088211748439,0.0632940473403632,0,High,0,25191684
-2.570683600667062,-1.1493747532347551,1,Moderate,0,24677901
-1.4133594013184938,-0.3547485737021441,1,Moderate,0,175616780
-0.7562756462552597,0.17854561368004482,1,Moderate,1,98297316
-0.24869210563548444,-1.422536417369622,1,Moderate,1,86215806
-0.43744376299148924,0.01234831511370445,3,Low,0,19539801
-1.7373131747062829,-0.7882204490964931,3,Low,0,92992914
-1.0160798681917795,0.10290262888822735,3,Low,0,21298824
0.19000443658100147,0.336063599953743,0,High,1,181146965
0.7542071270611314,0.45307045208717783,1,Moderate,0,44193978
-0.3559835593672358,0.4927038345197587,2,Critical,1,55138239
0.62602247267173,-0.6526607669472829,1,Moderate,0,4671072
-0.3317246256356432,-1.403932906290827,1,Moderate,0,938142
1.049526778437265,0.45949396430009065,0,High,0,34022340
-1.7649745606462994,-0.26334331455179516,3,Low,0,6079581
-1.5082681949703556,0.5748182979936859,3,Low,0,802557
1.9231798619098026,-0.7160098437222817,0,High,0,51252039
-0.8953395913127314,-0.149453299751013,3,Low,0,1358730
-1.0801374293822854,-1.0044245131344085,1,Moderate,0,18469017
-0.16924897220948207,-0.472245637329186,1,Moderate,0,12904272
0.058179029641980136,-0.4969801076705656,1,Moderate,0,6199767
-1.3540379103914653,-0.8837475985126081,1,Moderate,0,137757875
0.5077926357891875,-1.0320756612556004,1,Moderate,0,58161843
0.6015121983054191,-0.8050560390418077,1,Moderate,0,24211863
-0.7984759545977806,0.029986787340326105,1,Moderate,0,41271957
-2.258565827241428,-0.07498504428758035,3,Low,0,45558135
0.9358913498777827,1.1404858305177596,2,Critical,1,107768889
-1.0582401372881505,-0.7230674767107338,1,Moderate,0,133588949
-1.899728555291934,-1.3102464880302287,1,Moderate,0,100666467
-0.42237162057152156,-0.5455376992081633,1,Moderate,0,28396260
-1.1458989184960784,-1.0901370086323194,1,Moderate,0,29928276
-2.896193912230493,-0.0034577496541284935,3,Low,0,141391067
-0.28560789977141327,-1.3587765638279308,1,Moderate,0,59064426
-2.8004749906138664,3.134804194740334,3,Low,1,78132087
1.1155537867605057,-0.9814238204840823,0,High,0,4596444
-1.2751072212437045,0.0773765636072305,3,Low,0,90248634
2.6445723310167515,0.4264593088243574,0,High,0,88851879
-0.7024012440679952,1.3104205379593954,3,Low,0,92536965
-1.183200421442471,1.3938273781278412,3,Low,0,90777582
-1.1987701430184419,-0.4627951948138396,1,Moderate,0,85875318
1.6065120897661445,1.2123771374558034,0,High,0,23304645
0.37609916934056054,-0.16665104855731655,1,Moderate,1,72759393
2.119969583411327,-0.6967366481247821,0,High,0,5755590
-2.687236514830355,0.14468586567269726,3,Low,0,1123524
-1.0575238204453772,0.38976461688022057,3,Low,0,467199
0.02696241060214741,1.055561702611541,3,Low,0,82656216
-2.7475825604379036,-0.10017404392775907,3,Low,0,5347125
-0.5048972469998653,2.185324922461796,2,Critical,0,75292020
0.7914339195470876,-0.8373240964067634,1,Moderate,0,92357442
-1.3990988560884603,-0.5134311891885793,1,Moderate,0,58545198
-1.903070133775821,-0.21739653904516856,3,Low,0,29066283
0.8044778000678271,1.2323641503696028,2,Critical,0,52109901
-2.221149612470504,2.397800490774979,3,Low,0,58750470
0.7537763056425084,-0.1646330766878118,1,Moderate,0,16663203
-0.6421705544955362,2.3519435452352355,3,Low,0,113788098
2.8061012064945277,-1.6003821468337684,0,High,0,43846578
-1.2470365296932664,0.1272052488259653,3,Low,0,23284962
-0.6484069981220308,-0.669582032712753,1,Moderate,1,94609269
0.7395737513993028,-0.7312608804052935,0,High,0,134944376
-0.08029645815246504,-0.09732562299953784,1,Moderate,0,108922743
0.8747576262637196,-0.3480434602061622,1,Moderate,0,6908805
2.873174642759536,-0.1982364504154546,0,High,0,25429392
0.2313955179122178,0.4302071234943908,0,High,0,24852501
-1.3461806044536475,-1.2558141205063422,1,Moderate,0,23677551
-0.12476799713210712,0.06806388989361509,1,Moderate,1,24336288
-3.3766550443792527,-0.13451114739108164,3,Low,0,41133231
-1.4409155019366924,-0.654349832350035,1,Moderate,0,89375175
-1.4331526574758746,0.846469331819498,3,Low,0,42895152
3.056911480815374,1.4488623418077238,0,High,0,85593951
-0.6351714868840036,-0.6445999721064934,1,Moderate,0,27762435
0.05561508004313102,0.39564715058787187,2,Critical,0,14611716
0.03465128049736108,0.6453027175305087,3,Low,0,85500666
-0.07502605349182062,0.10479980498406123,1,Moderate,0,33448680
0.45606244509826704,1.6755925252996686,2,Critical,1,85551867
-0.666378183535483,0.8087744450053282,2,Critical,0,40941846
0.1389463763088464,0.4674255976986362,1,Moderate,0,44248509
2.9392839574325333,0.9425291118207777,0,High,0,28635732
-0.5527535519269513,-0.26089682652207175,1,Moderate,1,1248705
-1.2232356315877466,0.9664415824524724,3,Low,0,56880000
-0.9045984829500109,0.7022319993871274,3,Low,0,328095
-1.6529581792769596,-1.067778826453462,3,Low,0,18458415
-0.2384771358242619,-0.5379055976614683,1,Moderate,0,59946615
-0.23694921278656872,-0.772511616733882,1,Moderate,0,20721150
1.9606463756219739,-0.6861244811719897,0,High,0,60408216
-1.1567380082798706,-0.5084370811682077,1,Moderate,0,23644422
-1.3061088315081975,-1.591598606788103,1,Moderate,0,66910293
0.21457451434254543,0.6891217886585087,1,Moderate,0,4622157
2.182134835958338,-0.875715407612691,0,High,0,30419703
-1.7325069165657583,-0.4270398831336142,3,Low,0,40969134
2.813539098659681,-1.0511815949769896,0,High,0,42294267
0.5126066451498333,-0.5670887739088203,1,Moderate,0,3195720
-0.4677662958078592,-2.472832967747767,1,Moderate,0,217638
-0.8576342261220831,-1.1032500283561946,1,Moderate,0,23374206
0.04576805233192444,0.13246736510638144,2,Critical,0,41744394
-0.9830906623853626,-0.34233360384773587,1,Moderate,0,23355666
0.9473772542304001,-0.6128620467048806,1,Moderate,1,39301074
-0.17527809417665405,-0.008109611519164905,3,Low,0,1035297
-0.4299379062060068,-0.19986800179378553,1,Moderate,0,18602964
0.6757360567191975,-0.7203882709656377,1,Moderate,0,77620653
-0.25093044332559084,2.157458688817381,3,Low,0,112488156
-0.3877391733193795,-0.9049465952524883,1,Moderate,0,66743613
0.0909739237530984,-0.1792799232153113,1,Moderate,0,73414899
-0.640248353363524,0.6132407262183581,1,Moderate,0,6656679
2.002303462283169,-0.0355925321917121,0,High,0,45411543
-1.015085318629971,-1.3700969070947495,1,Moderate,0,39028779
0.10098309497894026,-0.7516571957959363,1,Moderate,0,91209096
0.7920845129836331,1.1805585246426322,0,High,0,51661548
3.4220827039029547,-0.07261564852600606,0,High,0,115167321
1.2092170992605942,1.3391283755736878,0,High,0,41300856
0.6050274395584324,-0.44502629627935736,0,High,0,20364183
-1.9119513495292473,2.092702455186631,3,Low,0,91236222
-1.0702216633462212,-1.2356291590815467,1,Moderate,0,39712401
-0.5243721575090923,-1.0918517667787409,1,Moderate,1,38649978
0.848302458084652,-1.195865506627582,0,High,0,44286822
0.46574585037520094,-0.9543152407789237,1,Moderate,0,5252634
0.6274473848795131,0.42078193767720107,0,High,0,10313361
1.7845299371708723,0.47739096080474924,0,High,0,81644544
-0.4495153954259548,-0.34725773367668394,1,Moderate,1,91524915
-0.8691492053984973,-1.22958262754667,1,Moderate,0,101985687
-1.9040778626173505,1.2004495969082092,3,Low,0,97640325
0.2837863697257271,0.08508771703651645,0,High,0,40993488
2.7623601357118273,0.8144839711322346,0,High,0,89510292
-0.44820914595279804,-0.9024948783534839,1,Moderate,0,34264584
-1.114401087136295,0.26064591746912974,3,Low,0,58148586
-0.8455781152300289,1.2668063869086306,3,Low,0,71192682
-0.47632134792821146,-0.0721451845783238,1,Moderate,0,40668975
-1.0128516459245294,0.6811200480818816,2,Critical,1,45339687
-0.6410723233929315,1.8111335624534797,3,Low,0,99396279
1.72562511450865,-1.1523932739283584,0,High,0,95049018
2.2710918959964577,0.6796880856363914,0,High,0,66450114
-1.4304710282016395,0.3976256399881143,3,Low,0,80515323
0.677589826332818,-0.11402056298913799,1,Moderate,0,54448740
-1.500724142449586,-0.5914680526684112,1,Moderate,0,25708716
3.937381034772413,0.030948585736799556,0,High,1,40724766
-0.09750635704513852,0.4248325720898322,1,Moderate,0,85401684
-2.2218367985458056,0.5723170095890756,3,Low,0,100591794
0.7452466668547629,-0.11010214896046888,0,High,0,91479780
0.3260350709483364,-1.6229136798628454,1,Moderate,0,54495657
0.29756126469074967,2.810322826139763,2,Critical,1,91945008
-1.7118411638483273,-0.7882375248621142,1,Moderate,0,40475232
0.9246104669590809,2.3966031705456503,2,Critical,0,96982488
0.8425748821762205,-0.19619965253113741,1,Moderate,0,100213272
-0.057105194505145895,-0.10661039155135965,1,Moderate,1,211689
-0.08185445865815512,-0.5392781065875832,1,Moderate,0,1101294
-2.6429250694039808,-0.19571659896519264,3,Low,0,45682974
-1.38009682420057,-0.3593852993952263,3,Low,0,17510850
2.0024438612990294,-0.8599244410599731,0,High,0,86411430
-1.9540146727930001,-1.1849423696602195,1,Moderate,0,34022583
-2.453129567426913,1.0768935150388066,3,Low,0,43799391
1.2484054741949657,-0.7579697917995853,1,Moderate,1,50829453
2.4031477688472926,-0.8876035779692444,0,High,1,65298636
-0.9393440380677884,-2.40314922631791,1,Moderate,0,31304088
1.1895271666461096,-0.16165888469862028,0,High,0,103471191
0.19046400359434346,2.4917350712533026,2,Critical,0,3644469
1.9098636026245601,-1.6680844909728452,0,High,0,719694
-2.590295824043722,0.6465108270308317,3,Low,0,35148384
0.10152492287216358,-0.787151710615254,1,Moderate,0,42790617
1.8008548917353446,-1.438862685407477,0,High,1,25064397
-0.8723965010992404,0.23560422640927514,3,Low,0,42686865
-0.0016724691073564603,0.37796414845016635,1,Moderate,0,48394971
-1.9419681205026054,-0.3604863780712407,3,Low,0,8890146
2.278647731090939,-0.7865208049388809,0,High,0,24511743
0.9916265122339719,-0.11585902937932965,0,High,0,23791275
0.00321386332689777,-0.020628240719276717,1,Moderate,0,41664015
-0.16217269539483667,0.9129563738811599,3,Low,0,105649902
-1.5331619260607054,0.6141376063347871,3,Low,0,105591213
0.9526292486694449,0.8831012377663754,0,High,0,33035688
-0.19758449106487813,-0.9218308482340839,1,Moderate,0,39132819
-2.58922713308833,1.021567517920296,3,Low,0,15417495
-0.5692854466095919,0.4991131187043206,3,Low,0,3356505
-1.681152389071323,-2.1058668525125497,1,Moderate,0,18545058
-1.9048918125788588,1.1746619054685679,3,Low,0,65578896
-1.3854800407048586,2.057314097547832,3,Low,0,40786713
-1.0833504127741571,-0.4972386474553217,3,Low,0,6803154
1.8754481688361484,0.8548049003831409,0,High,0,23545980
0.7184547478452605,-0.5793279837803093,1,Moderate,0,42406479
-1.8842322886584812,0.6705625812275021,3,Low,0,154872
2.5597291436109386,0.174893588238169,0,High,0,94470939
0.7205305894607121,-0.9034406644184076,1,Moderate,1,40890861
-0.7819308593146987,-0.338589536348832,3,Low,1,19276767
1.7172734322960157,0.5896389566198359,0,High,0,702801
-0.5772499899480724,1.6771521203477133,2,Critical,0,23541498
-1.3965023590666517,-0.1112655566180521,1,Moderate,0,108001134
-1.503289693595024,0.3920298202448676,3,Low,0,51680052
0.41118161471306636,-0.8739833641208925,1,Moderate,0,180356072
-0.3379815822878887,-0.7352561182626878,1,Moderate,0,56115009
1.5208824835176196,0.018806297537933243,0,High,0,58161186
-2.1062338730613095,0.045849693623438686,3,Low,0,30497688
1.6416388915211169,0.9932536873711018,2,Critical,0,106914321
-1.824961375469321,-0.28477524941990456,3,Low,0,11395485
0.4533914371890408,0.08084541558044625,1,Moderate,0,87165522
0.3393005162898529,0.6891809815917997,2,Critical,0,97311816
2.0523880933080734,-0.658346720009335,0,High,0,55402155
-1.2353507860727488,0.8160206753294208,3,Low,0,3813894
2.3107013568836425,-0.6056372105683374,0,High,0,863154
-1.0494237015004129,-0.45488748039384963,3,Low,0,2342304
-2.668674858050061,1.5878529012468332,3,Low,0,88785891
-0.8162811863920515,2.285883448614746,3,Low,0,32303079
0.8263183272226283,0.7713931035300203,0,High,0,103691484
-1.1689125071949216,0.08442986298538604,3,Low,0,111346839
-0.08548604323464018,-0.6484723662298456,1,Moderate,0,5785254
1.066467382553802,3.0066580780348513,2,Critical,1,65481156
-2.1263177391222223,1.9706466692242606,3,Low,0,74698650
-1.6387981515524648,1.5007646608388931,3,Low,0,24380424
1.426704524195993,1.0306048166982729,0,High,0,45113778
-0.24695539311046688,-0.8939031836562042,1,Moderate,0,122457902
0.010411016315478982,-0.9810403133333985,1,Moderate,0,141423152
1.7247908344137008,-0.8179539394922346,0,High,0,112388400
2.3564843242892004,-0.38040091659575714,0,High,0,23409027
0.8659125138049154,1.224096221406231,0,High,0,86552235
0.8469757366716535,-1.2415085317886665,1,Moderate,0,44426268
1.7002680784182551,1.4801042880289252,2,Critical,1,41712777
-0.900972211004926,0.3932193060955702,3,Low,0,24238341
-0.36471892828865843,0.5171734293964809,2,Critical,0,88042455
-1.0063581734759364,-1.0783734846236777,1,Moderate,0,41214951
-1.129945979577018,-1.4967196095191364,1,Moderate,0,100178262
-3.002930655266519,0.30370531475102447,3,Low,0,4029930
3.297915384833363,0.3061837560168997,0,High,0,84377043
-0.2528205797750032,0.6758050885667718,3,Low,0,111106188
-0.8519364940142112,-0.5611913877882057,3,Low,0,42070689
-0.8548156692983888,-0.10934364182601902,1,Moderate,0,35219916
1.273338237259572,-0.671312605923025,0,High,0,41127624
-0.5546099901083413,-1.2012341568492344,1,Moderate,0,978714
-0.3245343880329691,1.76034104709076,3,Low,0,114256440
0.39951498120046874,-1.1949896222690302,1,Moderate,0,106217271
1.3511435200041815,2.0970065893003005,2,Critical,0,15194259
-0.7913550996427352,-1.0439677287195284,1,Moderate,0,134340989
0.5067546423838979,0.0087686477430166,1,Moderate,0,113000418
-0.5063009094638097,-1.465131581561933,1,Moderate,0,24521679
1.5814057497015492,0.3761928066000694,0,High,0,181812038
-1.2992911370882163,-1.2372709511902817,1,Moderate,0,24239133
0.3867572667195476,-0.6838637118903633,1,Moderate,0,10610856
0.6705424785638837,-0.027099753746197008,0,High,0,25407126
0.6418678869349681,1.1164195421007763,0,High,0,33857055
0.8486170149906888,0.9214395237911498,2,Critical,0,1215531
0.47929617605048996,3.404446724610157,2,Critical,0,85202748
1.3206094807428501,-1.6072109830356456,0,High,1,115011801
0.6914262710820677,5.234610273581793,2,Critical,1,23398488
1.2443862520879894,-1.2084077401471105,0,High,0,125248568
-0.16805708522589122,-1.718654209552179,1,Moderate,0,88519140
-0.4062175676712953,2.3104081224391697,2,Critical,0,23541498
-0.2622109888233404,0.30121045655928763,1,Moderate,0,86949810
0.39883707066043605,0.28036509226673123,1,Moderate,1,40974786
-1.9197138400901645,-1.0637122828297356,1,Moderate,0,5447061
1.8646106790516275,-0.31531068652206196,0,High,0,84305340
-1.7727731592220222,-1.1104419261834222,1,Moderate,0,1319670
-0.10047544110663706,0.5787863227693504,2,Critical,1,41009535
-2.5748503346943052,0.27415484827494646,3,Low,0,18078156
0.050874839185259424,-0.9469457196225379,1,Moderate,0,35829351
0.6798891719219231,-0.48963575898690365,1,Moderate,0,27206973
2.456346070482005,0.5176273962836762,0,High,0,42091641
-1.6392222358095976,2.4828960056113747,3,Low,0,384408
-1.684674121667381,-0.9596072698550271,1,Moderate,0,28523097
0.054193388233566016,-0.8061400158768163,1,Moderate,1,19105893
-2.432233211635368,0.6403061197903439,3,Low,0,66093714
0.5093078736860831,-1.305660049828958,1,Moderate,0,62960841
2.64842765576565,0.7176180274969647,0,High,1,47115909
-1.0365174116883962,-0.18758980286294377,1,Moderate,0,62679114
-1.3210351245130336,-1.4854678995765824,1,Moderate,0,48174093
-1.579607364747438,0.6638321712808524,3,Low,0,104285763
0.3853623090840808,-0.018963053513355883,1,Moderate,0,40497480
0.8431676192718501,1.21518961218994,2,Critical,0,86241276
-0.5340640217385536,-0.47992753497626867,1,Moderate,0,113007978
0.49822685364754243,-1.321993024413138,1,Moderate,0,55386522
1.9140774328619792,-0.3270539559359553,0,High,0,48313530
2.5603116439064304,-0.7838177952155247,0,High,0,17823546
-0.6721715229130011,-1.3544723123376758,1,Moderate,0,5361111
-1.5778050191500175,0.40479692473857604,3,Low,1,40660848
-0.7261543562532256,-1.089911766535169,1,Moderate,0,85124079
2.017079086384748,-0.9580243978649766,0,High,0,58333167
1.2730965374047656,-0.7430473247154408,0,High,0,95855958
-0.7820480567098572,1.0307192620562378,3,Low,1,87950655
-2.0989631396864747,1.715178001375468,3,Low,0,110370393
1.8718308677944482,0.35090265796213305,2,Critical,0,85855320
2.674866668319379,-0.9176600704862337,0,High,0,96198543
-0.8461478018616279,-0.646915796797175,1,Moderate,1,91381482
-0.5708952629088315,-1.1271388963919924,1,Moderate,0,6147549
-0.682239995506472,-0.3611990850336161,1,Moderate,1,1736946
3.605361896997708,0.7047116981121277,0,High,0,59667417
-1.0269946186652443,-0.1430931330241317,3,Low,0,5404896
-1.7230013654788068,-1.524396498637998,1,Moderate,0,22709610
